main-app.js?v=1740569495097:1836 Download the React DevTools for a better development experience: https://reactjs.org/link/react-devtools
supabase.ts:81 🔄 Creando nueva instancia del cliente Supabase {storageKey: 'sb-padel-auth-token', timestamp: '2025-02-26T11:31:35.961Z'}
availability.service.ts:16 Multiple GoTrueClient instances detected in the same browser context. It is not an error, but this should be avoided as it may produce undefined behavior when used concurrently under the same storage key.
GoTrueClient @ GoTrueClient.js:74
SupabaseAuthClient @ SupabaseAuthClient.js:9
_initSupabaseAuthClient @ SupabaseClient.js:202
SupabaseClient @ SupabaseClient.js:73
createClient @ index.js:55
eval @ availability.service.ts:16
(app-pages-browser)/./src/services/availability.service.ts @ page.js:2058
options.factory @ webpack.js?v=1740569495097:715
__webpack_require__ @ webpack.js?v=1740569495097:37
fn @ webpack.js?v=1740569495097:371
eval @ useAvailability.ts:7
(app-pages-browser)/./src/hooks/useAvailability.ts @ page.js:1904
options.factory @ webpack.js?v=1740569495097:715
__webpack_require__ @ webpack.js?v=1740569495097:37
fn @ webpack.js?v=1740569495097:371
eval @ ShiftsPreview.tsx:32
(app-pages-browser)/./src/components/preview/steps/ShiftsPreview.tsx @ page.js:1376
options.factory @ webpack.js?v=1740569495097:715
__webpack_require__ @ webpack.js?v=1740569495097:37
fn @ webpack.js?v=1740569495097:371
eval @ index.ts:16
(app-pages-browser)/./src/components/preview/steps/index.ts @ page.js:1398
options.factory @ webpack.js?v=1740569495097:715
__webpack_require__ @ webpack.js?v=1740569495097:37
fn @ webpack.js?v=1740569495097:371
eval @ preview-to-public.ts:8
(app-pages-browser)/./src/lib/mappers/preview-to-public.ts @ page.js:1970
options.factory @ webpack.js?v=1740569495097:715
__webpack_require__ @ webpack.js?v=1740569495097:37
fn @ webpack.js?v=1740569495097:371
eval @ PublicFormContent.tsx:10
(app-pages-browser)/./src/components/public-form/PublicFormContent.tsx @ page.js:1673
options.factory @ webpack.js?v=1740569495097:715
__webpack_require__ @ webpack.js?v=1740569495097:37
fn @ webpack.js?v=1740569495097:371
eval @ page.tsx:10
(app-pages-browser)/./src/app/f/[slug]/page.tsx @ page.js:1200
options.factory @ webpack.js?v=1740569495097:715
__webpack_require__ @ webpack.js?v=1740569495097:37
fn @ webpack.js?v=1740569495097:371
Promise.then
eval @ next-flight-client-entry-loader.js?modules=%7B%22request%22%3A%22C%3A%5C%5CUsers%5C%5Curiel06%5C%5CDocuments%5C%5CGitHub%5C%5CPadel-02-09-25%5C%5Csrc%5C%5Capp%5C%5Cf%5C%5C%5Bslug%5D%5C%5Cpage.tsx%22%2C%22ids%22%3A%5B%5D%7D&server=false!:1
(app-pages-browser)/./node_modules/next/dist/build/webpack/loaders/next-flight-client-entry-loader.js?modules=%7B%22request%22%3A%22C%3A%5C%5CUsers%5C%5Curiel06%5C%5CDocuments%5C%5CGitHub%5C%5CPadel-02-09-25%5C%5Csrc%5C%5Capp%5C%5Cf%5C%5C%5Bslug%5D%5C%5Cpage.tsx%22%2C%22ids%22%3A%5B%5D%7D&server=false! @ page.js:17
options.factory @ webpack.js?v=1740569495097:715
__webpack_require__ @ webpack.js?v=1740569495097:37
__webpack_exec__ @ page.js:5914
(anonymous) @ page.js:5915
__webpack_require__.O @ webpack.js?v=1740569495097:86
(anonymous) @ page.js:5916
webpackJsonpCallback @ webpack.js?v=1740569495097:1387
(anonymous) @ page.js:9
publish-service.ts:12 [FormPublishService] 🔍 Buscando formulario: {slug: 'formulario-03'}
Chrome is moving towards a new experience that allows users to choose to browse without third-party cookies.
Chrome is moving towards a new experience that allows users to choose to browse without third-party cookies.
Chrome is moving towards a new experience that allows users to choose to browse without third-party cookies.
Chrome is moving towards a new experience that allows users to choose to browse without third-party cookies.
Chrome is moving towards a new experience that allows users to choose to browse without third-party cookies.
Chrome is moving towards a new experience that allows users to choose to browse without third-party cookies.
Chrome is moving towards a new experience that allows users to choose to browse without third-party cookies.
Chrome is moving towards a new experience that allows users to choose to browse without third-party cookies.
publish-service.ts:12 [FormPublishService] 🔍 Buscando formulario: {slug: 'formulario-03'}
supabase.ts:91 🔄 Cambio en estado de autenticación: {event: 'SIGNED_IN', timestamp: '2025-02-26T11:31:36.461Z', storageKey: 'sb-padel-auth-token'}
AuthContext.tsx:279 Sesión iniciada
AuthContext.tsx:279 Sesión iniciada
supabase.ts:91 🔄 Cambio en estado de autenticación: {event: 'INITIAL_SESSION', timestamp: '2025-02-26T11:31:36.668Z', storageKey: 'sb-padel-auth-token'}
OrganizationContext.tsx:72 💾 Empresa ID guardado en caché: 99f78081-24fa-4892-aae2-823816e7d132
publish-service.ts:12 [FormPublishService] ✅ Link encontrado: {id: 'dc1cceb5-47f0-4cf4-8640-fdfaf683f636', type: 'bookings', empresa_id: '99f78081-24fa-4892-aae2-823816e7d132', created_at: '2025-02-11T00:56:01.36705+00:00'}
publish-service.ts:12 [FormPublishService] 📋 Campos del formulario: {count: 4}
publish-service.ts:12 [FormPublishService] ✅ Validación de campos exitosa: {count: 4}
publish-service.ts:12 [FormPublishService] ✅ Formulario procesado: {id: 'dc1cceb5-47f0-4cf4-8640-fdfaf683f636', slug: 'formulario-03', fieldsCount: 4}
page.tsx:29 Formulario cargado: {id: 'dc1cceb5-47f0-4cf4-8640-fdfaf683f636', empresa_id: '99f78081-24fa-4892-aae2-823816e7d132', slug: 'formulario-03', title: 'Formulario sin título', description: '', …}
publish-service.ts:12 [FormPublishService] ✅ Link encontrado: {id: 'dc1cceb5-47f0-4cf4-8640-fdfaf683f636', type: 'bookings', empresa_id: '99f78081-24fa-4892-aae2-823816e7d132', created_at: '2025-02-11T00:56:01.36705+00:00'}
publish-service.ts:12 [FormPublishService] 📋 Campos del formulario: {count: 4}
publish-service.ts:12 [FormPublishService] ✅ Validación de campos exitosa: {count: 4}
publish-service.ts:12 [FormPublishService] ✅ Formulario procesado: {id: 'dc1cceb5-47f0-4cf4-8640-fdfaf683f636', slug: 'formulario-03', fieldsCount: 4}
page.tsx:29 Formulario cargado: {id: 'dc1cceb5-47f0-4cf4-8640-fdfaf683f636', empresa_id: '99f78081-24fa-4892-aae2-823816e7d132', slug: 'formulario-03', title: 'Formulario sin título', description: '', …}
 [FormPublishService] 📊 Vistas incrementadas para: {slug: 'formulario-03'}
 [StepType] Normalizando tipo: {original: 'date', systemType: 'location', hasMapping: true}
 [StepType] Normalizando tipo: {original: 'date', systemType: 'location', hasMapping: true}
 [FieldSorter] Campos originales: (4) ['date', 'court', 'players', 'summary']
 [StepType] Normalizando tipo: {original: 'date', systemType: 'location', hasMapping: true}
 [StepType] Normalizando tipo: {original: 'court', systemType: 'shifts', hasMapping: true}
 [StepType] Normalizando tipo: {original: 'players', systemType: 'items', hasMapping: true}
 [StepType] Normalizando tipo: {original: 'summary', systemType: 'summary', hasMapping: true}
 [FieldSorter] Agregando paso farewell
 [TypeMapper] Mapeando tipo: date -> location
 [StepType] Normalizando tipo: {original: 'date', systemType: 'location', hasMapping: true}
 [OrderMapper] Orden para date -> location: 1
 [FieldSorter] Mapeando campo: date -> location (orden: 1)
 [TypeMapper] Mapeando tipo: court -> shifts
 [StepType] Normalizando tipo: {original: 'court', systemType: 'shifts', hasMapping: true}
 [OrderMapper] Orden para court -> shifts: 2
 [FieldSorter] Mapeando campo: court -> shifts (orden: 2)
 [TypeMapper] Mapeando tipo: players -> items
 [StepType] Normalizando tipo: {original: 'players', systemType: 'items', hasMapping: true}
 [OrderMapper] Orden para players -> items: 3
 [FieldSorter] Mapeando campo: players -> items (orden: 3)
 [TypeMapper] Mapeando tipo: summary -> summary
 [StepType] Normalizando tipo: {original: 'summary', systemType: 'summary', hasMapping: true}
 [OrderMapper] Orden para summary -> summary: 4
 [FieldSorter] Mapeando campo: summary -> summary (orden: 4)
 [TypeMapper] Mapeando tipo: farewell -> farewell
 [StepType] Normalizando tipo: {original: 'farewell', systemType: 'farewell', hasMapping: true}
 [OrderMapper] Orden para farewell -> farewell: 5
 [FieldSorter] Mapeando campo: farewell -> farewell (orden: 5)
 [StepType] Normalizando tipo: {original: 'shifts', systemType: 'shifts', hasMapping: false}
 [OrderMapper] Orden para shifts -> shifts: 2
 [StepType] Normalizando tipo: {original: 'location', systemType: 'location', hasMapping: false}
 [OrderMapper] Orden para location -> location: 1
 [FieldSorter] Comparando: shifts(2) vs location(1)
 [StepType] Normalizando tipo: {original: 'items', systemType: 'items', hasMapping: false}
 [OrderMapper] Orden para items -> items: 3
 [StepType] Normalizando tipo: {original: 'shifts', systemType: 'shifts', hasMapping: false}
 [OrderMapper] Orden para shifts -> shifts: 2
 [FieldSorter] Comparando: items(3) vs shifts(2)
 [StepType] Normalizando tipo: {original: 'summary', systemType: 'summary', hasMapping: true}
 [OrderMapper] Orden para summary -> summary: 4
 [StepType] Normalizando tipo: {original: 'items', systemType: 'items', hasMapping: false}
 [OrderMapper] Orden para items -> items: 3
 [FieldSorter] Comparando: summary(4) vs items(3)
 [StepType] Normalizando tipo: {original: 'farewell', systemType: 'farewell', hasMapping: true}
 [OrderMapper] Orden para farewell -> farewell: 5
 [StepType] Normalizando tipo: {original: 'summary', systemType: 'summary', hasMapping: true}
 [OrderMapper] Orden para summary -> summary: 4
 [FieldSorter] Comparando: farewell(5) vs summary(4)
 [StepType] Normalizando tipo: {original: 'location', systemType: 'location', hasMapping: false}
 [OrderMapper] Orden para location -> location: 1
 [StepType] Normalizando tipo: {original: 'shifts', systemType: 'shifts', hasMapping: false}
 [OrderMapper] Orden para shifts -> shifts: 2
 [StepType] Normalizando tipo: {original: 'items', systemType: 'items', hasMapping: false}
 [OrderMapper] Orden para items -> items: 3
 [StepType] Normalizando tipo: {original: 'summary', systemType: 'summary', hasMapping: true}
 [OrderMapper] Orden para summary -> summary: 4
 [StepType] Normalizando tipo: {original: 'farewell', systemType: 'farewell', hasMapping: true}
 [OrderMapper] Orden para farewell -> farewell: 5
 [FieldSorter] Campos ordenados: (5) [{…}, {…}, {…}, {…}, {…}]
 [FieldSorter] Campos originales: (4) ['date', 'court', 'players', 'summary']
 [StepType] Normalizando tipo: {original: 'date', systemType: 'location', hasMapping: true}
 [StepType] Normalizando tipo: {original: 'court', systemType: 'shifts', hasMapping: true}
preview-to-public.ts:205 [StepType] Normalizando tipo: {original: 'players', systemType: 'items', hasMapping: true}
preview-to-public.ts:205 [StepType] Normalizando tipo: {original: 'summary', systemType: 'summary', hasMapping: true}
preview-to-public.ts:328 [FieldSorter] Agregando paso farewell
preview-to-public.ts:297 [TypeMapper] Mapeando tipo: date -> location
preview-to-public.ts:205 [StepType] Normalizando tipo: {original: 'date', systemType: 'location', hasMapping: true}
preview-to-public.ts:312 [OrderMapper] Orden para date -> location: 1
preview-to-public.ts:355 [FieldSorter] Mapeando campo: date -> location (orden: 1)
preview-to-public.ts:297 [TypeMapper] Mapeando tipo: court -> shifts
preview-to-public.ts:205 [StepType] Normalizando tipo: {original: 'court', systemType: 'shifts', hasMapping: true}
preview-to-public.ts:312 [OrderMapper] Orden para court -> shifts: 2
preview-to-public.ts:355 [FieldSorter] Mapeando campo: court -> shifts (orden: 2)
preview-to-public.ts:297 [TypeMapper] Mapeando tipo: players -> items
preview-to-public.ts:205 [StepType] Normalizando tipo: {original: 'players', systemType: 'items', hasMapping: true}
preview-to-public.ts:312 [OrderMapper] Orden para players -> items: 3
preview-to-public.ts:355 [FieldSorter] Mapeando campo: players -> items (orden: 3)
preview-to-public.ts:297 [TypeMapper] Mapeando tipo: summary -> summary
preview-to-public.ts:205 [StepType] Normalizando tipo: {original: 'summary', systemType: 'summary', hasMapping: true}
preview-to-public.ts:312 [OrderMapper] Orden para summary -> summary: 4
preview-to-public.ts:355 [FieldSorter] Mapeando campo: summary -> summary (orden: 4)
preview-to-public.ts:297 [TypeMapper] Mapeando tipo: farewell -> farewell
preview-to-public.ts:205 [StepType] Normalizando tipo: {original: 'farewell', systemType: 'farewell', hasMapping: true}
preview-to-public.ts:312 [OrderMapper] Orden para farewell -> farewell: 5
preview-to-public.ts:355 [FieldSorter] Mapeando campo: farewell -> farewell (orden: 5)
preview-to-public.ts:205 [StepType] Normalizando tipo: {original: 'shifts', systemType: 'shifts', hasMapping: false}
preview-to-public.ts:312 [OrderMapper] Orden para shifts -> shifts: 2
preview-to-public.ts:205 [StepType] Normalizando tipo: {original: 'location', systemType: 'location', hasMapping: false}
preview-to-public.ts:312 [OrderMapper] Orden para location -> location: 1
preview-to-public.ts:365 [FieldSorter] Comparando: shifts(2) vs location(1)
preview-to-public.ts:205 [StepType] Normalizando tipo: {original: 'items', systemType: 'items', hasMapping: false}
preview-to-public.ts:312 [OrderMapper] Orden para items -> items: 3
preview-to-public.ts:205 [StepType] Normalizando tipo: {original: 'shifts', systemType: 'shifts', hasMapping: false}
preview-to-public.ts:312 [OrderMapper] Orden para shifts -> shifts: 2
preview-to-public.ts:365 [FieldSorter] Comparando: items(3) vs shifts(2)
preview-to-public.ts:205 [StepType] Normalizando tipo: {original: 'summary', systemType: 'summary', hasMapping: true}
preview-to-public.ts:312 [OrderMapper] Orden para summary -> summary: 4
preview-to-public.ts:205 [StepType] Normalizando tipo: {original: 'items', systemType: 'items', hasMapping: false}
preview-to-public.ts:312 [OrderMapper] Orden para items -> items: 3
preview-to-public.ts:365 [FieldSorter] Comparando: summary(4) vs items(3)
preview-to-public.ts:205 [StepType] Normalizando tipo: {original: 'farewell', systemType: 'farewell', hasMapping: true}
preview-to-public.ts:312 [OrderMapper] Orden para farewell -> farewell: 5
preview-to-public.ts:205 [StepType] Normalizando tipo: {original: 'summary', systemType: 'summary', hasMapping: true}
preview-to-public.ts:312 [OrderMapper] Orden para summary -> summary: 4
preview-to-public.ts:365 [FieldSorter] Comparando: farewell(5) vs summary(4)
preview-to-public.ts:205 [StepType] Normalizando tipo: {original: 'location', systemType: 'location', hasMapping: false}
preview-to-public.ts:312 [OrderMapper] Orden para location -> location: 1
preview-to-public.ts:205 [StepType] Normalizando tipo: {original: 'shifts', systemType: 'shifts', hasMapping: false}
preview-to-public.ts:312 [OrderMapper] Orden para shifts -> shifts: 2
preview-to-public.ts:205 [StepType] Normalizando tipo: {original: 'items', systemType: 'items', hasMapping: false}
preview-to-public.ts:312 [OrderMapper] Orden para items -> items: 3
preview-to-public.ts:205 [StepType] Normalizando tipo: {original: 'summary', systemType: 'summary', hasMapping: true}
preview-to-public.ts:312 [OrderMapper] Orden para summary -> summary: 4
preview-to-public.ts:205 [StepType] Normalizando tipo: {original: 'farewell', systemType: 'farewell', hasMapping: true}
preview-to-public.ts:312 [OrderMapper] Orden para farewell -> farewell: 5
preview-to-public.ts:370 [FieldSorter] Campos ordenados: (5) [{…}, {…}, {…}, {…}, {…}]
PublicFormLayout.tsx:42 [PublicFormLayout] Renderizando con: {currentStep: 0, fieldType: 'date', slug: 'formulario-03', isNextDisabled: false, showNextButton: true, …}
PublicFormLayout.tsx:42 [PublicFormLayout] Renderizando con: {currentStep: 0, fieldType: 'date', slug: 'formulario-03', isNextDisabled: false, showNextButton: true, …}
preview-to-public.ts:205 [StepType] Normalizando tipo: {original: 'location', systemType: 'location', hasMapping: false}
preview-to-public.ts:261 [ComponentMapper] Mapeando componente: {originalType: 'location', systemType: 'location', availableTypes: Array(6)}
preview-to-public.ts:274 [ComponentMapper] Componente encontrado: {originalType: 'location', systemType: 'location', component: 'LocationPreview'}
preview-to-public.ts:205 [StepType] Normalizando tipo: {original: 'location', systemType: 'location', hasMapping: false}
preview-to-public.ts:261 [ComponentMapper] Mapeando componente: {originalType: 'location', systemType: 'location', availableTypes: Array(6)}
preview-to-public.ts:274 [ComponentMapper] Componente encontrado: {originalType: 'location', systemType: 'location', component: 'LocationPreview'}
LocationPreview.tsx:97 [LocationPreview] Estado inicial: {empresaId: null, settings: {…}, isLoadingConfig: true, configError: undefined, selectedLocation: null, …}
use-location-branches.ts:15 🔍 useLocationBranches iniciado con: {empresaId: null, hasSettings: true}
LocationPreview.tsx:97 [LocationPreview] Estado inicial: {empresaId: null, settings: {…}, isLoadingConfig: true, configError: undefined, selectedLocation: null, …}
use-location-branches.ts:15 🔍 useLocationBranches iniciado con: {empresaId: null, hasSettings: true}
use-location-branches.ts:75 ℹ️ No hay sucursales o hay error: {branchesLength: 0, error: undefined, empresaId: null}
LocationPreview.tsx:113 [LocationPreview] Sincronizando estado: {contextBranchId: null, selectedLocation: null}
preview-to-public.ts:323 [FieldSorter] Campos originales: (4) ['date', 'court', 'players', 'summary']
 [StepType] Normalizando tipo: {original: 'date', systemType: 'location', hasMapping: true}
 [StepType] Normalizando tipo: {original: 'court', systemType: 'shifts', hasMapping: true}
 [StepType] Normalizando tipo: {original: 'players', systemType: 'items', hasMapping: true}
 [StepType] Normalizando tipo: {original: 'summary', systemType: 'summary', hasMapping: true}
 [FieldSorter] Agregando paso farewell
 [TypeMapper] Mapeando tipo: date -> location
 [StepType] Normalizando tipo: {original: 'date', systemType: 'location', hasMapping: true}
 [OrderMapper] Orden para date -> location: 1
 [FieldSorter] Mapeando campo: date -> location (orden: 1)
 [TypeMapper] Mapeando tipo: court -> shifts
 [StepType] Normalizando tipo: {original: 'court', systemType: 'shifts', hasMapping: true}
 [OrderMapper] Orden para court -> shifts: 2
 [FieldSorter] Mapeando campo: court -> shifts (orden: 2)
 [TypeMapper] Mapeando tipo: players -> items
 [StepType] Normalizando tipo: {original: 'players', systemType: 'items', hasMapping: true}
 [OrderMapper] Orden para players -> items: 3
 [FieldSorter] Mapeando campo: players -> items (orden: 3)
 [TypeMapper] Mapeando tipo: summary -> summary
 [StepType] Normalizando tipo: {original: 'summary', systemType: 'summary', hasMapping: true}
 [OrderMapper] Orden para summary -> summary: 4
 [FieldSorter] Mapeando campo: summary -> summary (orden: 4)
 [TypeMapper] Mapeando tipo: farewell -> farewell
 [StepType] Normalizando tipo: {original: 'farewell', systemType: 'farewell', hasMapping: true}
 [OrderMapper] Orden para farewell -> farewell: 5
 [FieldSorter] Mapeando campo: farewell -> farewell (orden: 5)
 [StepType] Normalizando tipo: {original: 'shifts', systemType: 'shifts', hasMapping: false}
 [OrderMapper] Orden para shifts -> shifts: 2
 [StepType] Normalizando tipo: {original: 'location', systemType: 'location', hasMapping: false}
 [OrderMapper] Orden para location -> location: 1
 [FieldSorter] Comparando: shifts(2) vs location(1)
 [StepType] Normalizando tipo: {original: 'items', systemType: 'items', hasMapping: false}
 [OrderMapper] Orden para items -> items: 3
 [StepType] Normalizando tipo: {original: 'shifts', systemType: 'shifts', hasMapping: false}
 [OrderMapper] Orden para shifts -> shifts: 2
 [FieldSorter] Comparando: items(3) vs shifts(2)
 [StepType] Normalizando tipo: {original: 'summary', systemType: 'summary', hasMapping: true}
 [OrderMapper] Orden para summary -> summary: 4
 [StepType] Normalizando tipo: {original: 'items', systemType: 'items', hasMapping: false}
 [OrderMapper] Orden para items -> items: 3
 [FieldSorter] Comparando: summary(4) vs items(3)
 [StepType] Normalizando tipo: {original: 'farewell', systemType: 'farewell', hasMapping: true}
 [OrderMapper] Orden para farewell -> farewell: 5
 [StepType] Normalizando tipo: {original: 'summary', systemType: 'summary', hasMapping: true}
 [OrderMapper] Orden para summary -> summary: 4
 [FieldSorter] Comparando: farewell(5) vs summary(4)
 [StepType] Normalizando tipo: {original: 'location', systemType: 'location', hasMapping: false}
 [OrderMapper] Orden para location -> location: 1
 [StepType] Normalizando tipo: {original: 'shifts', systemType: 'shifts', hasMapping: false}
 [OrderMapper] Orden para shifts -> shifts: 2
 [StepType] Normalizando tipo: {original: 'items', systemType: 'items', hasMapping: false}
 [OrderMapper] Orden para items -> items: 3
 [StepType] Normalizando tipo: {original: 'summary', systemType: 'summary', hasMapping: true}
 [OrderMapper] Orden para summary -> summary: 4
 [StepType] Normalizando tipo: {original: 'farewell', systemType: 'farewell', hasMapping: true}
 [OrderMapper] Orden para farewell -> farewell: 5
 [FieldSorter] Campos ordenados: (5) [{…}, {…}, {…}, {…}, {…}]
 [PublicFormContent] Estado actual: {currentStep: 0, totalSteps: 4, currentField: 'date', currentType: 'location', nextField: 'court', …}
 [PublicFormContent] Inicializando formulario: {id: 'dc1cceb5-47f0-4cf4-8640-fdfaf683f636', empresa_id: '99f78081-24fa-4892-aae2-823816e7d132', totalSteps: 4, currentStep: 0, canNavigateNext: true}
 ℹ️ No hay sucursales o hay error: {branchesLength: 0, error: undefined, empresaId: null}
 [LocationPreview] Sincronizando estado: {contextBranchId: null, selectedLocation: null}
 [FieldSorter] Campos originales: (4) ['date', 'court', 'players', 'summary']
 [StepType] Normalizando tipo: {original: 'date', systemType: 'location', hasMapping: true}
 [StepType] Normalizando tipo: {original: 'court', systemType: 'shifts', hasMapping: true}
 [StepType] Normalizando tipo: {original: 'players', systemType: 'items', hasMapping: true}
 [StepType] Normalizando tipo: {original: 'summary', systemType: 'summary', hasMapping: true}
 [FieldSorter] Agregando paso farewell
 [TypeMapper] Mapeando tipo: date -> location
 [StepType] Normalizando tipo: {original: 'date', systemType: 'location', hasMapping: true}
 [OrderMapper] Orden para date -> location: 1
 [FieldSorter] Mapeando campo: date -> location (orden: 1)
 [TypeMapper] Mapeando tipo: court -> shifts
preview-to-public.ts:205 [StepType] Normalizando tipo: {original: 'court', systemType: 'shifts', hasMapping: true}
preview-to-public.ts:312 [OrderMapper] Orden para court -> shifts: 2
preview-to-public.ts:355 [FieldSorter] Mapeando campo: court -> shifts (orden: 2)
preview-to-public.ts:297 [TypeMapper] Mapeando tipo: players -> items
preview-to-public.ts:205 [StepType] Normalizando tipo: {original: 'players', systemType: 'items', hasMapping: true}
preview-to-public.ts:312 [OrderMapper] Orden para players -> items: 3
preview-to-public.ts:355 [FieldSorter] Mapeando campo: players -> items (orden: 3)
preview-to-public.ts:297 [TypeMapper] Mapeando tipo: summary -> summary
preview-to-public.ts:205 [StepType] Normalizando tipo: {original: 'summary', systemType: 'summary', hasMapping: true}
preview-to-public.ts:312 [OrderMapper] Orden para summary -> summary: 4
preview-to-public.ts:355 [FieldSorter] Mapeando campo: summary -> summary (orden: 4)
preview-to-public.ts:297 [TypeMapper] Mapeando tipo: farewell -> farewell
preview-to-public.ts:205 [StepType] Normalizando tipo: {original: 'farewell', systemType: 'farewell', hasMapping: true}
preview-to-public.ts:312 [OrderMapper] Orden para farewell -> farewell: 5
preview-to-public.ts:355 [FieldSorter] Mapeando campo: farewell -> farewell (orden: 5)
preview-to-public.ts:205 [StepType] Normalizando tipo: {original: 'shifts', systemType: 'shifts', hasMapping: false}
preview-to-public.ts:312 [OrderMapper] Orden para shifts -> shifts: 2
preview-to-public.ts:205 [StepType] Normalizando tipo: {original: 'location', systemType: 'location', hasMapping: false}
preview-to-public.ts:312 [OrderMapper] Orden para location -> location: 1
preview-to-public.ts:365 [FieldSorter] Comparando: shifts(2) vs location(1)
preview-to-public.ts:205 [StepType] Normalizando tipo: {original: 'items', systemType: 'items', hasMapping: false}
preview-to-public.ts:312 [OrderMapper] Orden para items -> items: 3
preview-to-public.ts:205 [StepType] Normalizando tipo: {original: 'shifts', systemType: 'shifts', hasMapping: false}
preview-to-public.ts:312 [OrderMapper] Orden para shifts -> shifts: 2
preview-to-public.ts:365 [FieldSorter] Comparando: items(3) vs shifts(2)
preview-to-public.ts:205 [StepType] Normalizando tipo: {original: 'summary', systemType: 'summary', hasMapping: true}
preview-to-public.ts:312 [OrderMapper] Orden para summary -> summary: 4
preview-to-public.ts:205 [StepType] Normalizando tipo: {original: 'items', systemType: 'items', hasMapping: false}
preview-to-public.ts:312 [OrderMapper] Orden para items -> items: 3
preview-to-public.ts:365 [FieldSorter] Comparando: summary(4) vs items(3)
preview-to-public.ts:205 [StepType] Normalizando tipo: {original: 'farewell', systemType: 'farewell', hasMapping: true}
preview-to-public.ts:312 [OrderMapper] Orden para farewell -> farewell: 5
preview-to-public.ts:205 [StepType] Normalizando tipo: {original: 'summary', systemType: 'summary', hasMapping: true}
preview-to-public.ts:312 [OrderMapper] Orden para summary -> summary: 4
preview-to-public.ts:365 [FieldSorter] Comparando: farewell(5) vs summary(4)
preview-to-public.ts:205 [StepType] Normalizando tipo: {original: 'location', systemType: 'location', hasMapping: false}
preview-to-public.ts:312 [OrderMapper] Orden para location -> location: 1
preview-to-public.ts:205 [StepType] Normalizando tipo: {original: 'shifts', systemType: 'shifts', hasMapping: false}
preview-to-public.ts:312 [OrderMapper] Orden para shifts -> shifts: 2
preview-to-public.ts:205 [StepType] Normalizando tipo: {original: 'items', systemType: 'items', hasMapping: false}
preview-to-public.ts:312 [OrderMapper] Orden para items -> items: 3
preview-to-public.ts:205 [StepType] Normalizando tipo: {original: 'summary', systemType: 'summary', hasMapping: true}
preview-to-public.ts:312 [OrderMapper] Orden para summary -> summary: 4
preview-to-public.ts:205 [StepType] Normalizando tipo: {original: 'farewell', systemType: 'farewell', hasMapping: true}
preview-to-public.ts:312 [OrderMapper] Orden para farewell -> farewell: 5
preview-to-public.ts:370 [FieldSorter] Campos ordenados: (5) [{…}, {…}, {…}, {…}, {…}]
PublicFormContent.tsx:45 [PublicFormContent] Estado actual: {currentStep: 0, totalSteps: 4, currentField: 'date', currentType: 'location', nextField: 'court', …}
PublicFormContent.tsx:57 [PublicFormContent] Inicializando formulario: {id: 'dc1cceb5-47f0-4cf4-8640-fdfaf683f636', empresa_id: '99f78081-24fa-4892-aae2-823816e7d132', totalSteps: 4, currentStep: 0, canNavigateNext: true}
preview-to-public.ts:205 [StepType] Normalizando tipo: {original: 'date', systemType: 'location', hasMapping: true}
preview-to-public.ts:205 [StepType] Normalizando tipo: {original: 'date', systemType: 'location', hasMapping: true}
PublicFormLayout.tsx:42 [PublicFormLayout] Renderizando con: {currentStep: 0, fieldType: 'date', slug: 'formulario-03', isNextDisabled: false, showNextButton: true, …}
PublicFormLayout.tsx:42 [PublicFormLayout] Renderizando con: {currentStep: 0, fieldType: 'date', slug: 'formulario-03', isNextDisabled: false, showNextButton: true, …}
preview-to-public.ts:205 [StepType] Normalizando tipo: {original: 'location', systemType: 'location', hasMapping: false}
preview-to-public.ts:261 [ComponentMapper] Mapeando componente: {originalType: 'location', systemType: 'location', availableTypes: Array(6)}
preview-to-public.ts:274 [ComponentMapper] Componente encontrado: {originalType: 'location', systemType: 'location', component: 'LocationPreview'}
preview-to-public.ts:205 [StepType] Normalizando tipo: {original: 'location', systemType: 'location', hasMapping: false}
preview-to-public.ts:261 [ComponentMapper] Mapeando componente: {originalType: 'location', systemType: 'location', availableTypes: Array(6)}
preview-to-public.ts:274 [ComponentMapper] Componente encontrado: {originalType: 'location', systemType: 'location', component: 'LocationPreview'}
LocationPreview.tsx:97 [LocationPreview] Estado inicial: {empresaId: '99f78081-24fa-4892-aae2-823816e7d132', settings: {…}, isLoadingConfig: false, configError: undefined, selectedLocation: null, …}
use-location-branches.ts:15 🔍 useLocationBranches iniciado con: {empresaId: '99f78081-24fa-4892-aae2-823816e7d132', hasSettings: true}
LocationPreview.tsx:97 [LocationPreview] Estado inicial: {empresaId: '99f78081-24fa-4892-aae2-823816e7d132', settings: {…}, isLoadingConfig: false, configError: undefined, selectedLocation: null, …}
use-location-branches.ts:15 🔍 useLocationBranches iniciado con: {empresaId: '99f78081-24fa-4892-aae2-823816e7d132', hasSettings: true}
publish-service.ts:12 [FormPublishService] 📊 Vistas incrementadas para: {slug: 'formulario-03'}
use-location-branches.ts:29 📍 Consultando sedes para empresa: 99f78081-24fa-4892-aae2-823816e7d132
use-location-branches.ts:75 ℹ️ No hay sucursales o hay error: {branchesLength: 0, error: undefined, empresaId: '99f78081-24fa-4892-aae2-823816e7d132'}
LocationPreview.tsx:97 [LocationPreview] Estado inicial: {empresaId: '99f78081-24fa-4892-aae2-823816e7d132', settings: {…}, isLoadingConfig: false, configError: undefined, selectedLocation: null, …}
use-location-branches.ts:15 🔍 useLocationBranches iniciado con: {empresaId: '99f78081-24fa-4892-aae2-823816e7d132', hasSettings: true}
LocationPreview.tsx:97 [LocationPreview] Estado inicial: {empresaId: '99f78081-24fa-4892-aae2-823816e7d132', settings: {…}, isLoadingConfig: false, configError: undefined, selectedLocation: null, …}
use-location-branches.ts:15 🔍 useLocationBranches iniciado con: {empresaId: '99f78081-24fa-4892-aae2-823816e7d132', hasSettings: true}
publish-service.ts:12 [FormPublishService] 📊 Vistas incrementadas para: {slug: 'formulario-03'}
use-location-branches.ts:58 ✅ Sucursales obtenidas: {total: 3, empresaId: '99f78081-24fa-4892-aae2-823816e7d132', firstBranch: 'Sede 1'}
LocationPreview.tsx:97 [LocationPreview] Estado inicial: {empresaId: '99f78081-24fa-4892-aae2-823816e7d132', settings: {…}, isLoadingConfig: false, configError: undefined, selectedLocation: null, …}
use-location-branches.ts:15 🔍 useLocationBranches iniciado con: {empresaId: '99f78081-24fa-4892-aae2-823816e7d132', hasSettings: true}
LocationPreview.tsx:97 [LocationPreview] Estado inicial: {empresaId: '99f78081-24fa-4892-aae2-823816e7d132', settings: {…}, isLoadingConfig: false, configError: undefined, selectedLocation: null, …}
use-location-branches.ts:15 🔍 useLocationBranches iniciado con: {empresaId: '99f78081-24fa-4892-aae2-823816e7d132', hasSettings: true}
use-location-branches.ts:89 📋 Filtrando sucursales: {total: 3, filtered: 3, shouldShowBranches: true, settings: 'definido', empresaId: '99f78081-24fa-4892-aae2-823816e7d132'}
LocationPreview.tsx:97 [LocationPreview] Estado inicial: {empresaId: '99f78081-24fa-4892-aae2-823816e7d132', settings: {…}, isLoadingConfig: false, configError: undefined, selectedLocation: null, …}
use-location-branches.ts:15 🔍 useLocationBranches iniciado con: {empresaId: '99f78081-24fa-4892-aae2-823816e7d132', hasSettings: true}
LocationPreview.tsx:97 [LocationPreview] Estado inicial: {empresaId: '99f78081-24fa-4892-aae2-823816e7d132', settings: {…}, isLoadingConfig: false, configError: undefined, selectedLocation: null, …}
use-location-branches.ts:15 🔍 useLocationBranches iniciado con: {empresaId: '99f78081-24fa-4892-aae2-823816e7d132', hasSettings: true}
publish-service.ts:12 [FormPublishService] 📊 Vistas incrementadas para: {slug: 'formulario-03'}
preview-to-public.ts:205 [StepType] Normalizando tipo: {original: 'date', systemType: 'location', hasMapping: true}
preview-to-public.ts:205 [StepType] Normalizando tipo: {original: 'date', systemType: 'location', hasMapping: true}
PublicFormLayout.tsx:42 [PublicFormLayout] Renderizando con: {currentStep: 0, fieldType: 'date', slug: 'formulario-03', isNextDisabled: false, showNextButton: false, …}
PublicFormLayout.tsx:42 [PublicFormLayout] Renderizando con: {currentStep: 0, fieldType: 'date', slug: 'formulario-03', isNextDisabled: false, showNextButton: false, …}
preview-to-public.ts:205 [StepType] Normalizando tipo: {original: 'location', systemType: 'location', hasMapping: false}
preview-to-public.ts:261 [ComponentMapper] Mapeando componente: {originalType: 'location', systemType: 'location', availableTypes: Array(6)}
preview-to-public.ts:274 [ComponentMapper] Componente encontrado: {originalType: 'location', systemType: 'location', component: 'LocationPreview'}
preview-to-public.ts:205 [StepType] Normalizando tipo: {original: 'location', systemType: 'location', hasMapping: false}
preview-to-public.ts:261 [ComponentMapper] Mapeando componente: {originalType: 'location', systemType: 'location', availableTypes: Array(6)}
preview-to-public.ts:274 [ComponentMapper] Componente encontrado: {originalType: 'location', systemType: 'location', component: 'LocationPreview'}
LocationPreview.tsx:97 [LocationPreview] Estado inicial: {empresaId: '99f78081-24fa-4892-aae2-823816e7d132', settings: {…}, isLoadingConfig: false, configError: undefined, selectedLocation: null, …}
use-location-branches.ts:15 🔍 useLocationBranches iniciado con: {empresaId: '99f78081-24fa-4892-aae2-823816e7d132', hasSettings: true}
LocationPreview.tsx:97 [LocationPreview] Estado inicial: {empresaId: '99f78081-24fa-4892-aae2-823816e7d132', settings: {…}, isLoadingConfig: false, configError: undefined, selectedLocation: null, …}
use-location-branches.ts:15 🔍 useLocationBranches iniciado con: {empresaId: '99f78081-24fa-4892-aae2-823816e7d132', hasSettings: true}
PublicFormContent.tsx:45 [PublicFormContent] Estado actual: {currentStep: 0, totalSteps: 4, currentField: 'date', currentType: 'location', nextField: 'court', …}
PublicFormContent.tsx:57 [PublicFormContent] Inicializando formulario: {id: 'dc1cceb5-47f0-4cf4-8640-fdfaf683f636', empresa_id: '99f78081-24fa-4892-aae2-823816e7d132', totalSteps: 4, currentStep: 0, canNavigateNext: false}
preview-to-public.ts:205 [StepType] Normalizando tipo: {original: 'date', systemType: 'location', hasMapping: true}
preview-to-public.ts:205 [StepType] Normalizando tipo: {original: 'date', systemType: 'location', hasMapping: true}
PublicFormLayout.tsx:42 [PublicFormLayout] Renderizando con: {currentStep: 0, fieldType: 'date', slug: 'formulario-03', isNextDisabled: false, showNextButton: false, …}
PublicFormLayout.tsx:42 [PublicFormLayout] Renderizando con: {currentStep: 0, fieldType: 'date', slug: 'formulario-03', isNextDisabled: false, showNextButton: false, …}
preview-to-public.ts:205 [StepType] Normalizando tipo: {original: 'location', systemType: 'location', hasMapping: false}
preview-to-public.ts:261 [ComponentMapper] Mapeando componente: {originalType: 'location', systemType: 'location', availableTypes: Array(6)}
preview-to-public.ts:274 [ComponentMapper] Componente encontrado: {originalType: 'location', systemType: 'location', component: 'LocationPreview'}
preview-to-public.ts:205 [StepType] Normalizando tipo: {original: 'location', systemType: 'location', hasMapping: false}
preview-to-public.ts:261 [ComponentMapper] Mapeando componente: {originalType: 'location', systemType: 'location', availableTypes: Array(6)}
preview-to-public.ts:274 [ComponentMapper] Componente encontrado: {originalType: 'location', systemType: 'location', component: 'LocationPreview'}
LocationPreview.tsx:97 [LocationPreview] Estado inicial: {empresaId: '99f78081-24fa-4892-aae2-823816e7d132', settings: {…}, isLoadingConfig: false, configError: undefined, selectedLocation: null, …}
use-location-branches.ts:15 🔍 useLocationBranches iniciado con: {empresaId: '99f78081-24fa-4892-aae2-823816e7d132', hasSettings: true}
LocationPreview.tsx:97 [LocationPreview] Estado inicial: {empresaId: '99f78081-24fa-4892-aae2-823816e7d132', settings: {…}, isLoadingConfig: false, configError: undefined, selectedLocation: null, …}
use-location-branches.ts:15 🔍 useLocationBranches iniciado con: {empresaId: '99f78081-24fa-4892-aae2-823816e7d132', hasSettings: true}
LocationPreview.tsx:97 [LocationPreview] Estado inicial: {empresaId: '99f78081-24fa-4892-aae2-823816e7d132', settings: {…}, isLoadingConfig: false, configError: undefined, selectedLocation: 'eb8139e9-261f-4912-bc32-9aa1d455ab15', …}
use-location-branches.ts:15 🔍 useLocationBranches iniciado con: {empresaId: '99f78081-24fa-4892-aae2-823816e7d132', hasSettings: true}
LocationPreview.tsx:97 [LocationPreview] Estado inicial: {empresaId: '99f78081-24fa-4892-aae2-823816e7d132', settings: {…}, isLoadingConfig: false, configError: undefined, selectedLocation: 'eb8139e9-261f-4912-bc32-9aa1d455ab15', …}
use-location-branches.ts:15 🔍 useLocationBranches iniciado con: {empresaId: '99f78081-24fa-4892-aae2-823816e7d132', hasSettings: true}
LocationPreview.tsx:128 [LocationPreview] Actualizando ubicación: {id: 'eb8139e9-261f-4912-bc32-9aa1d455ab15', name: 'Sede 2'}
preview-to-public.ts:205 [StepType] Normalizando tipo: {original: 'date', systemType: 'location', hasMapping: true}
preview-to-public.ts:205 [StepType] Normalizando tipo: {original: 'date', systemType: 'location', hasMapping: true}
PublicFormLayout.tsx:42 [PublicFormLayout] Renderizando con: {currentStep: 0, fieldType: 'date', slug: 'formulario-03', isNextDisabled: false, showNextButton: false, …}
PublicFormLayout.tsx:42 [PublicFormLayout] Renderizando con: {currentStep: 0, fieldType: 'date', slug: 'formulario-03', isNextDisabled: false, showNextButton: false, …}
preview-to-public.ts:205 [StepType] Normalizando tipo: {original: 'location', systemType: 'location', hasMapping: false}
preview-to-public.ts:261 [ComponentMapper] Mapeando componente: {originalType: 'location', systemType: 'location', availableTypes: Array(6)}
preview-to-public.ts:274 [ComponentMapper] Componente encontrado: {originalType: 'location', systemType: 'location', component: 'LocationPreview'}
preview-to-public.ts:205 [StepType] Normalizando tipo: {original: 'location', systemType: 'location', hasMapping: false}
preview-to-public.ts:261 [ComponentMapper] Mapeando componente: {originalType: 'location', systemType: 'location', availableTypes: Array(6)}
preview-to-public.ts:274 [ComponentMapper] Componente encontrado: {originalType: 'location', systemType: 'location', component: 'LocationPreview'}
LocationPreview.tsx:97 [LocationPreview] Estado inicial: {empresaId: '99f78081-24fa-4892-aae2-823816e7d132', settings: {…}, isLoadingConfig: false, configError: undefined, selectedLocation: 'eb8139e9-261f-4912-bc32-9aa1d455ab15', …}
use-location-branches.ts:15 🔍 useLocationBranches iniciado con: {empresaId: '99f78081-24fa-4892-aae2-823816e7d132', hasSettings: true}
LocationPreview.tsx:97 [LocationPreview] Estado inicial: {empresaId: '99f78081-24fa-4892-aae2-823816e7d132', settings: {…}, isLoadingConfig: false, configError: undefined, selectedLocation: 'eb8139e9-261f-4912-bc32-9aa1d455ab15', …}
use-location-branches.ts:15 🔍 useLocationBranches iniciado con: {empresaId: '99f78081-24fa-4892-aae2-823816e7d132', hasSettings: true}
LocationPreview.tsx:113 [LocationPreview] Sincronizando estado: {contextBranchId: 'eb8139e9-261f-4912-bc32-9aa1d455ab15', selectedLocation: 'eb8139e9-261f-4912-bc32-9aa1d455ab15'}
LocationPreview.tsx:97 [LocationPreview] Estado inicial: {empresaId: '99f78081-24fa-4892-aae2-823816e7d132', settings: {…}, isLoadingConfig: false, configError: undefined, selectedLocation: 'eb8139e9-261f-4912-bc32-9aa1d455ab15', …}
use-location-branches.ts:15 🔍 useLocationBranches iniciado con: {empresaId: '99f78081-24fa-4892-aae2-823816e7d132', hasSettings: true}
LocationPreview.tsx:97 [LocationPreview] Estado inicial: {empresaId: '99f78081-24fa-4892-aae2-823816e7d132', settings: {…}, isLoadingConfig: false, configError: undefined, selectedLocation: 'eb8139e9-261f-4912-bc32-9aa1d455ab15', …}
use-location-branches.ts:15 🔍 useLocationBranches iniciado con: {empresaId: '99f78081-24fa-4892-aae2-823816e7d132', hasSettings: true}
LocationPreview.tsx:162 [LocationPreview] Avanzando al siguiente paso: {selectedLocation: 'eb8139e9-261f-4912-bc32-9aa1d455ab15', branchName: 'Sede 2'}
PublicFormContent.tsx:62 [Navigation] Iniciando navegación: {from: 'location', currentType: 'location', currentStep: 0, nextStep: 1, hasNextField: true, …}
preview-to-public.ts:205 [StepType] Normalizando tipo: {original: 'location', systemType: 'location', hasMapping: false}
preview-to-public.ts:205 [StepType] Normalizando tipo: {original: 'shifts', systemType: 'shifts', hasMapping: false}
preview-to-public.ts:219 [StepOrder] Validando orden: {currentType: 'location', nextType: 'shifts', STEP_ORDER: Array(6), totalSteps: 6}
preview-to-public.ts:246 [StepOrder] Resultado de validación: {currentOrder: 1, nextOrder: 2, isValid: true, isSummaryToFarewell: false}
PublicFormContent.tsx:81 [Navigation] Iniciando navegación: {from: 'date', currentType: 'location', currentStep: 0, nextStep: 1, hasNextField: true}
PublicFormContent.tsx:91 [Navigation] Navegación completada al paso: 1
preview-to-public.ts:205 [StepType] Normalizando tipo: {original: 'court', systemType: 'shifts', hasMapping: true}
preview-to-public.ts:205 [StepType] Normalizando tipo: {original: 'court', systemType: 'shifts', hasMapping: true}
PublicFormLayout.tsx:42 [PublicFormLayout] Renderizando con: {currentStep: 1, fieldType: 'court', slug: 'formulario-03', isNextDisabled: false, showNextButton: false, …}
PublicFormLayout.tsx:42 [PublicFormLayout] Renderizando con: {currentStep: 1, fieldType: 'court', slug: 'formulario-03', isNextDisabled: false, showNextButton: false, …}
preview-to-public.ts:205 [StepType] Normalizando tipo: {original: 'shifts', systemType: 'shifts', hasMapping: false}
preview-to-public.ts:261 [ComponentMapper] Mapeando componente: {originalType: 'shifts', systemType: 'shifts', availableTypes: Array(6)}
preview-to-public.ts:274 [ComponentMapper] Componente encontrado: {originalType: 'shifts', systemType: 'shifts', component: 'ShiftsPreview'}
preview-to-public.ts:205 [StepType] Normalizando tipo: {original: 'shifts', systemType: 'shifts', hasMapping: false}
preview-to-public.ts:261 [ComponentMapper] Mapeando componente: {originalType: 'shifts', systemType: 'shifts', availableTypes: Array(6)}
preview-to-public.ts:274 [ComponentMapper] Componente encontrado: {originalType: 'shifts', systemType: 'shifts', component: 'ShiftsPreview'}
LocationPreview.tsx:97 [LocationPreview] Estado inicial: {empresaId: '99f78081-24fa-4892-aae2-823816e7d132', settings: {…}, isLoadingConfig: false, configError: undefined, selectedLocation: 'eb8139e9-261f-4912-bc32-9aa1d455ab15', …}
use-location-branches.ts:15 🔍 useLocationBranches iniciado con: {empresaId: '99f78081-24fa-4892-aae2-823816e7d132', hasSettings: true}
LocationPreview.tsx:97 [LocationPreview] Estado inicial: {empresaId: '99f78081-24fa-4892-aae2-823816e7d132', settings: {…}, isLoadingConfig: false, configError: undefined, selectedLocation: 'eb8139e9-261f-4912-bc32-9aa1d455ab15', …}
use-location-branches.ts:15 🔍 useLocationBranches iniciado con: {empresaId: '99f78081-24fa-4892-aae2-823816e7d132', hasSettings: true}
PublicFormContent.tsx:45 [PublicFormContent] Estado actual: {currentStep: 1, totalSteps: 4, currentField: 'court', currentType: 'shifts', nextField: 'players', …}
useAvailability.ts:44 useAvailability - Iniciando fetchSlots: {date: Wed Feb 26 2025 00:00:00 GMT+0000 (Greenwich Mean Time), duration: 1, courtType: undefined, timeOfDay: undefined, branchId: 'eb8139e9-261f-4912-bc32-9aa1d455ab15'}
availability.service.ts:668 AvailabilityService - findAvailableSlots - params: {date: Wed Feb 26 2025 00:00:00 GMT+0000 (Greenwich Mean Time), duration: 1, courtType: undefined, timeOfDay: undefined, branchId: 'eb8139e9-261f-4912-bc32-9aa1d455ab15'}
ShiftsPreview.tsx:418 ShiftsPreview - Estado: {loadingSlots: false, slotsLength: 0, error: null, params: {…}}
useAvailability.ts:44 useAvailability - Iniciando fetchSlots: {date: Wed Feb 26 2025 00:00:00 GMT+0000 (Greenwich Mean Time), duration: 1, courtType: undefined, timeOfDay: undefined, branchId: 'eb8139e9-261f-4912-bc32-9aa1d455ab15'}
availability.service.ts:668 AvailabilityService - findAvailableSlots - params: {date: Wed Feb 26 2025 00:00:00 GMT+0000 (Greenwich Mean Time), duration: 1, courtType: undefined, timeOfDay: undefined, branchId: 'eb8139e9-261f-4912-bc32-9aa1d455ab15'}
ShiftsPreview.tsx:418 ShiftsPreview - Estado: {loadingSlots: false, slotsLength: 0, error: null, params: {…}}
index.mjs:174 You're attempting to animate multiple children within AnimatePresence, but its mode is set to "wait". This will lead to odd visual behaviour.
AnimatePresence @ index.mjs:174
renderWithHooks @ react-dom.development.js:11121
updateFunctionComponent @ react-dom.development.js:16290
beginWork$1 @ react-dom.development.js:18472
beginWork @ react-dom.development.js:26927
performUnitOfWork @ react-dom.development.js:25748
workLoopSync @ react-dom.development.js:25464
renderRootSync @ react-dom.development.js:25419
performSyncWorkOnRoot @ react-dom.development.js:24887
flushSyncWorkAcrossRoots_impl @ react-dom.development.js:7758
flushSyncWorkOnAllRoots @ react-dom.development.js:7718
commitRootImpl @ react-dom.development.js:26369
commitRoot @ react-dom.development.js:26077
commitRootWhenReady @ react-dom.development.js:24749
finishConcurrentRender @ react-dom.development.js:24714
performConcurrentWorkOnRoot @ react-dom.development.js:24559
workLoop @ scheduler.development.js:256
flushWork @ scheduler.development.js:225
performWorkUntilDeadline @ scheduler.development.js:534
index.mjs:174 You're attempting to animate multiple children within AnimatePresence, but its mode is set to "wait". This will lead to odd visual behaviour.
AnimatePresence @ index.mjs:174
renderWithHooksAgain @ react-dom.development.js:11272
renderWithHooks @ react-dom.development.js:11135
updateFunctionComponent @ react-dom.development.js:16290
beginWork$1 @ react-dom.development.js:18472
beginWork @ react-dom.development.js:26927
performUnitOfWork @ react-dom.development.js:25748
workLoopSync @ react-dom.development.js:25464
renderRootSync @ react-dom.development.js:25419
performSyncWorkOnRoot @ react-dom.development.js:24887
flushSyncWorkAcrossRoots_impl @ react-dom.development.js:7758
flushSyncWorkOnAllRoots @ react-dom.development.js:7718
commitRootImpl @ react-dom.development.js:26369
commitRoot @ react-dom.development.js:26077
commitRootWhenReady @ react-dom.development.js:24749
finishConcurrentRender @ react-dom.development.js:24714
performConcurrentWorkOnRoot @ react-dom.development.js:24559
workLoop @ scheduler.development.js:256
flushWork @ scheduler.development.js:225
performWorkUntilDeadline @ scheduler.development.js:534
ShiftsPreview.tsx:418 ShiftsPreview - Estado: {loadingSlots: true, slotsLength: 0, error: null, params: {…}}
availability.service.ts:692 AvailabilityService - Zona horaria de la sede: Europe/Madrid
availability.service.ts:222 AvailabilityService - getBranchSchedule: {branchId: 'eb8139e9-261f-4912-bc32-9aa1d455ab15', date: Wed Feb 26 2025 00:00:00 GMT+0000 (Greenwich Mean Time)}
availability.service.ts:692 AvailabilityService - Zona horaria de la sede: Europe/Madrid
availability.service.ts:222 AvailabilityService - getBranchSchedule: {branchId: 'eb8139e9-261f-4912-bc32-9aa1d455ab15', date: Wed Feb 26 2025 00:00:00 GMT+0000 (Greenwich Mean Time)}
 AvailabilityService - Datos de horarios obtenidos: {schedule: {…}, timezone: 'Europe/Madrid'}
 AvailabilityService - Usando formato nuevo de horarios
 AvailabilityService - Día de la semana: wednesday
 AvailabilityService - Horario del día: {isOpen: true, timeRanges: Array(2)}
 AvailabilityService - Horarios obtenidos: {dayOfWeek: 'wednesday', schedule: {…}, timezone: 'Europe/Madrid'}
 AvailabilityService - Horarios de la sede: (2) ['08:00-12:00', '15:00-22:00']
 AvailabilityService - getCourts - params: {courtType: undefined, branchId: 'eb8139e9-261f-4912-bc32-9aa1d455ab15'}
 AvailabilityService - Datos de horarios obtenidos: {schedule: {…}, timezone: 'Europe/Madrid'}
 AvailabilityService - Usando formato nuevo de horarios
 AvailabilityService - Día de la semana: wednesday
 AvailabilityService - Horario del día: {isOpen: true, timeRanges: Array(2)}
 AvailabilityService - Horarios obtenidos: {dayOfWeek: 'wednesday', schedule: {…}, timezone: 'Europe/Madrid'}
 AvailabilityService - Horarios de la sede: (2) ['08:00-12:00', '15:00-22:00']
 AvailabilityService - getCourts - params: {courtType: undefined, branchId: 'eb8139e9-261f-4912-bc32-9aa1d455ab15'}
 AvailabilityService - getCourts - resultado: {courts: Array(4), error: null}
 AvailabilityService - getBookings - params: {date: Wed Feb 26 2025 00:00:00 GMT+0000 (Greenwich Mean Time), courtIds: Array(4)}
 AvailabilityService - getBookings - resultado: {bookings: Array(8), error: null}
 AvailabilityService - Evaluando rango antes de reserva: {start: '08:00', end: '09:00', size: 60}
 AvailabilityService - Evaluando espacio entre reservas: {start: '10:00', end: '11:00', size: 60}
 AvailabilityService - Evaluando rango antes de reserva: {start: '10:00', end: '11:00', size: 60}
 AvailabilityService - Evaluando rango antes de reserva: {start: '15:00', end: '15:30', size: 30}
 AvailabilityService - Evaluando espacio entre reservas: {start: '16:30', end: '17:00', size: 30}
 AvailabilityService - Evaluando rango antes de reserva: {start: '16:30', end: '17:00', size: 30}
 AvailabilityService - Evaluando espacio entre reservas: {start: '18:00', end: '21:00', size: 180}
 AvailabilityService - Evaluando rango antes de reserva: {start: '18:00', end: '21:00', size: 180}
 AvailabilityService - Rangos disponibles después de filtrado: {totalRanges: 8, ranges: Array(8)}
 AvailabilityService - Rangos disponibles para Pista 5: {ranges: Array(8), durationInMinutes: 60, courtName: 'Pista 5'}
 AvailabilityService - Calculando precio: {courtName: 'Pista 5', durationInMinutes: 60, basePrice: 30, date: '2025-02-26', startTime: '08:00', …}
 AvailabilityService - Slot válido encontrado: {start: '08:00', end: '09:00', court: 'Pista 5', price: 30}
 AvailabilityService - Calculando precio: {courtName: 'Pista 5', durationInMinutes: 60, basePrice: 30, date: '2025-02-26', startTime: '10:00', …}
 AvailabilityService - Slot válido encontrado: {start: '10:00', end: '11:00', court: 'Pista 5', price: 30}
 AvailabilityService - Calculando precio: {courtName: 'Pista 5', durationInMinutes: 60, basePrice: 30, date: '2025-02-26', startTime: '10:00', …}
 AvailabilityService - Slot válido encontrado: {start: '10:00', end: '11:00', court: 'Pista 5', price: 30}
 AvailabilityService - Rango demasiado pequeño: {range: {…}, rangeSize: 30, durationInMinutes: 60}
 AvailabilityService - Rango demasiado pequeño: {range: {…}, rangeSize: 30, durationInMinutes: 60}
 AvailabilityService - Rango demasiado pequeño: {range: {…}, rangeSize: 30, durationInMinutes: 60}
 AvailabilityService - Calculando precio: {courtName: 'Pista 5', durationInMinutes: 60, basePrice: 30, date: '2025-02-26', startTime: '18:00', …}
 AvailabilityService - Slot válido encontrado: {start: '18:00', end: '19:00', court: 'Pista 5', price: 30}
 AvailabilityService - Calculando precio: {courtName: 'Pista 5', durationInMinutes: 60, basePrice: 30, date: '2025-02-26', startTime: '18:30', …}
 AvailabilityService - Slot válido encontrado: {start: '18:30', end: '19:30', court: 'Pista 5', price: 30}
 AvailabilityService - Calculando precio: {courtName: 'Pista 5', durationInMinutes: 60, basePrice: 30, date: '2025-02-26', startTime: '19:00', …}
 AvailabilityService - Slot válido encontrado: {start: '19:00', end: '20:00', court: 'Pista 5', price: 30}
 AvailabilityService - Calculando precio: {courtName: 'Pista 5', durationInMinutes: 60, basePrice: 30, date: '2025-02-26', startTime: '19:30', …}
 AvailabilityService - Slot válido encontrado: {start: '19:30', end: '20:30', court: 'Pista 5', price: 30}
 AvailabilityService - Calculando precio: {courtName: 'Pista 5', durationInMinutes: 60, basePrice: 30, date: '2025-02-26', startTime: '20:00', …}
 AvailabilityService - Slot válido encontrado: {start: '20:00', end: '21:00', court: 'Pista 5', price: 30}
 AvailabilityService - Calculando precio: {courtName: 'Pista 5', durationInMinutes: 60, basePrice: 30, date: '2025-02-26', startTime: '18:00', …}
 AvailabilityService - Slot válido encontrado: {start: '18:00', end: '19:00', court: 'Pista 5', price: 30}
 AvailabilityService - Calculando precio: {courtName: 'Pista 5', durationInMinutes: 60, basePrice: 30, date: '2025-02-26', startTime: '18:30', …}
 AvailabilityService - Slot válido encontrado: {start: '18:30', end: '19:30', court: 'Pista 5', price: 30}
 AvailabilityService - Calculando precio: {courtName: 'Pista 5', durationInMinutes: 60, basePrice: 30, date: '2025-02-26', startTime: '19:00', …}
 AvailabilityService - Slot válido encontrado: {start: '19:00', end: '20:00', court: 'Pista 5', price: 30}
 AvailabilityService - Calculando precio: {courtName: 'Pista 5', durationInMinutes: 60, basePrice: 30, date: '2025-02-26', startTime: '19:30', …}
 AvailabilityService - Slot válido encontrado: {start: '19:30', end: '20:30', court: 'Pista 5', price: 30}
 AvailabilityService - Calculando precio: {courtName: 'Pista 5', durationInMinutes: 60, basePrice: 30, date: '2025-02-26', startTime: '20:00', …}
 AvailabilityService - Slot válido encontrado: {start: '20:00', end: '21:00', court: 'Pista 5', price: 30}
 AvailabilityService - Total slots generados para Pista 5: {totalSlots: 13, durationInMinutes: 60}
 AvailabilityService - Slots generados para Pista 5: (13) [{…}, {…}, {…}, {…}, {…}, {…}, {…}, {…}, {…}, {…}, {…}, {…}, {…}]
 AvailabilityService - Calculando precio: {courtName: 'Pista 5', durationInMinutes: 60, basePrice: 30, date: '2025-02-26', startTime: '08:00', …}
 AvailabilityService - Agregando slot con precio: {court: 'Pista 5', start: '08:00', end: '09:00', price: 30, durationInMinutes: 60}
 AvailabilityService - Calculando precio: {courtName: 'Pista 5', durationInMinutes: 60, basePrice: 30, date: '2025-02-26', startTime: '10:00', …}
 AvailabilityService - Agregando slot con precio: {court: 'Pista 5', start: '10:00', end: '11:00', price: 30, durationInMinutes: 60}
 AvailabilityService - Calculando precio: {courtName: 'Pista 5', durationInMinutes: 60, basePrice: 30, date: '2025-02-26', startTime: '10:00', …}
 AvailabilityService - Agregando slot con precio: {court: 'Pista 5', start: '10:00', end: '11:00', price: 30, durationInMinutes: 60}
 AvailabilityService - Calculando precio: {courtName: 'Pista 5', durationInMinutes: 60, basePrice: 30, date: '2025-02-26', startTime: '18:00', …}
 AvailabilityService - Agregando slot con precio: {court: 'Pista 5', start: '18:00', end: '19:00', price: 30, durationInMinutes: 60}
 AvailabilityService - Calculando precio: {courtName: 'Pista 5', durationInMinutes: 60, basePrice: 30, date: '2025-02-26', startTime: '18:30', …}
 AvailabilityService - Agregando slot con precio: {court: 'Pista 5', start: '18:30', end: '19:30', price: 30, durationInMinutes: 60}
 AvailabilityService - Calculando precio: {courtName: 'Pista 5', durationInMinutes: 60, basePrice: 30, date: '2025-02-26', startTime: '19:00', …}
 AvailabilityService - Agregando slot con precio: {court: 'Pista 5', start: '19:00', end: '20:00', price: 30, durationInMinutes: 60}
 AvailabilityService - Calculando precio: {courtName: 'Pista 5', durationInMinutes: 60, basePrice: 30, date: '2025-02-26', startTime: '19:30', …}
 AvailabilityService - Agregando slot con precio: {court: 'Pista 5', start: '19:30', end: '20:30', price: 30, durationInMinutes: 60}
 AvailabilityService - Calculando precio: {courtName: 'Pista 5', durationInMinutes: 60, basePrice: 30, date: '2025-02-26', startTime: '20:00', …}
 AvailabilityService - Agregando slot con precio: {court: 'Pista 5', start: '20:00', end: '21:00', price: 30, durationInMinutes: 60}
 AvailabilityService - Calculando precio: {courtName: 'Pista 5', durationInMinutes: 60, basePrice: 30, date: '2025-02-26', startTime: '18:00', …}
 AvailabilityService - Agregando slot con precio: {court: 'Pista 5', start: '18:00', end: '19:00', price: 30, durationInMinutes: 60}
 AvailabilityService - Calculando precio: {courtName: 'Pista 5', durationInMinutes: 60, basePrice: 30, date: '2025-02-26', startTime: '18:30', …}
 AvailabilityService - Agregando slot con precio: {court: 'Pista 5', start: '18:30', end: '19:30', price: 30, durationInMinutes: 60}
 AvailabilityService - Calculando precio: {courtName: 'Pista 5', durationInMinutes: 60, basePrice: 30, date: '2025-02-26', startTime: '19:00', …}
 AvailabilityService - Agregando slot con precio: {court: 'Pista 5', start: '19:00', end: '20:00', price: 30, durationInMinutes: 60}
 AvailabilityService - Calculando precio: {courtName: 'Pista 5', durationInMinutes: 60, basePrice: 30, date: '2025-02-26', startTime: '19:30', …}
 AvailabilityService - Agregando slot con precio: {court: 'Pista 5', start: '19:30', end: '20:30', price: 30, durationInMinutes: 60}
 AvailabilityService - Calculando precio: {courtName: 'Pista 5', durationInMinutes: 60, basePrice: 30, date: '2025-02-26', startTime: '20:00', …}
 AvailabilityService - Agregando slot con precio: {court: 'Pista 5', start: '20:00', end: '21:00', price: 30, durationInMinutes: 60}
 AvailabilityService - Evaluando espacio entre reservas: {start: '09:00', end: '10:00', size: 60}
 AvailabilityService - Evaluando rango antes de reserva: {start: '09:00', end: '10:00', size: 60}
 AvailabilityService - Evaluando rango final: {start: '11:00', end: '12:00', size: 60}
 AvailabilityService - Evaluando rango final: {start: '16:00', end: '22:00', size: 360}
 AvailabilityService - Rangos disponibles después de filtrado: {totalRanges: 4, ranges: Array(4)}
 AvailabilityService - Rangos disponibles para Pista 2: {ranges: Array(4), durationInMinutes: 60, courtName: 'Pista 2'}
 AvailabilityService - Calculando precio: {courtName: 'Pista 2', durationInMinutes: 60, basePrice: 40, date: '2025-02-26', startTime: '09:00', …}
 AvailabilityService - Slot válido encontrado: {start: '09:00', end: '10:00', court: 'Pista 2', price: 40}
 AvailabilityService - Calculando precio: {courtName: 'Pista 2', durationInMinutes: 60, basePrice: 40, date: '2025-02-26', startTime: '09:00', …}
 AvailabilityService - Slot válido encontrado: {start: '09:00', end: '10:00', court: 'Pista 2', price: 40}
 AvailabilityService - Calculando precio: {courtName: 'Pista 2', durationInMinutes: 60, basePrice: 40, date: '2025-02-26', startTime: '11:00', …}
 AvailabilityService - Slot válido encontrado: {start: '11:00', end: '12:00', court: 'Pista 2', price: 40}
 AvailabilityService - Calculando precio: {courtName: 'Pista 2', durationInMinutes: 60, basePrice: 40, date: '2025-02-26', startTime: '16:00', …}
 AvailabilityService - Slot válido encontrado: {start: '16:00', end: '17:00', court: 'Pista 2', price: 40}
 AvailabilityService - Calculando precio: {courtName: 'Pista 2', durationInMinutes: 60, basePrice: 40, date: '2025-02-26', startTime: '16:30', …}
 AvailabilityService - Slot válido encontrado: {start: '16:30', end: '17:30', court: 'Pista 2', price: 40}
 AvailabilityService - Calculando precio: {courtName: 'Pista 2', durationInMinutes: 60, basePrice: 40, date: '2025-02-26', startTime: '17:00', …}
 AvailabilityService - Slot válido encontrado: {start: '17:00', end: '18:00', court: 'Pista 2', price: 40}
 AvailabilityService - Calculando precio: {courtName: 'Pista 2', durationInMinutes: 60, basePrice: 40, date: '2025-02-26', startTime: '17:30', …}
 AvailabilityService - Slot válido encontrado: {start: '17:30', end: '18:30', court: 'Pista 2', price: 40}
 AvailabilityService - Calculando precio: {courtName: 'Pista 2', durationInMinutes: 60, basePrice: 40, date: '2025-02-26', startTime: '18:00', …}
 AvailabilityService - Slot válido encontrado: {start: '18:00', end: '19:00', court: 'Pista 2', price: 40}
 AvailabilityService - Calculando precio: {courtName: 'Pista 2', durationInMinutes: 60, basePrice: 40, date: '2025-02-26', startTime: '18:30', …}
 AvailabilityService - Slot válido encontrado: {start: '18:30', end: '19:30', court: 'Pista 2', price: 40}
 AvailabilityService - Calculando precio: {courtName: 'Pista 2', durationInMinutes: 60, basePrice: 40, date: '2025-02-26', startTime: '19:00', …}
 AvailabilityService - Slot válido encontrado: {start: '19:00', end: '20:00', court: 'Pista 2', price: 40}
 AvailabilityService - Calculando precio: {courtName: 'Pista 2', durationInMinutes: 60, basePrice: 40, date: '2025-02-26', startTime: '19:30', …}
 AvailabilityService - Slot válido encontrado: {start: '19:30', end: '20:30', court: 'Pista 2', price: 40}
 AvailabilityService - Calculando precio: {courtName: 'Pista 2', durationInMinutes: 60, basePrice: 40, date: '2025-02-26', startTime: '20:00', …}
 AvailabilityService - Slot válido encontrado: {start: '20:00', end: '21:00', court: 'Pista 2', price: 40}
 AvailabilityService - Calculando precio: {courtName: 'Pista 2', durationInMinutes: 60, basePrice: 40, date: '2025-02-26', startTime: '20:30', …}
 AvailabilityService - Slot válido encontrado: {start: '20:30', end: '21:30', court: 'Pista 2', price: 40}
 AvailabilityService - Calculando precio: {courtName: 'Pista 2', durationInMinutes: 60, basePrice: 40, date: '2025-02-26', startTime: '21:00', …}
 AvailabilityService - Slot válido encontrado: {start: '21:00', end: '22:00', court: 'Pista 2', price: 40}
 AvailabilityService - Total slots generados para Pista 2: {totalSlots: 14, durationInMinutes: 60}
 AvailabilityService - Slots generados para Pista 2: (14) [{…}, {…}, {…}, {…}, {…}, {…}, {…}, {…}, {…}, {…}, {…}, {…}, {…}, {…}]
 AvailabilityService - Calculando precio: {courtName: 'Pista 2', durationInMinutes: 60, basePrice: 40, date: '2025-02-26', startTime: '09:00', …}
 AvailabilityService - Agregando slot con precio: {court: 'Pista 2', start: '09:00', end: '10:00', price: 40, durationInMinutes: 60}
 AvailabilityService - Calculando precio: {courtName: 'Pista 2', durationInMinutes: 60, basePrice: 40, date: '2025-02-26', startTime: '09:00', …}
 AvailabilityService - Agregando slot con precio: {court: 'Pista 2', start: '09:00', end: '10:00', price: 40, durationInMinutes: 60}
 AvailabilityService - Calculando precio: {courtName: 'Pista 2', durationInMinutes: 60, basePrice: 40, date: '2025-02-26', startTime: '11:00', …}
 AvailabilityService - Agregando slot con precio: {court: 'Pista 2', start: '11:00', end: '12:00', price: 40, durationInMinutes: 60}
 AvailabilityService - Calculando precio: {courtName: 'Pista 2', durationInMinutes: 60, basePrice: 40, date: '2025-02-26', startTime: '16:00', …}
 AvailabilityService - Agregando slot con precio: {court: 'Pista 2', start: '16:00', end: '17:00', price: 40, durationInMinutes: 60}
 AvailabilityService - Calculando precio: {courtName: 'Pista 2', durationInMinutes: 60, basePrice: 40, date: '2025-02-26', startTime: '16:30', …}
 AvailabilityService - Agregando slot con precio: {court: 'Pista 2', start: '16:30', end: '17:30', price: 40, durationInMinutes: 60}
 AvailabilityService - Calculando precio: {courtName: 'Pista 2', durationInMinutes: 60, basePrice: 40, date: '2025-02-26', startTime: '17:00', …}
 AvailabilityService - Agregando slot con precio: {court: 'Pista 2', start: '17:00', end: '18:00', price: 40, durationInMinutes: 60}
 AvailabilityService - Calculando precio: {courtName: 'Pista 2', durationInMinutes: 60, basePrice: 40, date: '2025-02-26', startTime: '17:30', …}
 AvailabilityService - Agregando slot con precio: {court: 'Pista 2', start: '17:30', end: '18:30', price: 40, durationInMinutes: 60}
 AvailabilityService - Calculando precio: {courtName: 'Pista 2', durationInMinutes: 60, basePrice: 40, date: '2025-02-26', startTime: '18:00', …}
 AvailabilityService - Agregando slot con precio: {court: 'Pista 2', start: '18:00', end: '19:00', price: 40, durationInMinutes: 60}
 AvailabilityService - Calculando precio: {courtName: 'Pista 2', durationInMinutes: 60, basePrice: 40, date: '2025-02-26', startTime: '18:30', …}
 AvailabilityService - Agregando slot con precio: {court: 'Pista 2', start: '18:30', end: '19:30', price: 40, durationInMinutes: 60}
 AvailabilityService - Calculando precio: {courtName: 'Pista 2', durationInMinutes: 60, basePrice: 40, date: '2025-02-26', startTime: '19:00', …}
 AvailabilityService - Agregando slot con precio: {court: 'Pista 2', start: '19:00', end: '20:00', price: 40, durationInMinutes: 60}
 AvailabilityService - Calculando precio: {courtName: 'Pista 2', durationInMinutes: 60, basePrice: 40, date: '2025-02-26', startTime: '19:30', …}
 AvailabilityService - Agregando slot con precio: {court: 'Pista 2', start: '19:30', end: '20:30', price: 40, durationInMinutes: 60}
 AvailabilityService - Calculando precio: {courtName: 'Pista 2', durationInMinutes: 60, basePrice: 40, date: '2025-02-26', startTime: '20:00', …}
 AvailabilityService - Agregando slot con precio: {court: 'Pista 2', start: '20:00', end: '21:00', price: 40, durationInMinutes: 60}
 AvailabilityService - Calculando precio: {courtName: 'Pista 2', durationInMinutes: 60, basePrice: 40, date: '2025-02-26', startTime: '20:30', …}
 AvailabilityService - Agregando slot con precio: {court: 'Pista 2', start: '20:30', end: '21:30', price: 40, durationInMinutes: 60}
 AvailabilityService - Calculando precio: {courtName: 'Pista 2', durationInMinutes: 60, basePrice: 40, date: '2025-02-26', startTime: '21:00', …}
 AvailabilityService - Agregando slot con precio: {court: 'Pista 2', start: '21:00', end: '22:00', price: 40, durationInMinutes: 60}
 AvailabilityService - Rangos disponibles después de filtrado: {totalRanges: 2, ranges: Array(2)}
 AvailabilityService - Rangos disponibles para Pista 3: {ranges: Array(2), durationInMinutes: 60, courtName: 'Pista 3'}
 AvailabilityService - Calculando precio: {courtName: 'Pista 3', durationInMinutes: 60, basePrice: 45, date: '2025-02-26', startTime: '08:00', …}
 AvailabilityService - Slot válido encontrado: {start: '08:00', end: '09:00', court: 'Pista 3', price: 45}
 AvailabilityService - Calculando precio: {courtName: 'Pista 3', durationInMinutes: 60, basePrice: 45, date: '2025-02-26', startTime: '08:30', …}
 AvailabilityService - Slot válido encontrado: {start: '08:30', end: '09:30', court: 'Pista 3', price: 45}
 AvailabilityService - Calculando precio: {courtName: 'Pista 3', durationInMinutes: 60, basePrice: 45, date: '2025-02-26', startTime: '09:00', …}
 AvailabilityService - Slot válido encontrado: {start: '09:00', end: '10:00', court: 'Pista 3', price: 45}
 AvailabilityService - Calculando precio: {courtName: 'Pista 3', durationInMinutes: 60, basePrice: 45, date: '2025-02-26', startTime: '09:30', …}
 AvailabilityService - Slot válido encontrado: {start: '09:30', end: '10:30', court: 'Pista 3', price: 45}
 AvailabilityService - Calculando precio: {courtName: 'Pista 3', durationInMinutes: 60, basePrice: 45, date: '2025-02-26', startTime: '10:00', …}
 AvailabilityService - Slot válido encontrado: {start: '10:00', end: '11:00', court: 'Pista 3', price: 45}
 AvailabilityService - Calculando precio: {courtName: 'Pista 3', durationInMinutes: 60, basePrice: 45, date: '2025-02-26', startTime: '10:30', …}
 AvailabilityService - Slot válido encontrado: {start: '10:30', end: '11:30', court: 'Pista 3', price: 45}
 AvailabilityService - Calculando precio: {courtName: 'Pista 3', durationInMinutes: 60, basePrice: 45, date: '2025-02-26', startTime: '11:00', …}
 AvailabilityService - Slot válido encontrado: {start: '11:00', end: '12:00', court: 'Pista 3', price: 45}
 AvailabilityService - Calculando precio: {courtName: 'Pista 3', durationInMinutes: 60, basePrice: 45, date: '2025-02-26', startTime: '15:00', …}
 AvailabilityService - Slot válido encontrado: {start: '15:00', end: '16:00', court: 'Pista 3', price: 45}
 AvailabilityService - Calculando precio: {courtName: 'Pista 3', durationInMinutes: 60, basePrice: 45, date: '2025-02-26', startTime: '15:30', …}
 AvailabilityService - Slot válido encontrado: {start: '15:30', end: '16:30', court: 'Pista 3', price: 45}
 AvailabilityService - Calculando precio: {courtName: 'Pista 3', durationInMinutes: 60, basePrice: 45, date: '2025-02-26', startTime: '16:00', …}
 AvailabilityService - Slot válido encontrado: {start: '16:00', end: '17:00', court: 'Pista 3', price: 45}
 AvailabilityService - Calculando precio: {courtName: 'Pista 3', durationInMinutes: 60, basePrice: 45, date: '2025-02-26', startTime: '16:30', …}
 AvailabilityService - Slot válido encontrado: {start: '16:30', end: '17:30', court: 'Pista 3', price: 45}
 AvailabilityService - Calculando precio: {courtName: 'Pista 3', durationInMinutes: 60, basePrice: 45, date: '2025-02-26', startTime: '17:00', …}
 AvailabilityService - Slot válido encontrado: {start: '17:00', end: '18:00', court: 'Pista 3', price: 45}
 AvailabilityService - Calculando precio: {courtName: 'Pista 3', durationInMinutes: 60, basePrice: 45, date: '2025-02-26', startTime: '17:30', …}
 AvailabilityService - Slot válido encontrado: {start: '17:30', end: '18:30', court: 'Pista 3', price: 45}
 AvailabilityService - Calculando precio: {courtName: 'Pista 3', durationInMinutes: 60, basePrice: 45, date: '2025-02-26', startTime: '18:00', …}
 AvailabilityService - Slot válido encontrado: {start: '18:00', end: '19:00', court: 'Pista 3', price: 45}
 AvailabilityService - Calculando precio: {courtName: 'Pista 3', durationInMinutes: 60, basePrice: 45, date: '2025-02-26', startTime: '18:30', …}
 AvailabilityService - Slot válido encontrado: {start: '18:30', end: '19:30', court: 'Pista 3', price: 45}
 AvailabilityService - Calculando precio: {courtName: 'Pista 3', durationInMinutes: 60, basePrice: 45, date: '2025-02-26', startTime: '19:00', …}
 AvailabilityService - Slot válido encontrado: {start: '19:00', end: '20:00', court: 'Pista 3', price: 45}
 AvailabilityService - Calculando precio: {courtName: 'Pista 3', durationInMinutes: 60, basePrice: 45, date: '2025-02-26', startTime: '19:30', …}
 AvailabilityService - Slot válido encontrado: {start: '19:30', end: '20:30', court: 'Pista 3', price: 45}
 AvailabilityService - Calculando precio: {courtName: 'Pista 3', durationInMinutes: 60, basePrice: 45, date: '2025-02-26', startTime: '20:00', …}
 AvailabilityService - Slot válido encontrado: {start: '20:00', end: '21:00', court: 'Pista 3', price: 45}
 AvailabilityService - Calculando precio: {courtName: 'Pista 3', durationInMinutes: 60, basePrice: 45, date: '2025-02-26', startTime: '20:30', …}
 AvailabilityService - Slot válido encontrado: {start: '20:30', end: '21:30', court: 'Pista 3', price: 45}
 AvailabilityService - Calculando precio: {courtName: 'Pista 3', durationInMinutes: 60, basePrice: 45, date: '2025-02-26', startTime: '21:00', …}
 AvailabilityService - Slot válido encontrado: {start: '21:00', end: '22:00', court: 'Pista 3', price: 45}
 AvailabilityService - Total slots generados para Pista 3: {totalSlots: 20, durationInMinutes: 60}
 AvailabilityService - Slots generados para Pista 3: (20) [{…}, {…}, {…}, {…}, {…}, {…}, {…}, {…}, {…}, {…}, {…}, {…}, {…}, {…}, {…}, {…}, {…}, {…}, {…}, {…}]
 AvailabilityService - Calculando precio: {courtName: 'Pista 3', durationInMinutes: 60, basePrice: 45, date: '2025-02-26', startTime: '08:00', …}
 AvailabilityService - Agregando slot con precio: {court: 'Pista 3', start: '08:00', end: '09:00', price: 45, durationInMinutes: 60}
 AvailabilityService - Calculando precio: {courtName: 'Pista 3', durationInMinutes: 60, basePrice: 45, date: '2025-02-26', startTime: '08:30', …}
 AvailabilityService - Agregando slot con precio: {court: 'Pista 3', start: '08:30', end: '09:30', price: 45, durationInMinutes: 60}
 AvailabilityService - Calculando precio: {courtName: 'Pista 3', durationInMinutes: 60, basePrice: 45, date: '2025-02-26', startTime: '09:00', …}
 AvailabilityService - Agregando slot con precio: {court: 'Pista 3', start: '09:00', end: '10:00', price: 45, durationInMinutes: 60}
 AvailabilityService - Calculando precio: {courtName: 'Pista 3', durationInMinutes: 60, basePrice: 45, date: '2025-02-26', startTime: '09:30', …}
 AvailabilityService - Agregando slot con precio: {court: 'Pista 3', start: '09:30', end: '10:30', price: 45, durationInMinutes: 60}
 AvailabilityService - Calculando precio: {courtName: 'Pista 3', durationInMinutes: 60, basePrice: 45, date: '2025-02-26', startTime: '10:00', …}
 AvailabilityService - Agregando slot con precio: {court: 'Pista 3', start: '10:00', end: '11:00', price: 45, durationInMinutes: 60}
 AvailabilityService - Calculando precio: {courtName: 'Pista 3', durationInMinutes: 60, basePrice: 45, date: '2025-02-26', startTime: '10:30', …}
 AvailabilityService - Agregando slot con precio: {court: 'Pista 3', start: '10:30', end: '11:30', price: 45, durationInMinutes: 60}
 AvailabilityService - Calculando precio: {courtName: 'Pista 3', durationInMinutes: 60, basePrice: 45, date: '2025-02-26', startTime: '11:00', …}
 AvailabilityService - Agregando slot con precio: {court: 'Pista 3', start: '11:00', end: '12:00', price: 45, durationInMinutes: 60}
 AvailabilityService - Calculando precio: {courtName: 'Pista 3', durationInMinutes: 60, basePrice: 45, date: '2025-02-26', startTime: '15:00', …}
 AvailabilityService - Agregando slot con precio: {court: 'Pista 3', start: '15:00', end: '16:00', price: 45, durationInMinutes: 60}
 AvailabilityService - Calculando precio: {courtName: 'Pista 3', durationInMinutes: 60, basePrice: 45, date: '2025-02-26', startTime: '15:30', …}
 AvailabilityService - Agregando slot con precio: {court: 'Pista 3', start: '15:30', end: '16:30', price: 45, durationInMinutes: 60}
 AvailabilityService - Calculando precio: {courtName: 'Pista 3', durationInMinutes: 60, basePrice: 45, date: '2025-02-26', startTime: '16:00', …}
 AvailabilityService - Agregando slot con precio: {court: 'Pista 3', start: '16:00', end: '17:00', price: 45, durationInMinutes: 60}
 AvailabilityService - Calculando precio: {courtName: 'Pista 3', durationInMinutes: 60, basePrice: 45, date: '2025-02-26', startTime: '16:30', …}
 AvailabilityService - Agregando slot con precio: {court: 'Pista 3', start: '16:30', end: '17:30', price: 45, durationInMinutes: 60}
 AvailabilityService - Calculando precio: {courtName: 'Pista 3', durationInMinutes: 60, basePrice: 45, date: '2025-02-26', startTime: '17:00', …}
 AvailabilityService - Agregando slot con precio: {court: 'Pista 3', start: '17:00', end: '18:00', price: 45, durationInMinutes: 60}
 AvailabilityService - Calculando precio: {courtName: 'Pista 3', durationInMinutes: 60, basePrice: 45, date: '2025-02-26', startTime: '17:30', …}
 AvailabilityService - Agregando slot con precio: {court: 'Pista 3', start: '17:30', end: '18:30', price: 45, durationInMinutes: 60}
 AvailabilityService - Calculando precio: {courtName: 'Pista 3', durationInMinutes: 60, basePrice: 45, date: '2025-02-26', startTime: '18:00', …}
 AvailabilityService - Agregando slot con precio: {court: 'Pista 3', start: '18:00', end: '19:00', price: 45, durationInMinutes: 60}
 AvailabilityService - Calculando precio: {courtName: 'Pista 3', durationInMinutes: 60, basePrice: 45, date: '2025-02-26', startTime: '18:30', …}
 AvailabilityService - Agregando slot con precio: {court: 'Pista 3', start: '18:30', end: '19:30', price: 45, durationInMinutes: 60}
 AvailabilityService - Calculando precio: {courtName: 'Pista 3', durationInMinutes: 60, basePrice: 45, date: '2025-02-26', startTime: '19:00', …}
 AvailabilityService - Agregando slot con precio: {court: 'Pista 3', start: '19:00', end: '20:00', price: 45, durationInMinutes: 60}
 AvailabilityService - Calculando precio: {courtName: 'Pista 3', durationInMinutes: 60, basePrice: 45, date: '2025-02-26', startTime: '19:30', …}
 AvailabilityService - Agregando slot con precio: {court: 'Pista 3', start: '19:30', end: '20:30', price: 45, durationInMinutes: 60}
 AvailabilityService - Calculando precio: {courtName: 'Pista 3', durationInMinutes: 60, basePrice: 45, date: '2025-02-26', startTime: '20:00', …}
 AvailabilityService - Agregando slot con precio: {court: 'Pista 3', start: '20:00', end: '21:00', price: 45, durationInMinutes: 60}
 AvailabilityService - Calculando precio: {courtName: 'Pista 3', durationInMinutes: 60, basePrice: 45, date: '2025-02-26', startTime: '20:30', …}
 AvailabilityService - Agregando slot con precio: {court: 'Pista 3', start: '20:30', end: '21:30', price: 45, durationInMinutes: 60}
 AvailabilityService - Calculando precio: {courtName: 'Pista 3', durationInMinutes: 60, basePrice: 45, date: '2025-02-26', startTime: '21:00', …}
 AvailabilityService - Agregando slot con precio: {court: 'Pista 3', start: '21:00', end: '22:00', price: 45, durationInMinutes: 60}
 AvailabilityService - Rangos disponibles después de filtrado: {totalRanges: 2, ranges: Array(2)}
 AvailabilityService - Rangos disponibles para Pista 1: {ranges: Array(2), durationInMinutes: 60, courtName: 'Pista 1'}
 AvailabilityService - Calculando precio: {courtName: 'Pista 1', durationInMinutes: 60, basePrice: 45, date: '2025-02-26', startTime: '08:00', …}
 AvailabilityService - Slot válido encontrado: {start: '08:00', end: '09:00', court: 'Pista 1', price: 45}
 AvailabilityService - Calculando precio: {courtName: 'Pista 1', durationInMinutes: 60, basePrice: 45, date: '2025-02-26', startTime: '08:30', …}
 AvailabilityService - Slot válido encontrado: {start: '08:30', end: '09:30', court: 'Pista 1', price: 45}
 AvailabilityService - Calculando precio: {courtName: 'Pista 1', durationInMinutes: 60, basePrice: 45, date: '2025-02-26', startTime: '09:00', …}
 AvailabilityService - Slot válido encontrado: {start: '09:00', end: '10:00', court: 'Pista 1', price: 45}
 AvailabilityService - Calculando precio: {courtName: 'Pista 1', durationInMinutes: 60, basePrice: 45, date: '2025-02-26', startTime: '09:30', …}
 AvailabilityService - Slot válido encontrado: {start: '09:30', end: '10:30', court: 'Pista 1', price: 45}
 AvailabilityService - Calculando precio: {courtName: 'Pista 1', durationInMinutes: 60, basePrice: 45, date: '2025-02-26', startTime: '10:00', …}
 AvailabilityService - Slot válido encontrado: {start: '10:00', end: '11:00', court: 'Pista 1', price: 45}
 AvailabilityService - Calculando precio: {courtName: 'Pista 1', durationInMinutes: 60, basePrice: 45, date: '2025-02-26', startTime: '10:30', …}
 AvailabilityService - Slot válido encontrado: {start: '10:30', end: '11:30', court: 'Pista 1', price: 45}
 AvailabilityService - Calculando precio: {courtName: 'Pista 1', durationInMinutes: 60, basePrice: 45, date: '2025-02-26', startTime: '11:00', …}
 AvailabilityService - Slot válido encontrado: {start: '11:00', end: '12:00', court: 'Pista 1', price: 45}
 AvailabilityService - Calculando precio: {courtName: 'Pista 1', durationInMinutes: 60, basePrice: 45, date: '2025-02-26', startTime: '15:00', …}
 AvailabilityService - Slot válido encontrado: {start: '15:00', end: '16:00', court: 'Pista 1', price: 45}
 AvailabilityService - Calculando precio: {courtName: 'Pista 1', durationInMinutes: 60, basePrice: 45, date: '2025-02-26', startTime: '15:30', …}
 AvailabilityService - Slot válido encontrado: {start: '15:30', end: '16:30', court: 'Pista 1', price: 45}
 AvailabilityService - Calculando precio: {courtName: 'Pista 1', durationInMinutes: 60, basePrice: 45, date: '2025-02-26', startTime: '16:00', …}
 AvailabilityService - Slot válido encontrado: {start: '16:00', end: '17:00', court: 'Pista 1', price: 45}
 AvailabilityService - Calculando precio: {courtName: 'Pista 1', durationInMinutes: 60, basePrice: 45, date: '2025-02-26', startTime: '16:30', …}
 AvailabilityService - Slot válido encontrado: {start: '16:30', end: '17:30', court: 'Pista 1', price: 45}
 AvailabilityService - Calculando precio: {courtName: 'Pista 1', durationInMinutes: 60, basePrice: 45, date: '2025-02-26', startTime: '17:00', …}
 AvailabilityService - Slot válido encontrado: {start: '17:00', end: '18:00', court: 'Pista 1', price: 45}
 AvailabilityService - Calculando precio: {courtName: 'Pista 1', durationInMinutes: 60, basePrice: 45, date: '2025-02-26', startTime: '17:30', …}
 AvailabilityService - Slot válido encontrado: {start: '17:30', end: '18:30', court: 'Pista 1', price: 45}
 AvailabilityService - Calculando precio: {courtName: 'Pista 1', durationInMinutes: 60, basePrice: 45, date: '2025-02-26', startTime: '18:00', …}
 AvailabilityService - Slot válido encontrado: {start: '18:00', end: '19:00', court: 'Pista 1', price: 45}
 AvailabilityService - Calculando precio: {courtName: 'Pista 1', durationInMinutes: 60, basePrice: 45, date: '2025-02-26', startTime: '18:30', …}
 AvailabilityService - Slot válido encontrado: {start: '18:30', end: '19:30', court: 'Pista 1', price: 45}
 AvailabilityService - Calculando precio: {courtName: 'Pista 1', durationInMinutes: 60, basePrice: 45, date: '2025-02-26', startTime: '19:00', …}
 AvailabilityService - Slot válido encontrado: {start: '19:00', end: '20:00', court: 'Pista 1', price: 45}
 AvailabilityService - Calculando precio: {courtName: 'Pista 1', durationInMinutes: 60, basePrice: 45, date: '2025-02-26', startTime: '19:30', …}
 AvailabilityService - Slot válido encontrado: {start: '19:30', end: '20:30', court: 'Pista 1', price: 45}
 AvailabilityService - Calculando precio: {courtName: 'Pista 1', durationInMinutes: 60, basePrice: 45, date: '2025-02-26', startTime: '20:00', …}
 AvailabilityService - Slot válido encontrado: {start: '20:00', end: '21:00', court: 'Pista 1', price: 45}
 AvailabilityService - Calculando precio: {courtName: 'Pista 1', durationInMinutes: 60, basePrice: 45, date: '2025-02-26', startTime: '20:30', …}
 AvailabilityService - Slot válido encontrado: {start: '20:30', end: '21:30', court: 'Pista 1', price: 45}
 AvailabilityService - Calculando precio: {courtName: 'Pista 1', durationInMinutes: 60, basePrice: 45, date: '2025-02-26', startTime: '21:00', …}
 AvailabilityService - Slot válido encontrado: {start: '21:00', end: '22:00', court: 'Pista 1', price: 45}
 AvailabilityService - Total slots generados para Pista 1: {totalSlots: 20, durationInMinutes: 60}
 AvailabilityService - Slots generados para Pista 1: (20) [{…}, {…}, {…}, {…}, {…}, {…}, {…}, {…}, {…}, {…}, {…}, {…}, {…}, {…}, {…}, {…}, {…}, {…}, {…}, {…}]
 AvailabilityService - Calculando precio: {courtName: 'Pista 1', durationInMinutes: 60, basePrice: 45, date: '2025-02-26', startTime: '08:00', …}
 AvailabilityService - Agregando slot con precio: {court: 'Pista 1', start: '08:00', end: '09:00', price: 45, durationInMinutes: 60}
 AvailabilityService - Calculando precio: {courtName: 'Pista 1', durationInMinutes: 60, basePrice: 45, date: '2025-02-26', startTime: '08:30', …}
 AvailabilityService - Agregando slot con precio: {court: 'Pista 1', start: '08:30', end: '09:30', price: 45, durationInMinutes: 60}
 AvailabilityService - Calculando precio: {courtName: 'Pista 1', durationInMinutes: 60, basePrice: 45, date: '2025-02-26', startTime: '09:00', …}
 AvailabilityService - Agregando slot con precio: {court: 'Pista 1', start: '09:00', end: '10:00', price: 45, durationInMinutes: 60}
 AvailabilityService - Calculando precio: {courtName: 'Pista 1', durationInMinutes: 60, basePrice: 45, date: '2025-02-26', startTime: '09:30', …}
 AvailabilityService - Agregando slot con precio: {court: 'Pista 1', start: '09:30', end: '10:30', price: 45, durationInMinutes: 60}
 AvailabilityService - Calculando precio: {courtName: 'Pista 1', durationInMinutes: 60, basePrice: 45, date: '2025-02-26', startTime: '10:00', …}
 AvailabilityService - Agregando slot con precio: {court: 'Pista 1', start: '10:00', end: '11:00', price: 45, durationInMinutes: 60}
 AvailabilityService - Calculando precio: {courtName: 'Pista 1', durationInMinutes: 60, basePrice: 45, date: '2025-02-26', startTime: '10:30', …}
 AvailabilityService - Agregando slot con precio: {court: 'Pista 1', start: '10:30', end: '11:30', price: 45, durationInMinutes: 60}
 AvailabilityService - Calculando precio: {courtName: 'Pista 1', durationInMinutes: 60, basePrice: 45, date: '2025-02-26', startTime: '11:00', …}
 AvailabilityService - Agregando slot con precio: {court: 'Pista 1', start: '11:00', end: '12:00', price: 45, durationInMinutes: 60}
 AvailabilityService - Calculando precio: {courtName: 'Pista 1', durationInMinutes: 60, basePrice: 45, date: '2025-02-26', startTime: '15:00', …}
 AvailabilityService - Agregando slot con precio: {court: 'Pista 1', start: '15:00', end: '16:00', price: 45, durationInMinutes: 60}
 AvailabilityService - Calculando precio: {courtName: 'Pista 1', durationInMinutes: 60, basePrice: 45, date: '2025-02-26', startTime: '15:30', …}
 AvailabilityService - Agregando slot con precio: {court: 'Pista 1', start: '15:30', end: '16:30', price: 45, durationInMinutes: 60}
 AvailabilityService - Calculando precio: {courtName: 'Pista 1', durationInMinutes: 60, basePrice: 45, date: '2025-02-26', startTime: '16:00', …}
 AvailabilityService - Agregando slot con precio: {court: 'Pista 1', start: '16:00', end: '17:00', price: 45, durationInMinutes: 60}
 AvailabilityService - Calculando precio: {courtName: 'Pista 1', durationInMinutes: 60, basePrice: 45, date: '2025-02-26', startTime: '16:30', …}
 AvailabilityService - Agregando slot con precio: {court: 'Pista 1', start: '16:30', end: '17:30', price: 45, durationInMinutes: 60}
 AvailabilityService - Calculando precio: {courtName: 'Pista 1', durationInMinutes: 60, basePrice: 45, date: '2025-02-26', startTime: '17:00', …}
 AvailabilityService - Agregando slot con precio: {court: 'Pista 1', start: '17:00', end: '18:00', price: 45, durationInMinutes: 60}
 AvailabilityService - Calculando precio: {courtName: 'Pista 1', durationInMinutes: 60, basePrice: 45, date: '2025-02-26', startTime: '17:30', …}
 AvailabilityService - Agregando slot con precio: {court: 'Pista 1', start: '17:30', end: '18:30', price: 45, durationInMinutes: 60}
 AvailabilityService - Calculando precio: {courtName: 'Pista 1', durationInMinutes: 60, basePrice: 45, date: '2025-02-26', startTime: '18:00', …}
 AvailabilityService - Agregando slot con precio: {court: 'Pista 1', start: '18:00', end: '19:00', price: 45, durationInMinutes: 60}
 AvailabilityService - Calculando precio: {courtName: 'Pista 1', durationInMinutes: 60, basePrice: 45, date: '2025-02-26', startTime: '18:30', …}
 AvailabilityService - Agregando slot con precio: {court: 'Pista 1', start: '18:30', end: '19:30', price: 45, durationInMinutes: 60}
 AvailabilityService - Calculando precio: {courtName: 'Pista 1', durationInMinutes: 60, basePrice: 45, date: '2025-02-26', startTime: '19:00', …}
 AvailabilityService - Agregando slot con precio: {court: 'Pista 1', start: '19:00', end: '20:00', price: 45, durationInMinutes: 60}
 AvailabilityService - Calculando precio: {courtName: 'Pista 1', durationInMinutes: 60, basePrice: 45, date: '2025-02-26', startTime: '19:30', …}
 AvailabilityService - Agregando slot con precio: {court: 'Pista 1', start: '19:30', end: '20:30', price: 45, durationInMinutes: 60}
 AvailabilityService - Calculando precio: {courtName: 'Pista 1', durationInMinutes: 60, basePrice: 45, date: '2025-02-26', startTime: '20:00', …}
 AvailabilityService - Agregando slot con precio: {court: 'Pista 1', start: '20:00', end: '21:00', price: 45, durationInMinutes: 60}
 AvailabilityService - Calculando precio: {courtName: 'Pista 1', durationInMinutes: 60, basePrice: 45, date: '2025-02-26', startTime: '20:30', …}
 AvailabilityService - Agregando slot con precio: {court: 'Pista 1', start: '20:30', end: '21:30', price: 45, durationInMinutes: 60}
 AvailabilityService - Calculando precio: {courtName: 'Pista 1', durationInMinutes: 60, basePrice: 45, date: '2025-02-26', startTime: '21:00', …}
 AvailabilityService - Agregando slot con precio: {court: 'Pista 1', start: '21:00', end: '22:00', price: 45, durationInMinutes: 60}
 AvailabilityService - findAvailableSlots - slots encontrados: {total: 67, slotsConPrecios: Array(67)}
 useAvailability - Slots obtenidos: {cantidad: 67, params: {…}, primerSlot: {…}}
 You're attempting to animate multiple children within AnimatePresence, but its mode is set to "wait". This will lead to odd visual behaviour.
AnimatePresence @ webpack-internal:///…sence/index.mjs:174
renderWithHooks @ webpack-internal:///…evelopment.js:11121
updateFunctionComponent @ webpack-internal:///…evelopment.js:16290
beginWork$1 @ webpack-internal:///…evelopment.js:18472
beginWork @ webpack-internal:///…evelopment.js:26927
performUnitOfWork @ webpack-internal:///…evelopment.js:25748
workLoopSync @ webpack-internal:///…evelopment.js:25464
renderRootSync @ webpack-internal:///…evelopment.js:25419
performConcurrentWorkOnRoot @ webpack-internal:///…evelopment.js:24504
workLoop @ webpack-internal:///….development.js:256
flushWork @ webpack-internal:///….development.js:225
performWorkUntilDeadline @ webpack-internal:///….development.js:534
 You're attempting to animate multiple children within AnimatePresence, but its mode is set to "wait". This will lead to odd visual behaviour.
AnimatePresence @ webpack-internal:///…sence/index.mjs:174
renderWithHooksAgain @ webpack-internal:///…evelopment.js:11272
renderWithHooks @ webpack-internal:///…evelopment.js:11135
updateFunctionComponent @ webpack-internal:///…evelopment.js:16290
beginWork$1 @ webpack-internal:///…evelopment.js:18472
beginWork @ webpack-internal:///…evelopment.js:26927
performUnitOfWork @ webpack-internal:///…evelopment.js:25748
workLoopSync @ webpack-internal:///…evelopment.js:25464
renderRootSync @ webpack-internal:///…evelopment.js:25419
performConcurrentWorkOnRoot @ webpack-internal:///…evelopment.js:24504
workLoop @ webpack-internal:///….development.js:256
flushWork @ webpack-internal:///….development.js:225
performWorkUntilDeadline @ webpack-internal:///….development.js:534
 Warning: Encountered two children with the same key, `54aca0f1-2f00-45d4-b662-094defa9c704-2025-02-26-10:00`. Keys should be unique so that components maintain their identity across updates. Non-unique keys may cause children to be duplicated and/or omitted — the behavior is unsupported and could change in a future version.
    at div
    at div
    at div
    at div
    at div
    at div
    at div
    at div
    at div
    at PreviewContainer (webpack-internal:///(app-pages-browser)/./src/components/preview/layout/PreviewContainer.tsx:12:11)
    at ShiftsPreview (webpack-internal:///(app-pages-browser)/./src/components/preview/steps/ShiftsPreview.tsx:331:11)
    at div
    at MotionComponent (webpack-internal:///(app-pages-browser)/./node_modules/framer-motion/dist/es/motion/index.mjs:49:65)
    at PresenceChild (webpack-internal:///(app-pages-browser)/./node_modules/framer-motion/dist/es/components/AnimatePresence/PresenceChild.mjs:15:26)
    at AnimatePresence (webpack-internal:///(app-pages-browser)/./node_modules/framer-motion/dist/es/components/AnimatePresence/index.mjs:72:28)
    at div
    at div
    at div
    at main
    at FormContainer (webpack-internal:///(app-pages-browser)/./src/components/public-form/layout/FormContainer.tsx:15:11)
    at PublicFormContent (webpack-internal:///(app-pages-browser)/./src/components/public-form/layout/PublicFormContent.tsx:23:11)
    at div
    at PublicFormLayout (webpack-internal:///(app-pages-browser)/./src/components/public-form/layout/PublicFormLayout.tsx:18:11)
    at PublicFormContent (webpack-internal:///(app-pages-browser)/./src/components/public-form/PublicFormContent.tsx:22:11)
    at div
    at FormProvider (webpack-internal:///(app-pages-browser)/./src/contexts/FormContext.tsx:100:11)
    at PublicFormPage (webpack-internal:///(app-pages-browser)/./src/app/f/[slug]/page.tsx:29:78)
    at ClientPageRoot (webpack-internal:///(app-pages-browser)/./node_modules/next/dist/client/components/client-page.js:14:11)
    at InnerLayoutRouter (webpack-internal:///(app-pages-browser)/./node_modules/next/dist/client/components/layout-router.js:243:11)
    at RedirectErrorBoundary (webpack-internal:///(app-pages-browser)/./node_modules/next/dist/client/components/redirect-boundary.js:74:9)
    at RedirectBoundary (webpack-internal:///(app-pages-browser)/./node_modules/next/dist/client/components/redirect-boundary.js:82:11)
    at NotFoundBoundary (webpack-internal:///(app-pages-browser)/./node_modules/next/dist/client/components/not-found-boundary.js:84:11)
    at LoadingBoundary (webpack-internal:///(app-pages-browser)/./node_modules/next/dist/client/components/layout-router.js:349:11)
    at ErrorBoundary (webpack-internal:///(app-pages-browser)/./node_modules/next/dist/client/components/error-boundary.js:160:11)
    at InnerScrollAndFocusHandler (webpack-internal:///(app-pages-browser)/./node_modules/next/dist/client/components/layout-router.js:153:9)
    at ScrollAndFocusHandler (webpack-internal:///(app-pages-browser)/./node_modules/next/dist/client/components/layout-router.js:228:11)
    at RenderFromTemplateContext (webpack-internal:///(app-pages-browser)/./node_modules/next/dist/client/components/render-from-template-context.js:16:44)
    at OuterLayoutRouter (webpack-internal:///(app-pages-browser)/./node_modules/next/dist/client/components/layout-router.js:370:11)
    at FormProvider (webpack-internal:///(app-pages-browser)/./src/contexts/FormContext.tsx:100:11)
    at BranchProvider (webpack-internal:///(app-pages-browser)/./src/contexts/BranchContext.tsx:38:11)
    at OrganizationProvider (webpack-internal:///(app-pages-browser)/./src/contexts/OrganizationContext.tsx:47:11)
    at DateProvider (webpack-internal:///(app-pages-browser)/./src/contexts/DateContext.tsx:14:11)
    at AuthProvider (webpack-internal:///(app-pages-browser)/./src/contexts/AuthContext.tsx:46:11)
    at PublicFormLayout (webpack-internal:///(app-pages-browser)/./src/app/f/[slug]/layout.tsx:18:11)
    at InnerLayoutRouter (webpack-internal:///(app-pages-browser)/./node_modules/next/dist/client/components/layout-router.js:243:11)
    at RedirectErrorBoundary (webpack-internal:///(app-pages-browser)/./node_modules/next/dist/client/components/redirect-boundary.js:74:9)
    at RedirectBoundary (webpack-internal:///(app-pages-browser)/./node_modules/next/dist/client/components/redirect-boundary.js:82:11)
    at NotFoundBoundary (webpack-internal:///(app-pages-browser)/./node_modules/next/dist/client/components/not-found-boundary.js:84:11)
    at LoadingBoundary (webpack-internal:///(app-pages-browser)/./node_modules/next/dist/client/components/layout-router.js:349:11)
    at ErrorBoundary (webpack-internal:///(app-pages-browser)/./node_modules/next/dist/client/components/error-boundary.js:160:11)
    at InnerScrollAndFocusHandler (webpack-internal:///(app-pages-browser)/./node_modules/next/dist/client/components/layout-router.js:153:9)
    at ScrollAndFocusHandler (webpack-internal:///(app-pages-browser)/./node_modules/next/dist/client/components/layout-router.js:228:11)
    at RenderFromTemplateContext (webpack-internal:///(app-pages-browser)/./node_modules/next/dist/client/components/render-from-template-context.js:16:44)
    at OuterLayoutRouter (webpack-internal:///(app-pages-browser)/./node_modules/next/dist/client/components/layout-router.js:370:11)
    at InnerLayoutRouter (webpack-internal:///(app-pages-browser)/./node_modules/next/dist/client/components/layout-router.js:243:11)
    at RedirectErrorBoundary (webpack-internal:///(app-pages-browser)/./node_modules/next/dist/client/components/redirect-boundary.js:74:9)
    at RedirectBoundary (webpack-internal:///(app-pages-browser)/./node_modules/next/dist/client/components/redirect-boundary.js:82:11)
    at NotFoundErrorBoundary (webpack-internal:///(app-pages-browser)/./node_modules/next/dist/client/components/not-found-boundary.js:76:9)
    at NotFoundBoundary (webpack-internal:///(app-pages-browser)/./node_modules/next/dist/client/components/not-found-boundary.js:84:11)
    at LoadingBoundary (webpack-internal:///(app-pages-browser)/./node_modules/next/dist/client/components/layout-router.js:349:11)
    at ErrorBoundary (webpack-internal:///(app-pages-browser)/./node_modules/next/dist/client/components/error-boundary.js:160:11)
    at InnerScrollAndFocusHandler (webpack-internal:///(app-pages-browser)/./node_modules/next/dist/client/components/layout-router.js:153:9)
    at ScrollAndFocusHandler (webpack-internal:///(app-pages-browser)/./node_modules/next/dist/client/components/layout-router.js:228:11)
    at RenderFromTemplateContext (webpack-internal:///(app-pages-browser)/./node_modules/next/dist/client/components/render-from-template-context.js:16:44)
    at OuterLayoutRouter (webpack-internal:///(app-pages-browser)/./node_modules/next/dist/client/components/layout-router.js:370:11)
    at FormItemsProvider (webpack-internal:///(app-pages-browser)/./src/contexts/FormItemsContext.tsx:14:11)
    at BranchProvider (webpack-internal:///(app-pages-browser)/./src/contexts/BranchContext.tsx:38:11)
    at OrganizationProvider (webpack-internal:///(app-pages-browser)/./src/contexts/OrganizationContext.tsx:47:11)
    at AuthProvider (webpack-internal:///(app-pages-browser)/./src/contexts/AuthContext.tsx:46:11)
    at QueryClientProvider (webpack-internal:///(app-pages-browser)/./node_modules/@tanstack/react-query/build/modern/QueryClientProvider.js:27:11)
    at Providers (webpack-internal:///(app-pages-browser)/./src/app/providers.tsx:57:11)
    at DateProvider (webpack-internal:///(app-pages-browser)/./src/contexts/DateContext.tsx:14:11)
    at body
    at html
    at RootLayout (Server)
    at RedirectErrorBoundary (webpack-internal:///(app-pages-browser)/./node_modules/next/dist/client/components/redirect-boundary.js:74:9)
    at RedirectBoundary (webpack-internal:///(app-pages-browser)/./node_modules/next/dist/client/components/redirect-boundary.js:82:11)
    at NotFoundErrorBoundary (webpack-internal:///(app-pages-browser)/./node_modules/next/dist/client/components/not-found-boundary.js:76:9)
    at NotFoundBoundary (webpack-internal:///(app-pages-browser)/./node_modules/next/dist/client/components/not-found-boundary.js:84:11)
    at DevRootNotFoundBoundary (webpack-internal:///(app-pages-browser)/./node_modules/next/dist/client/components/dev-root-not-found-boundary.js:33:11)
    at ReactDevOverlay (webpack-internal:///(app-pages-browser)/./node_modules/next/dist/client/components/react-dev-overlay/app/ReactDevOverlay.js:87:9)
    at HotReload (webpack-internal:///(app-pages-browser)/./node_modules/next/dist/client/components/react-dev-overlay/app/hot-reloader-client.js:321:11)
    at Router (webpack-internal:///(app-pages-browser)/./node_modules/next/dist/client/components/app-router.js:207:11)
    at ErrorBoundaryHandler (webpack-internal:///(app-pages-browser)/./node_modules/next/dist/client/components/error-boundary.js:113:9)
    at ErrorBoundary (webpack-internal:///(app-pages-browser)/./node_modules/next/dist/client/components/error-boundary.js:160:11)
    at AppRouter (webpack-internal:///(app-pages-browser)/./node_modules/next/dist/client/components/app-router.js:585:13)
    at ServerRoot (webpack-internal:///(app-pages-browser)/./node_modules/next/dist/client/app-index.js:112:27)
    at Root (webpack-internal:///(app-pages-browser)/./node_modules/next/dist/client/app-index.js:117:11)
window.console.error @ webpack-internal:///…ent/app-index.js:33
console.error @ webpack-internal:///…on-error-info.js:63
printWarning @ webpack-internal:///…m.development.js:94
error @ webpack-internal:///…m.development.js:68
warnOnInvalidKey @ webpack-internal:///…development.js:9977
reconcileChildrenArray @ webpack-internal:///…evelopment.js:10014
reconcileChildFibersImpl @ webpack-internal:///…evelopment.js:10515
reconcileChildFibers @ webpack-internal:///…evelopment.js:10573
reconcileChildren @ webpack-internal:///…evelopment.js:15809
updateHostComponent$1 @ webpack-internal:///…evelopment.js:16687
beginWork$1 @ webpack-internal:///…evelopment.js:18503
beginWork @ webpack-internal:///…evelopment.js:26927
performUnitOfWork @ webpack-internal:///…evelopment.js:25748
workLoopSync @ webpack-internal:///…evelopment.js:25464
renderRootSync @ webpack-internal:///…evelopment.js:25419
performConcurrentWorkOnRoot @ webpack-internal:///…evelopment.js:24504
workLoop @ webpack-internal:///….development.js:256
flushWork @ webpack-internal:///….development.js:225
performWorkUntilDeadline @ webpack-internal:///….development.js:534
 Warning: Encountered two children with the same key, `54aca0f1-2f00-45d4-b662-094defa9c704-2025-02-26-18:00`. Keys should be unique so that components maintain their identity across updates. Non-unique keys may cause children to be duplicated and/or omitted — the behavior is unsupported and could change in a future version.
    at div
    at div
    at div
    at div
    at div
    at div
    at div
    at div
    at div
    at PreviewContainer (webpack-internal:///(app-pages-browser)/./src/components/preview/layout/PreviewContainer.tsx:12:11)
    at ShiftsPreview (webpack-internal:///(app-pages-browser)/./src/components/preview/steps/ShiftsPreview.tsx:331:11)
    at div
    at MotionComponent (webpack-internal:///(app-pages-browser)/./node_modules/framer-motion/dist/es/motion/index.mjs:49:65)
    at PresenceChild (webpack-internal:///(app-pages-browser)/./node_modules/framer-motion/dist/es/components/AnimatePresence/PresenceChild.mjs:15:26)
    at AnimatePresence (webpack-internal:///(app-pages-browser)/./node_modules/framer-motion/dist/es/components/AnimatePresence/index.mjs:72:28)
    at div
    at div
    at div
    at main
    at FormContainer (webpack-internal:///(app-pages-browser)/./src/components/public-form/layout/FormContainer.tsx:15:11)
    at PublicFormContent (webpack-internal:///(app-pages-browser)/./src/components/public-form/layout/PublicFormContent.tsx:23:11)
    at div
    at PublicFormLayout (webpack-internal:///(app-pages-browser)/./src/components/public-form/layout/PublicFormLayout.tsx:18:11)
    at PublicFormContent (webpack-internal:///(app-pages-browser)/./src/components/public-form/PublicFormContent.tsx:22:11)
    at div
    at FormProvider (webpack-internal:///(app-pages-browser)/./src/contexts/FormContext.tsx:100:11)
    at PublicFormPage (webpack-internal:///(app-pages-browser)/./src/app/f/[slug]/page.tsx:29:78)
    at ClientPageRoot (webpack-internal:///(app-pages-browser)/./node_modules/next/dist/client/components/client-page.js:14:11)
    at InnerLayoutRouter (webpack-internal:///(app-pages-browser)/./node_modules/next/dist/client/components/layout-router.js:243:11)
    at RedirectErrorBoundary (webpack-internal:///(app-pages-browser)/./node_modules/next/dist/client/components/redirect-boundary.js:74:9)
    at RedirectBoundary (webpack-internal:///(app-pages-browser)/./node_modules/next/dist/client/components/redirect-boundary.js:82:11)
    at NotFoundBoundary (webpack-internal:///(app-pages-browser)/./node_modules/next/dist/client/components/not-found-boundary.js:84:11)
    at LoadingBoundary (webpack-internal:///(app-pages-browser)/./node_modules/next/dist/client/components/layout-router.js:349:11)
    at ErrorBoundary (webpack-internal:///(app-pages-browser)/./node_modules/next/dist/client/components/error-boundary.js:160:11)
    at InnerScrollAndFocusHandler (webpack-internal:///(app-pages-browser)/./node_modules/next/dist/client/components/layout-router.js:153:9)
    at ScrollAndFocusHandler (webpack-internal:///(app-pages-browser)/./node_modules/next/dist/client/components/layout-router.js:228:11)
    at RenderFromTemplateContext (webpack-internal:///(app-pages-browser)/./node_modules/next/dist/client/components/render-from-template-context.js:16:44)
    at OuterLayoutRouter (webpack-internal:///(app-pages-browser)/./node_modules/next/dist/client/components/layout-router.js:370:11)
    at FormProvider (webpack-internal:///(app-pages-browser)/./src/contexts/FormContext.tsx:100:11)
    at BranchProvider (webpack-internal:///(app-pages-browser)/./src/contexts/BranchContext.tsx:38:11)
    at OrganizationProvider (webpack-internal:///(app-pages-browser)/./src/contexts/OrganizationContext.tsx:47:11)
    at DateProvider (webpack-internal:///(app-pages-browser)/./src/contexts/DateContext.tsx:14:11)
    at AuthProvider (webpack-internal:///(app-pages-browser)/./src/contexts/AuthContext.tsx:46:11)
    at PublicFormLayout (webpack-internal:///(app-pages-browser)/./src/app/f/[slug]/layout.tsx:18:11)
    at InnerLayoutRouter (webpack-internal:///(app-pages-browser)/./node_modules/next/dist/client/components/layout-router.js:243:11)
    at RedirectErrorBoundary (webpack-internal:///(app-pages-browser)/./node_modules/next/dist/client/components/redirect-boundary.js:74:9)
    at RedirectBoundary (webpack-internal:///(app-pages-browser)/./node_modules/next/dist/client/components/redirect-boundary.js:82:11)
    at NotFoundBoundary (webpack-internal:///(app-pages-browser)/./node_modules/next/dist/client/components/not-found-boundary.js:84:11)
    at LoadingBoundary (webpack-internal:///(app-pages-browser)/./node_modules/next/dist/client/components/layout-router.js:349:11)
    at ErrorBoundary (webpack-internal:///(app-pages-browser)/./node_modules/next/dist/client/components/error-boundary.js:160:11)
    at InnerScrollAndFocusHandler (webpack-internal:///(app-pages-browser)/./node_modules/next/dist/client/components/layout-router.js:153:9)
    at ScrollAndFocusHandler (webpack-internal:///(app-pages-browser)/./node_modules/next/dist/client/components/layout-router.js:228:11)
    at RenderFromTemplateContext (webpack-internal:///(app-pages-browser)/./node_modules/next/dist/client/components/render-from-template-context.js:16:44)
    at OuterLayoutRouter (webpack-internal:///(app-pages-browser)/./node_modules/next/dist/client/components/layout-router.js:370:11)
    at InnerLayoutRouter (webpack-internal:///(app-pages-browser)/./node_modules/next/dist/client/components/layout-router.js:243:11)
    at RedirectErrorBoundary (webpack-internal:///(app-pages-browser)/./node_modules/next/dist/client/components/redirect-boundary.js:74:9)
    at RedirectBoundary (webpack-internal:///(app-pages-browser)/./node_modules/next/dist/client/components/redirect-boundary.js:82:11)
    at NotFoundErrorBoundary (webpack-internal:///(app-pages-browser)/./node_modules/next/dist/client/components/not-found-boundary.js:76:9)
    at NotFoundBoundary (webpack-internal:///(app-pages-browser)/./node_modules/next/dist/client/components/not-found-boundary.js:84:11)
    at LoadingBoundary (webpack-internal:///(app-pages-browser)/./node_modules/next/dist/client/components/layout-router.js:349:11)
    at ErrorBoundary (webpack-internal:///(app-pages-browser)/./node_modules/next/dist/client/components/error-boundary.js:160:11)
    at InnerScrollAndFocusHandler (webpack-internal:///(app-pages-browser)/./node_modules/next/dist/client/components/layout-router.js:153:9)
    at ScrollAndFocusHandler (webpack-internal:///(app-pages-browser)/./node_modules/next/dist/client/components/layout-router.js:228:11)
    at RenderFromTemplateContext (webpack-internal:///(app-pages-browser)/./node_modules/next/dist/client/components/render-from-template-context.js:16:44)
    at OuterLayoutRouter (webpack-internal:///(app-pages-browser)/./node_modules/next/dist/client/components/layout-router.js:370:11)
    at FormItemsProvider (webpack-internal:///(app-pages-browser)/./src/contexts/FormItemsContext.tsx:14:11)
    at BranchProvider (webpack-internal:///(app-pages-browser)/./src/contexts/BranchContext.tsx:38:11)
    at OrganizationProvider (webpack-internal:///(app-pages-browser)/./src/contexts/OrganizationContext.tsx:47:11)
    at AuthProvider (webpack-internal:///(app-pages-browser)/./src/contexts/AuthContext.tsx:46:11)
    at QueryClientProvider (webpack-internal:///(app-pages-browser)/./node_modules/@tanstack/react-query/build/modern/QueryClientProvider.js:27:11)
    at Providers (webpack-internal:///(app-pages-browser)/./src/app/providers.tsx:57:11)
    at DateProvider (webpack-internal:///(app-pages-browser)/./src/contexts/DateContext.tsx:14:11)
    at body
    at html
    at RootLayout (Server)
    at RedirectErrorBoundary (webpack-internal:///(app-pages-browser)/./node_modules/next/dist/client/components/redirect-boundary.js:74:9)
    at RedirectBoundary (webpack-internal:///(app-pages-browser)/./node_modules/next/dist/client/components/redirect-boundary.js:82:11)
    at NotFoundErrorBoundary (webpack-internal:///(app-pages-browser)/./node_modules/next/dist/client/components/not-found-boundary.js:76:9)
    at NotFoundBoundary (webpack-internal:///(app-pages-browser)/./node_modules/next/dist/client/components/not-found-boundary.js:84:11)
    at DevRootNotFoundBoundary (webpack-internal:///(app-pages-browser)/./node_modules/next/dist/client/components/dev-root-not-found-boundary.js:33:11)
    at ReactDevOverlay (webpack-internal:///(app-pages-browser)/./node_modules/next/dist/client/components/react-dev-overlay/app/ReactDevOverlay.js:87:9)
    at HotReload (webpack-internal:///(app-pages-browser)/./node_modules/next/dist/client/components/react-dev-overlay/app/hot-reloader-client.js:321:11)
    at Router (webpack-internal:///(app-pages-browser)/./node_modules/next/dist/client/components/app-router.js:207:11)
    at ErrorBoundaryHandler (webpack-internal:///(app-pages-browser)/./node_modules/next/dist/client/components/error-boundary.js:113:9)
    at ErrorBoundary (webpack-internal:///(app-pages-browser)/./node_modules/next/dist/client/components/error-boundary.js:160:11)
    at AppRouter (webpack-internal:///(app-pages-browser)/./node_modules/next/dist/client/components/app-router.js:585:13)
    at ServerRoot (webpack-internal:///(app-pages-browser)/./node_modules/next/dist/client/app-index.js:112:27)
    at Root (webpack-internal:///(app-pages-browser)/./node_modules/next/dist/client/app-index.js:117:11)
window.console.error @ webpack-internal:///…ent/app-index.js:33
console.error @ webpack-internal:///…on-error-info.js:63
printWarning @ webpack-internal:///…m.development.js:94
error @ webpack-internal:///…m.development.js:68
warnOnInvalidKey @ webpack-internal:///…development.js:9977
reconcileChildrenArray @ webpack-internal:///…evelopment.js:10014
reconcileChildFibersImpl @ webpack-internal:///…evelopment.js:10515
reconcileChildFibers @ webpack-internal:///…evelopment.js:10573
reconcileChildren @ webpack-internal:///…evelopment.js:15809
updateHostComponent$1 @ webpack-internal:///…evelopment.js:16687
beginWork$1 @ webpack-internal:///…evelopment.js:18503
beginWork @ webpack-internal:///…evelopment.js:26927
performUnitOfWork @ webpack-internal:///…evelopment.js:25748
workLoopSync @ webpack-internal:///…evelopment.js:25464
renderRootSync @ webpack-internal:///…evelopment.js:25419
performConcurrentWorkOnRoot @ webpack-internal:///…evelopment.js:24504
workLoop @ webpack-internal:///….development.js:256
flushWork @ webpack-internal:///….development.js:225
performWorkUntilDeadline @ webpack-internal:///….development.js:534
 Warning: Encountered two children with the same key, `54aca0f1-2f00-45d4-b662-094defa9c704-2025-02-26-18:30`. Keys should be unique so that components maintain their identity across updates. Non-unique keys may cause children to be duplicated and/or omitted — the behavior is unsupported and could change in a future version.
    at div
    at div
    at div
    at div
    at div
    at div
    at div
    at div
    at div
    at PreviewContainer (webpack-internal:///(app-pages-browser)/./src/components/preview/layout/PreviewContainer.tsx:12:11)
    at ShiftsPreview (webpack-internal:///(app-pages-browser)/./src/components/preview/steps/ShiftsPreview.tsx:331:11)
    at div
    at MotionComponent (webpack-internal:///(app-pages-browser)/./node_modules/framer-motion/dist/es/motion/index.mjs:49:65)
    at PresenceChild (webpack-internal:///(app-pages-browser)/./node_modules/framer-motion/dist/es/components/AnimatePresence/PresenceChild.mjs:15:26)
    at AnimatePresence (webpack-internal:///(app-pages-browser)/./node_modules/framer-motion/dist/es/components/AnimatePresence/index.mjs:72:28)
    at div
    at div
    at div
    at main
    at FormContainer (webpack-internal:///(app-pages-browser)/./src/components/public-form/layout/FormContainer.tsx:15:11)
    at PublicFormContent (webpack-internal:///(app-pages-browser)/./src/components/public-form/layout/PublicFormContent.tsx:23:11)
    at div
    at PublicFormLayout (webpack-internal:///(app-pages-browser)/./src/components/public-form/layout/PublicFormLayout.tsx:18:11)
    at PublicFormContent (webpack-internal:///(app-pages-browser)/./src/components/public-form/PublicFormContent.tsx:22:11)
    at div
    at FormProvider (webpack-internal:///(app-pages-browser)/./src/contexts/FormContext.tsx:100:11)
    at PublicFormPage (webpack-internal:///(app-pages-browser)/./src/app/f/[slug]/page.tsx:29:78)
    at ClientPageRoot (webpack-internal:///(app-pages-browser)/./node_modules/next/dist/client/components/client-page.js:14:11)
    at InnerLayoutRouter (webpack-internal:///(app-pages-browser)/./node_modules/next/dist/client/components/layout-router.js:243:11)
    at RedirectErrorBoundary (webpack-internal:///(app-pages-browser)/./node_modules/next/dist/client/components/redirect-boundary.js:74:9)
    at RedirectBoundary (webpack-internal:///(app-pages-browser)/./node_modules/next/dist/client/components/redirect-boundary.js:82:11)
    at NotFoundBoundary (webpack-internal:///(app-pages-browser)/./node_modules/next/dist/client/components/not-found-boundary.js:84:11)
    at LoadingBoundary (webpack-internal:///(app-pages-browser)/./node_modules/next/dist/client/components/layout-router.js:349:11)
    at ErrorBoundary (webpack-internal:///(app-pages-browser)/./node_modules/next/dist/client/components/error-boundary.js:160:11)
    at InnerScrollAndFocusHandler (webpack-internal:///(app-pages-browser)/./node_modules/next/dist/client/components/layout-router.js:153:9)
    at ScrollAndFocusHandler (webpack-internal:///(app-pages-browser)/./node_modules/next/dist/client/components/layout-router.js:228:11)
    at RenderFromTemplateContext (webpack-internal:///(app-pages-browser)/./node_modules/next/dist/client/components/render-from-template-context.js:16:44)
    at OuterLayoutRouter (webpack-internal:///(app-pages-browser)/./node_modules/next/dist/client/components/layout-router.js:370:11)
    at FormProvider (webpack-internal:///(app-pages-browser)/./src/contexts/FormContext.tsx:100:11)
    at BranchProvider (webpack-internal:///(app-pages-browser)/./src/contexts/BranchContext.tsx:38:11)
    at OrganizationProvider (webpack-internal:///(app-pages-browser)/./src/contexts/OrganizationContext.tsx:47:11)
    at DateProvider (webpack-internal:///(app-pages-browser)/./src/contexts/DateContext.tsx:14:11)
    at AuthProvider (webpack-internal:///(app-pages-browser)/./src/contexts/AuthContext.tsx:46:11)
    at PublicFormLayout (webpack-internal:///(app-pages-browser)/./src/app/f/[slug]/layout.tsx:18:11)
    at InnerLayoutRouter (webpack-internal:///(app-pages-browser)/./node_modules/next/dist/client/components/layout-router.js:243:11)
    at RedirectErrorBoundary (webpack-internal:///(app-pages-browser)/./node_modules/next/dist/client/components/redirect-boundary.js:74:9)
    at RedirectBoundary (webpack-internal:///(app-pages-browser)/./node_modules/next/dist/client/components/redirect-boundary.js:82:11)
    at NotFoundBoundary (webpack-internal:///(app-pages-browser)/./node_modules/next/dist/client/components/not-found-boundary.js:84:11)
    at LoadingBoundary (webpack-internal:///(app-pages-browser)/./node_modules/next/dist/client/components/layout-router.js:349:11)
    at ErrorBoundary (webpack-internal:///(app-pages-browser)/./node_modules/next/dist/client/components/error-boundary.js:160:11)
    at InnerScrollAndFocusHandler (webpack-internal:///(app-pages-browser)/./node_modules/next/dist/client/components/layout-router.js:153:9)
    at ScrollAndFocusHandler (webpack-internal:///(app-pages-browser)/./node_modules/next/dist/client/components/layout-router.js:228:11)
    at RenderFromTemplateContext (webpack-internal:///(app-pages-browser)/./node_modules/next/dist/client/components/render-from-template-context.js:16:44)
    at OuterLayoutRouter (webpack-internal:///(app-pages-browser)/./node_modules/next/dist/client/components/layout-router.js:370:11)
    at InnerLayoutRouter (webpack-internal:///(app-pages-browser)/./node_modules/next/dist/client/components/layout-router.js:243:11)
    at RedirectErrorBoundary (webpack-internal:///(app-pages-browser)/./node_modules/next/dist/client/components/redirect-boundary.js:74:9)
    at RedirectBoundary (webpack-internal:///(app-pages-browser)/./node_modules/next/dist/client/components/redirect-boundary.js:82:11)
    at NotFoundErrorBoundary (webpack-internal:///(app-pages-browser)/./node_modules/next/dist/client/components/not-found-boundary.js:76:9)
    at NotFoundBoundary (webpack-internal:///(app-pages-browser)/./node_modules/next/dist/client/components/not-found-boundary.js:84:11)
    at LoadingBoundary (webpack-internal:///(app-pages-browser)/./node_modules/next/dist/client/components/layout-router.js:349:11)
    at ErrorBoundary (webpack-internal:///(app-pages-browser)/./node_modules/next/dist/client/components/error-boundary.js:160:11)
    at InnerScrollAndFocusHandler (webpack-internal:///(app-pages-browser)/./node_modules/next/dist/client/components/layout-router.js:153:9)
    at ScrollAndFocusHandler (webpack-internal:///(app-pages-browser)/./node_modules/next/dist/client/components/layout-router.js:228:11)
    at RenderFromTemplateContext (webpack-internal:///(app-pages-browser)/./node_modules/next/dist/client/components/render-from-template-context.js:16:44)
    at OuterLayoutRouter (webpack-internal:///(app-pages-browser)/./node_modules/next/dist/client/components/layout-router.js:370:11)
    at FormItemsProvider (webpack-internal:///(app-pages-browser)/./src/contexts/FormItemsContext.tsx:14:11)
    at BranchProvider (webpack-internal:///(app-pages-browser)/./src/contexts/BranchContext.tsx:38:11)
    at OrganizationProvider (webpack-internal:///(app-pages-browser)/./src/contexts/OrganizationContext.tsx:47:11)
    at AuthProvider (webpack-internal:///(app-pages-browser)/./src/contexts/AuthContext.tsx:46:11)
    at QueryClientProvider (webpack-internal:///(app-pages-browser)/./node_modules/@tanstack/react-query/build/modern/QueryClientProvider.js:27:11)
    at Providers (webpack-internal:///(app-pages-browser)/./src/app/providers.tsx:57:11)
    at DateProvider (webpack-internal:///(app-pages-browser)/./src/contexts/DateContext.tsx:14:11)
    at body
    at html
    at RootLayout (Server)
    at RedirectErrorBoundary (webpack-internal:///(app-pages-browser)/./node_modules/next/dist/client/components/redirect-boundary.js:74:9)
    at RedirectBoundary (webpack-internal:///(app-pages-browser)/./node_modules/next/dist/client/components/redirect-boundary.js:82:11)
    at NotFoundErrorBoundary (webpack-internal:///(app-pages-browser)/./node_modules/next/dist/client/components/not-found-boundary.js:76:9)
    at NotFoundBoundary (webpack-internal:///(app-pages-browser)/./node_modules/next/dist/client/components/not-found-boundary.js:84:11)
    at DevRootNotFoundBoundary (webpack-internal:///(app-pages-browser)/./node_modules/next/dist/client/components/dev-root-not-found-boundary.js:33:11)
    at ReactDevOverlay (webpack-internal:///(app-pages-browser)/./node_modules/next/dist/client/components/react-dev-overlay/app/ReactDevOverlay.js:87:9)
    at HotReload (webpack-internal:///(app-pages-browser)/./node_modules/next/dist/client/components/react-dev-overlay/app/hot-reloader-client.js:321:11)
    at Router (webpack-internal:///(app-pages-browser)/./node_modules/next/dist/client/components/app-router.js:207:11)
    at ErrorBoundaryHandler (webpack-internal:///(app-pages-browser)/./node_modules/next/dist/client/components/error-boundary.js:113:9)
    at ErrorBoundary (webpack-internal:///(app-pages-browser)/./node_modules/next/dist/client/components/error-boundary.js:160:11)
    at AppRouter (webpack-internal:///(app-pages-browser)/./node_modules/next/dist/client/components/app-router.js:585:13)
    at ServerRoot (webpack-internal:///(app-pages-browser)/./node_modules/next/dist/client/app-index.js:112:27)
    at Root (webpack-internal:///(app-pages-browser)/./node_modules/next/dist/client/app-index.js:117:11)
window.console.error @ webpack-internal:///…ent/app-index.js:33
console.error @ webpack-internal:///…on-error-info.js:63
printWarning @ webpack-internal:///…m.development.js:94
error @ webpack-internal:///…m.development.js:68
warnOnInvalidKey @ webpack-internal:///…development.js:9977
reconcileChildrenArray @ webpack-internal:///…evelopment.js:10014
reconcileChildFibersImpl @ webpack-internal:///…evelopment.js:10515
reconcileChildFibers @ webpack-internal:///…evelopment.js:10573
reconcileChildren @ webpack-internal:///…evelopment.js:15809
updateHostComponent$1 @ webpack-internal:///…evelopment.js:16687
beginWork$1 @ webpack-internal:///…evelopment.js:18503
beginWork @ webpack-internal:///…evelopment.js:26927
performUnitOfWork @ webpack-internal:///…evelopment.js:25748
workLoopSync @ webpack-internal:///…evelopment.js:25464
renderRootSync @ webpack-internal:///…evelopment.js:25419
performConcurrentWorkOnRoot @ webpack-internal:///…evelopment.js:24504
workLoop @ webpack-internal:///….development.js:256
flushWork @ webpack-internal:///….development.js:225
performWorkUntilDeadline @ webpack-internal:///….development.js:534
 Warning: Encountered two children with the same key, `54aca0f1-2f00-45d4-b662-094defa9c704-2025-02-26-19:00`. Keys should be unique so that components maintain their identity across updates. Non-unique keys may cause children to be duplicated and/or omitted — the behavior is unsupported and could change in a future version.
    at div
    at div
    at div
    at div
    at div
    at div
    at div
    at div
    at div
    at PreviewContainer (webpack-internal:///(app-pages-browser)/./src/components/preview/layout/PreviewContainer.tsx:12:11)
    at ShiftsPreview (webpack-internal:///(app-pages-browser)/./src/components/preview/steps/ShiftsPreview.tsx:331:11)
    at div
    at MotionComponent (webpack-internal:///(app-pages-browser)/./node_modules/framer-motion/dist/es/motion/index.mjs:49:65)
    at PresenceChild (webpack-internal:///(app-pages-browser)/./node_modules/framer-motion/dist/es/components/AnimatePresence/PresenceChild.mjs:15:26)
    at AnimatePresence (webpack-internal:///(app-pages-browser)/./node_modules/framer-motion/dist/es/components/AnimatePresence/index.mjs:72:28)
    at div
    at div
    at div
    at main
    at FormContainer (webpack-internal:///(app-pages-browser)/./src/components/public-form/layout/FormContainer.tsx:15:11)
    at PublicFormContent (webpack-internal:///(app-pages-browser)/./src/components/public-form/layout/PublicFormContent.tsx:23:11)
    at div
    at PublicFormLayout (webpack-internal:///(app-pages-browser)/./src/components/public-form/layout/PublicFormLayout.tsx:18:11)
    at PublicFormContent (webpack-internal:///(app-pages-browser)/./src/components/public-form/PublicFormContent.tsx:22:11)
    at div
    at FormProvider (webpack-internal:///(app-pages-browser)/./src/contexts/FormContext.tsx:100:11)
    at PublicFormPage (webpack-internal:///(app-pages-browser)/./src/app/f/[slug]/page.tsx:29:78)
    at ClientPageRoot (webpack-internal:///(app-pages-browser)/./node_modules/next/dist/client/components/client-page.js:14:11)
    at InnerLayoutRouter (webpack-internal:///(app-pages-browser)/./node_modules/next/dist/client/components/layout-router.js:243:11)
    at RedirectErrorBoundary (webpack-internal:///(app-pages-browser)/./node_modules/next/dist/client/components/redirect-boundary.js:74:9)
    at RedirectBoundary (webpack-internal:///(app-pages-browser)/./node_modules/next/dist/client/components/redirect-boundary.js:82:11)
    at NotFoundBoundary (webpack-internal:///(app-pages-browser)/./node_modules/next/dist/client/components/not-found-boundary.js:84:11)
    at LoadingBoundary (webpack-internal:///(app-pages-browser)/./node_modules/next/dist/client/components/layout-router.js:349:11)
    at ErrorBoundary (webpack-internal:///(app-pages-browser)/./node_modules/next/dist/client/components/error-boundary.js:160:11)
    at InnerScrollAndFocusHandler (webpack-internal:///(app-pages-browser)/./node_modules/next/dist/client/components/layout-router.js:153:9)
    at ScrollAndFocusHandler (webpack-internal:///(app-pages-browser)/./node_modules/next/dist/client/components/layout-router.js:228:11)
    at RenderFromTemplateContext (webpack-internal:///(app-pages-browser)/./node_modules/next/dist/client/components/render-from-template-context.js:16:44)
    at OuterLayoutRouter (webpack-internal:///(app-pages-browser)/./node_modules/next/dist/client/components/layout-router.js:370:11)
    at FormProvider (webpack-internal:///(app-pages-browser)/./src/contexts/FormContext.tsx:100:11)
    at BranchProvider (webpack-internal:///(app-pages-browser)/./src/contexts/BranchContext.tsx:38:11)
    at OrganizationProvider (webpack-internal:///(app-pages-browser)/./src/contexts/OrganizationContext.tsx:47:11)
    at DateProvider (webpack-internal:///(app-pages-browser)/./src/contexts/DateContext.tsx:14:11)
    at AuthProvider (webpack-internal:///(app-pages-browser)/./src/contexts/AuthContext.tsx:46:11)
    at PublicFormLayout (webpack-internal:///(app-pages-browser)/./src/app/f/[slug]/layout.tsx:18:11)
    at InnerLayoutRouter (webpack-internal:///(app-pages-browser)/./node_modules/next/dist/client/components/layout-router.js:243:11)
    at RedirectErrorBoundary (webpack-internal:///(app-pages-browser)/./node_modules/next/dist/client/components/redirect-boundary.js:74:9)
    at RedirectBoundary (webpack-internal:///(app-pages-browser)/./node_modules/next/dist/client/components/redirect-boundary.js:82:11)
    at NotFoundBoundary (webpack-internal:///(app-pages-browser)/./node_modules/next/dist/client/components/not-found-boundary.js:84:11)
    at LoadingBoundary (webpack-internal:///(app-pages-browser)/./node_modules/next/dist/client/components/layout-router.js:349:11)
    at ErrorBoundary (webpack-internal:///(app-pages-browser)/./node_modules/next/dist/client/components/error-boundary.js:160:11)
    at InnerScrollAndFocusHandler (webpack-internal:///(app-pages-browser)/./node_modules/next/dist/client/components/layout-router.js:153:9)
    at ScrollAndFocusHandler (webpack-internal:///(app-pages-browser)/./node_modules/next/dist/client/components/layout-router.js:228:11)
    at RenderFromTemplateContext (webpack-internal:///(app-pages-browser)/./node_modules/next/dist/client/components/render-from-template-context.js:16:44)
    at OuterLayoutRouter (webpack-internal:///(app-pages-browser)/./node_modules/next/dist/client/components/layout-router.js:370:11)
    at InnerLayoutRouter (webpack-internal:///(app-pages-browser)/./node_modules/next/dist/client/components/layout-router.js:243:11)
    at RedirectErrorBoundary (webpack-internal:///(app-pages-browser)/./node_modules/next/dist/client/components/redirect-boundary.js:74:9)
    at RedirectBoundary (webpack-internal:///(app-pages-browser)/./node_modules/next/dist/client/components/redirect-boundary.js:82:11)
    at NotFoundErrorBoundary (webpack-internal:///(app-pages-browser)/./node_modules/next/dist/client/components/not-found-boundary.js:76:9)
    at NotFoundBoundary (webpack-internal:///(app-pages-browser)/./node_modules/next/dist/client/components/not-found-boundary.js:84:11)
    at LoadingBoundary (webpack-internal:///(app-pages-browser)/./node_modules/next/dist/client/components/layout-router.js:349:11)
    at ErrorBoundary (webpack-internal:///(app-pages-browser)/./node_modules/next/dist/client/components/error-boundary.js:160:11)
    at InnerScrollAndFocusHandler (webpack-internal:///(app-pages-browser)/./node_modules/next/dist/client/components/layout-router.js:153:9)
    at ScrollAndFocusHandler (webpack-internal:///(app-pages-browser)/./node_modules/next/dist/client/components/layout-router.js:228:11)
    at RenderFromTemplateContext (webpack-internal:///(app-pages-browser)/./node_modules/next/dist/client/components/render-from-template-context.js:16:44)
    at OuterLayoutRouter (webpack-internal:///(app-pages-browser)/./node_modules/next/dist/client/components/layout-router.js:370:11)
    at FormItemsProvider (webpack-internal:///(app-pages-browser)/./src/contexts/FormItemsContext.tsx:14:11)
    at BranchProvider (webpack-internal:///(app-pages-browser)/./src/contexts/BranchContext.tsx:38:11)
    at OrganizationProvider (webpack-internal:///(app-pages-browser)/./src/contexts/OrganizationContext.tsx:47:11)
    at AuthProvider (webpack-internal:///(app-pages-browser)/./src/contexts/AuthContext.tsx:46:11)
    at QueryClientProvider (webpack-internal:///(app-pages-browser)/./node_modules/@tanstack/react-query/build/modern/QueryClientProvider.js:27:11)
    at Providers (webpack-internal:///(app-pages-browser)/./src/app/providers.tsx:57:11)
    at DateProvider (webpack-internal:///(app-pages-browser)/./src/contexts/DateContext.tsx:14:11)
    at body
    at html
    at RootLayout (Server)
    at RedirectErrorBoundary (webpack-internal:///(app-pages-browser)/./node_modules/next/dist/client/components/redirect-boundary.js:74:9)
    at RedirectBoundary (webpack-internal:///(app-pages-browser)/./node_modules/next/dist/client/components/redirect-boundary.js:82:11)
    at NotFoundErrorBoundary (webpack-internal:///(app-pages-browser)/./node_modules/next/dist/client/components/not-found-boundary.js:76:9)
    at NotFoundBoundary (webpack-internal:///(app-pages-browser)/./node_modules/next/dist/client/components/not-found-boundary.js:84:11)
    at DevRootNotFoundBoundary (webpack-internal:///(app-pages-browser)/./node_modules/next/dist/client/components/dev-root-not-found-boundary.js:33:11)
    at ReactDevOverlay (webpack-internal:///(app-pages-browser)/./node_modules/next/dist/client/components/react-dev-overlay/app/ReactDevOverlay.js:87:9)
    at HotReload (webpack-internal:///(app-pages-browser)/./node_modules/next/dist/client/components/react-dev-overlay/app/hot-reloader-client.js:321:11)
    at Router (webpack-internal:///(app-pages-browser)/./node_modules/next/dist/client/components/app-router.js:207:11)
    at ErrorBoundaryHandler (webpack-internal:///(app-pages-browser)/./node_modules/next/dist/client/components/error-boundary.js:113:9)
    at ErrorBoundary (webpack-internal:///(app-pages-browser)/./node_modules/next/dist/client/components/error-boundary.js:160:11)
    at AppRouter (webpack-internal:///(app-pages-browser)/./node_modules/next/dist/client/components/app-router.js:585:13)
    at ServerRoot (webpack-internal:///(app-pages-browser)/./node_modules/next/dist/client/app-index.js:112:27)
    at Root (webpack-internal:///(app-pages-browser)/./node_modules/next/dist/client/app-index.js:117:11)
window.console.error @ webpack-internal:///…ent/app-index.js:33
console.error @ webpack-internal:///…on-error-info.js:63
printWarning @ webpack-internal:///…m.development.js:94
error @ webpack-internal:///…m.development.js:68
warnOnInvalidKey @ webpack-internal:///…development.js:9977
reconcileChildrenArray @ webpack-internal:///…evelopment.js:10014
reconcileChildFibersImpl @ webpack-internal:///…evelopment.js:10515
reconcileChildFibers @ webpack-internal:///…evelopment.js:10573
reconcileChildren @ webpack-internal:///…evelopment.js:15809
updateHostComponent$1 @ webpack-internal:///…evelopment.js:16687
beginWork$1 @ webpack-internal:///…evelopment.js:18503
beginWork @ webpack-internal:///…evelopment.js:26927
performUnitOfWork @ webpack-internal:///…evelopment.js:25748
workLoopSync @ webpack-internal:///…evelopment.js:25464
renderRootSync @ webpack-internal:///…evelopment.js:25419
performConcurrentWorkOnRoot @ webpack-internal:///…evelopment.js:24504
workLoop @ webpack-internal:///….development.js:256
flushWork @ webpack-internal:///….development.js:225
performWorkUntilDeadline @ webpack-internal:///….development.js:534
 Warning: Encountered two children with the same key, `54aca0f1-2f00-45d4-b662-094defa9c704-2025-02-26-19:30`. Keys should be unique so that components maintain their identity across updates. Non-unique keys may cause children to be duplicated and/or omitted — the behavior is unsupported and could change in a future version.
    at div
    at div
    at div
    at div
    at div
    at div
    at div
    at div
    at div
    at PreviewContainer (webpack-internal:///(app-pages-browser)/./src/components/preview/layout/PreviewContainer.tsx:12:11)
    at ShiftsPreview (webpack-internal:///(app-pages-browser)/./src/components/preview/steps/ShiftsPreview.tsx:331:11)
    at div
    at MotionComponent (webpack-internal:///(app-pages-browser)/./node_modules/framer-motion/dist/es/motion/index.mjs:49:65)
    at PresenceChild (webpack-internal:///(app-pages-browser)/./node_modules/framer-motion/dist/es/components/AnimatePresence/PresenceChild.mjs:15:26)
    at AnimatePresence (webpack-internal:///(app-pages-browser)/./node_modules/framer-motion/dist/es/components/AnimatePresence/index.mjs:72:28)
    at div
    at div
    at div
    at main
    at FormContainer (webpack-internal:///(app-pages-browser)/./src/components/public-form/layout/FormContainer.tsx:15:11)
    at PublicFormContent (webpack-internal:///(app-pages-browser)/./src/components/public-form/layout/PublicFormContent.tsx:23:11)
    at div
    at PublicFormLayout (webpack-internal:///(app-pages-browser)/./src/components/public-form/layout/PublicFormLayout.tsx:18:11)
    at PublicFormContent (webpack-internal:///(app-pages-browser)/./src/components/public-form/PublicFormContent.tsx:22:11)
    at div
    at FormProvider (webpack-internal:///(app-pages-browser)/./src/contexts/FormContext.tsx:100:11)
    at PublicFormPage (webpack-internal:///(app-pages-browser)/./src/app/f/[slug]/page.tsx:29:78)
    at ClientPageRoot (webpack-internal:///(app-pages-browser)/./node_modules/next/dist/client/components/client-page.js:14:11)
    at InnerLayoutRouter (webpack-internal:///(app-pages-browser)/./node_modules/next/dist/client/components/layout-router.js:243:11)
    at RedirectErrorBoundary (webpack-internal:///(app-pages-browser)/./node_modules/next/dist/client/components/redirect-boundary.js:74:9)
    at RedirectBoundary (webpack-internal:///(app-pages-browser)/./node_modules/next/dist/client/components/redirect-boundary.js:82:11)
    at NotFoundBoundary (webpack-internal:///(app-pages-browser)/./node_modules/next/dist/client/components/not-found-boundary.js:84:11)
    at LoadingBoundary (webpack-internal:///(app-pages-browser)/./node_modules/next/dist/client/components/layout-router.js:349:11)
    at ErrorBoundary (webpack-internal:///(app-pages-browser)/./node_modules/next/dist/client/components/error-boundary.js:160:11)
    at InnerScrollAndFocusHandler (webpack-internal:///(app-pages-browser)/./node_modules/next/dist/client/components/layout-router.js:153:9)
    at ScrollAndFocusHandler (webpack-internal:///(app-pages-browser)/./node_modules/next/dist/client/components/layout-router.js:228:11)
    at RenderFromTemplateContext (webpack-internal:///(app-pages-browser)/./node_modules/next/dist/client/components/render-from-template-context.js:16:44)
    at OuterLayoutRouter (webpack-internal:///(app-pages-browser)/./node_modules/next/dist/client/components/layout-router.js:370:11)
    at FormProvider (webpack-internal:///(app-pages-browser)/./src/contexts/FormContext.tsx:100:11)
    at BranchProvider (webpack-internal:///(app-pages-browser)/./src/contexts/BranchContext.tsx:38:11)
    at OrganizationProvider (webpack-internal:///(app-pages-browser)/./src/contexts/OrganizationContext.tsx:47:11)
    at DateProvider (webpack-internal:///(app-pages-browser)/./src/contexts/DateContext.tsx:14:11)
    at AuthProvider (webpack-internal:///(app-pages-browser)/./src/contexts/AuthContext.tsx:46:11)
    at PublicFormLayout (webpack-internal:///(app-pages-browser)/./src/app/f/[slug]/layout.tsx:18:11)
    at InnerLayoutRouter (webpack-internal:///(app-pages-browser)/./node_modules/next/dist/client/components/layout-router.js:243:11)
    at RedirectErrorBoundary (webpack-internal:///(app-pages-browser)/./node_modules/next/dist/client/components/redirect-boundary.js:74:9)
    at RedirectBoundary (webpack-internal:///(app-pages-browser)/./node_modules/next/dist/client/components/redirect-boundary.js:82:11)
    at NotFoundBoundary (webpack-internal:///(app-pages-browser)/./node_modules/next/dist/client/components/not-found-boundary.js:84:11)
    at LoadingBoundary (webpack-internal:///(app-pages-browser)/./node_modules/next/dist/client/components/layout-router.js:349:11)
    at ErrorBoundary (webpack-internal:///(app-pages-browser)/./node_modules/next/dist/client/components/error-boundary.js:160:11)
    at InnerScrollAndFocusHandler (webpack-internal:///(app-pages-browser)/./node_modules/next/dist/client/components/layout-router.js:153:9)
    at ScrollAndFocusHandler (webpack-internal:///(app-pages-browser)/./node_modules/next/dist/client/components/layout-router.js:228:11)
    at RenderFromTemplateContext (webpack-internal:///(app-pages-browser)/./node_modules/next/dist/client/components/render-from-template-context.js:16:44)
    at OuterLayoutRouter (webpack-internal:///(app-pages-browser)/./node_modules/next/dist/client/components/layout-router.js:370:11)
    at InnerLayoutRouter (webpack-internal:///(app-pages-browser)/./node_modules/next/dist/client/components/layout-router.js:243:11)
    at RedirectErrorBoundary (webpack-internal:///(app-pages-browser)/./node_modules/next/dist/client/components/redirect-boundary.js:74:9)
    at RedirectBoundary (webpack-internal:///(app-pages-browser)/./node_modules/next/dist/client/components/redirect-boundary.js:82:11)
    at NotFoundErrorBoundary (webpack-internal:///(app-pages-browser)/./node_modules/next/dist/client/components/not-found-boundary.js:76:9)
    at NotFoundBoundary (webpack-internal:///(app-pages-browser)/./node_modules/next/dist/client/components/not-found-boundary.js:84:11)
    at LoadingBoundary (webpack-internal:///(app-pages-browser)/./node_modules/next/dist/client/components/layout-router.js:349:11)
    at ErrorBoundary (webpack-internal:///(app-pages-browser)/./node_modules/next/dist/client/components/error-boundary.js:160:11)
    at InnerScrollAndFocusHandler (webpack-internal:///(app-pages-browser)/./node_modules/next/dist/client/components/layout-router.js:153:9)
    at ScrollAndFocusHandler (webpack-internal:///(app-pages-browser)/./node_modules/next/dist/client/components/layout-router.js:228:11)
    at RenderFromTemplateContext (webpack-internal:///(app-pages-browser)/./node_modules/next/dist/client/components/render-from-template-context.js:16:44)
    at OuterLayoutRouter (webpack-internal:///(app-pages-browser)/./node_modules/next/dist/client/components/layout-router.js:370:11)
    at FormItemsProvider (webpack-internal:///(app-pages-browser)/./src/contexts/FormItemsContext.tsx:14:11)
    at BranchProvider (webpack-internal:///(app-pages-browser)/./src/contexts/BranchContext.tsx:38:11)
    at OrganizationProvider (webpack-internal:///(app-pages-browser)/./src/contexts/OrganizationContext.tsx:47:11)
    at AuthProvider (webpack-internal:///(app-pages-browser)/./src/contexts/AuthContext.tsx:46:11)
    at QueryClientProvider (webpack-internal:///(app-pages-browser)/./node_modules/@tanstack/react-query/build/modern/QueryClientProvider.js:27:11)
    at Providers (webpack-internal:///(app-pages-browser)/./src/app/providers.tsx:57:11)
    at DateProvider (webpack-internal:///(app-pages-browser)/./src/contexts/DateContext.tsx:14:11)
    at body
    at html
    at RootLayout (Server)
    at RedirectErrorBoundary (webpack-internal:///(app-pages-browser)/./node_modules/next/dist/client/components/redirect-boundary.js:74:9)
    at RedirectBoundary (webpack-internal:///(app-pages-browser)/./node_modules/next/dist/client/components/redirect-boundary.js:82:11)
    at NotFoundErrorBoundary (webpack-internal:///(app-pages-browser)/./node_modules/next/dist/client/components/not-found-boundary.js:76:9)
    at NotFoundBoundary (webpack-internal:///(app-pages-browser)/./node_modules/next/dist/client/components/not-found-boundary.js:84:11)
    at DevRootNotFoundBoundary (webpack-internal:///(app-pages-browser)/./node_modules/next/dist/client/components/dev-root-not-found-boundary.js:33:11)
    at ReactDevOverlay (webpack-internal:///(app-pages-browser)/./node_modules/next/dist/client/components/react-dev-overlay/app/ReactDevOverlay.js:87:9)
    at HotReload (webpack-internal:///(app-pages-browser)/./node_modules/next/dist/client/components/react-dev-overlay/app/hot-reloader-client.js:321:11)
    at Router (webpack-internal:///(app-pages-browser)/./node_modules/next/dist/client/components/app-router.js:207:11)
    at ErrorBoundaryHandler (webpack-internal:///(app-pages-browser)/./node_modules/next/dist/client/components/error-boundary.js:113:9)
    at ErrorBoundary (webpack-internal:///(app-pages-browser)/./node_modules/next/dist/client/components/error-boundary.js:160:11)
    at AppRouter (webpack-internal:///(app-pages-browser)/./node_modules/next/dist/client/components/app-router.js:585:13)
    at ServerRoot (webpack-internal:///(app-pages-browser)/./node_modules/next/dist/client/app-index.js:112:27)
    at Root (webpack-internal:///(app-pages-browser)/./node_modules/next/dist/client/app-index.js:117:11)
window.console.error @ webpack-internal:///…ent/app-index.js:33
console.error @ webpack-internal:///…on-error-info.js:63
printWarning @ webpack-internal:///…m.development.js:94
error @ webpack-internal:///…m.development.js:68
warnOnInvalidKey @ webpack-internal:///…development.js:9977
reconcileChildrenArray @ webpack-internal:///…evelopment.js:10014
reconcileChildFibersImpl @ webpack-internal:///…evelopment.js:10515
reconcileChildFibers @ webpack-internal:///…evelopment.js:10573
reconcileChildren @ webpack-internal:///…evelopment.js:15809
updateHostComponent$1 @ webpack-internal:///…evelopment.js:16687
beginWork$1 @ webpack-internal:///…evelopment.js:18503
beginWork @ webpack-internal:///…evelopment.js:26927
performUnitOfWork @ webpack-internal:///…evelopment.js:25748
workLoopSync @ webpack-internal:///…evelopment.js:25464
renderRootSync @ webpack-internal:///…evelopment.js:25419
performConcurrentWorkOnRoot @ webpack-internal:///…evelopment.js:24504
workLoop @ webpack-internal:///….development.js:256
flushWork @ webpack-internal:///….development.js:225
performWorkUntilDeadline @ webpack-internal:///….development.js:534
 Warning: Encountered two children with the same key, `54aca0f1-2f00-45d4-b662-094defa9c704-2025-02-26-20:00`. Keys should be unique so that components maintain their identity across updates. Non-unique keys may cause children to be duplicated and/or omitted — the behavior is unsupported and could change in a future version.
    at div
    at div
    at div
    at div
    at div
    at div
    at div
    at div
    at div
    at PreviewContainer (webpack-internal:///(app-pages-browser)/./src/components/preview/layout/PreviewContainer.tsx:12:11)
    at ShiftsPreview (webpack-internal:///(app-pages-browser)/./src/components/preview/steps/ShiftsPreview.tsx:331:11)
    at div
    at MotionComponent (webpack-internal:///(app-pages-browser)/./node_modules/framer-motion/dist/es/motion/index.mjs:49:65)
    at PresenceChild (webpack-internal:///(app-pages-browser)/./node_modules/framer-motion/dist/es/components/AnimatePresence/PresenceChild.mjs:15:26)
    at AnimatePresence (webpack-internal:///(app-pages-browser)/./node_modules/framer-motion/dist/es/components/AnimatePresence/index.mjs:72:28)
    at div
    at div
    at div
    at main
    at FormContainer (webpack-internal:///(app-pages-browser)/./src/components/public-form/layout/FormContainer.tsx:15:11)
    at PublicFormContent (webpack-internal:///(app-pages-browser)/./src/components/public-form/layout/PublicFormContent.tsx:23:11)
    at div
    at PublicFormLayout (webpack-internal:///(app-pages-browser)/./src/components/public-form/layout/PublicFormLayout.tsx:18:11)
    at PublicFormContent (webpack-internal:///(app-pages-browser)/./src/components/public-form/PublicFormContent.tsx:22:11)
    at div
    at FormProvider (webpack-internal:///(app-pages-browser)/./src/contexts/FormContext.tsx:100:11)
    at PublicFormPage (webpack-internal:///(app-pages-browser)/./src/app/f/[slug]/page.tsx:29:78)
    at ClientPageRoot (webpack-internal:///(app-pages-browser)/./node_modules/next/dist/client/components/client-page.js:14:11)
    at InnerLayoutRouter (webpack-internal:///(app-pages-browser)/./node_modules/next/dist/client/components/layout-router.js:243:11)
    at RedirectErrorBoundary (webpack-internal:///(app-pages-browser)/./node_modules/next/dist/client/components/redirect-boundary.js:74:9)
    at RedirectBoundary (webpack-internal:///(app-pages-browser)/./node_modules/next/dist/client/components/redirect-boundary.js:82:11)
    at NotFoundBoundary (webpack-internal:///(app-pages-browser)/./node_modules/next/dist/client/components/not-found-boundary.js:84:11)
    at LoadingBoundary (webpack-internal:///(app-pages-browser)/./node_modules/next/dist/client/components/layout-router.js:349:11)
    at ErrorBoundary (webpack-internal:///(app-pages-browser)/./node_modules/next/dist/client/components/error-boundary.js:160:11)
    at InnerScrollAndFocusHandler (webpack-internal:///(app-pages-browser)/./node_modules/next/dist/client/components/layout-router.js:153:9)
    at ScrollAndFocusHandler (webpack-internal:///(app-pages-browser)/./node_modules/next/dist/client/components/layout-router.js:228:11)
    at RenderFromTemplateContext (webpack-internal:///(app-pages-browser)/./node_modules/next/dist/client/components/render-from-template-context.js:16:44)
    at OuterLayoutRouter (webpack-internal:///(app-pages-browser)/./node_modules/next/dist/client/components/layout-router.js:370:11)
    at FormProvider (webpack-internal:///(app-pages-browser)/./src/contexts/FormContext.tsx:100:11)
    at BranchProvider (webpack-internal:///(app-pages-browser)/./src/contexts/BranchContext.tsx:38:11)
    at OrganizationProvider (webpack-internal:///(app-pages-browser)/./src/contexts/OrganizationContext.tsx:47:11)
    at DateProvider (webpack-internal:///(app-pages-browser)/./src/contexts/DateContext.tsx:14:11)
    at AuthProvider (webpack-internal:///(app-pages-browser)/./src/contexts/AuthContext.tsx:46:11)
    at PublicFormLayout (webpack-internal:///(app-pages-browser)/./src/app/f/[slug]/layout.tsx:18:11)
    at InnerLayoutRouter (webpack-internal:///(app-pages-browser)/./node_modules/next/dist/client/components/layout-router.js:243:11)
    at RedirectErrorBoundary (webpack-internal:///(app-pages-browser)/./node_modules/next/dist/client/components/redirect-boundary.js:74:9)
    at RedirectBoundary (webpack-internal:///(app-pages-browser)/./node_modules/next/dist/client/components/redirect-boundary.js:82:11)
    at NotFoundBoundary (webpack-internal:///(app-pages-browser)/./node_modules/next/dist/client/components/not-found-boundary.js:84:11)
    at LoadingBoundary (webpack-internal:///(app-pages-browser)/./node_modules/next/dist/client/components/layout-router.js:349:11)
    at ErrorBoundary (webpack-internal:///(app-pages-browser)/./node_modules/next/dist/client/components/error-boundary.js:160:11)
    at InnerScrollAndFocusHandler (webpack-internal:///(app-pages-browser)/./node_modules/next/dist/client/components/layout-router.js:153:9)
    at ScrollAndFocusHandler (webpack-internal:///(app-pages-browser)/./node_modules/next/dist/client/components/layout-router.js:228:11)
    at RenderFromTemplateContext (webpack-internal:///(app-pages-browser)/./node_modules/next/dist/client/components/render-from-template-context.js:16:44)
    at OuterLayoutRouter (webpack-internal:///(app-pages-browser)/./node_modules/next/dist/client/components/layout-router.js:370:11)
    at InnerLayoutRouter (webpack-internal:///(app-pages-browser)/./node_modules/next/dist/client/components/layout-router.js:243:11)
    at RedirectErrorBoundary (webpack-internal:///(app-pages-browser)/./node_modules/next/dist/client/components/redirect-boundary.js:74:9)
    at RedirectBoundary (webpack-internal:///(app-pages-browser)/./node_modules/next/dist/client/components/redirect-boundary.js:82:11)
    at NotFoundErrorBoundary (webpack-internal:///(app-pages-browser)/./node_modules/next/dist/client/components/not-found-boundary.js:76:9)
    at NotFoundBoundary (webpack-internal:///(app-pages-browser)/./node_modules/next/dist/client/components/not-found-boundary.js:84:11)
    at LoadingBoundary (webpack-internal:///(app-pages-browser)/./node_modules/next/dist/client/components/layout-router.js:349:11)
    at ErrorBoundary (webpack-internal:///(app-pages-browser)/./node_modules/next/dist/client/components/error-boundary.js:160:11)
    at InnerScrollAndFocusHandler (webpack-internal:///(app-pages-browser)/./node_modules/next/dist/client/components/layout-router.js:153:9)
    at ScrollAndFocusHandler (webpack-internal:///(app-pages-browser)/./node_modules/next/dist/client/components/layout-router.js:228:11)
    at RenderFromTemplateContext (webpack-internal:///(app-pages-browser)/./node_modules/next/dist/client/components/render-from-template-context.js:16:44)
    at OuterLayoutRouter (webpack-internal:///(app-pages-browser)/./node_modules/next/dist/client/components/layout-router.js:370:11)
    at FormItemsProvider (webpack-internal:///(app-pages-browser)/./src/contexts/FormItemsContext.tsx:14:11)
    at BranchProvider (webpack-internal:///(app-pages-browser)/./src/contexts/BranchContext.tsx:38:11)
    at OrganizationProvider (webpack-internal:///(app-pages-browser)/./src/contexts/OrganizationContext.tsx:47:11)
    at AuthProvider (webpack-internal:///(app-pages-browser)/./src/contexts/AuthContext.tsx:46:11)
    at QueryClientProvider (webpack-internal:///(app-pages-browser)/./node_modules/@tanstack/react-query/build/modern/QueryClientProvider.js:27:11)
    at Providers (webpack-internal:///(app-pages-browser)/./src/app/providers.tsx:57:11)
    at DateProvider (webpack-internal:///(app-pages-browser)/./src/contexts/DateContext.tsx:14:11)
    at body
    at html
    at RootLayout (Server)
    at RedirectErrorBoundary (webpack-internal:///(app-pages-browser)/./node_modules/next/dist/client/components/redirect-boundary.js:74:9)
    at RedirectBoundary (webpack-internal:///(app-pages-browser)/./node_modules/next/dist/client/components/redirect-boundary.js:82:11)
    at NotFoundErrorBoundary (webpack-internal:///(app-pages-browser)/./node_modules/next/dist/client/components/not-found-boundary.js:76:9)
    at NotFoundBoundary (webpack-internal:///(app-pages-browser)/./node_modules/next/dist/client/components/not-found-boundary.js:84:11)
    at DevRootNotFoundBoundary (webpack-internal:///(app-pages-browser)/./node_modules/next/dist/client/components/dev-root-not-found-boundary.js:33:11)
    at ReactDevOverlay (webpack-internal:///(app-pages-browser)/./node_modules/next/dist/client/components/react-dev-overlay/app/ReactDevOverlay.js:87:9)
    at HotReload (webpack-internal:///(app-pages-browser)/./node_modules/next/dist/client/components/react-dev-overlay/app/hot-reloader-client.js:321:11)
    at Router (webpack-internal:///(app-pages-browser)/./node_modules/next/dist/client/components/app-router.js:207:11)
    at ErrorBoundaryHandler (webpack-internal:///(app-pages-browser)/./node_modules/next/dist/client/components/error-boundary.js:113:9)
    at ErrorBoundary (webpack-internal:///(app-pages-browser)/./node_modules/next/dist/client/components/error-boundary.js:160:11)
    at AppRouter (webpack-internal:///(app-pages-browser)/./node_modules/next/dist/client/components/app-router.js:585:13)
    at ServerRoot (webpack-internal:///(app-pages-browser)/./node_modules/next/dist/client/app-index.js:112:27)
    at Root (webpack-internal:///(app-pages-browser)/./node_modules/next/dist/client/app-index.js:117:11)
window.console.error @ webpack-internal:///…ent/app-index.js:33
console.error @ webpack-internal:///…on-error-info.js:63
printWarning @ webpack-internal:///…m.development.js:94
error @ webpack-internal:///…m.development.js:68
warnOnInvalidKey @ webpack-internal:///…development.js:9977
reconcileChildrenArray @ webpack-internal:///…evelopment.js:10014
reconcileChildFibersImpl @ webpack-internal:///…evelopment.js:10515
reconcileChildFibers @ webpack-internal:///…evelopment.js:10573
reconcileChildren @ webpack-internal:///…evelopment.js:15809
updateHostComponent$1 @ webpack-internal:///…evelopment.js:16687
beginWork$1 @ webpack-internal:///…evelopment.js:18503
beginWork @ webpack-internal:///…evelopment.js:26927
performUnitOfWork @ webpack-internal:///…evelopment.js:25748
workLoopSync @ webpack-internal:///…evelopment.js:25464
renderRootSync @ webpack-internal:///…evelopment.js:25419
performConcurrentWorkOnRoot @ webpack-internal:///…evelopment.js:24504
workLoop @ webpack-internal:///….development.js:256
flushWork @ webpack-internal:///….development.js:225
performWorkUntilDeadline @ webpack-internal:///….development.js:534
 Warning: Encountered two children with the same key, `562b18bd-612d-4c20-b9ad-c31a1aea44a2-2025-02-26-09:00`. Keys should be unique so that components maintain their identity across updates. Non-unique keys may cause children to be duplicated and/or omitted — the behavior is unsupported and could change in a future version.
    at div
    at div
    at div
    at div
    at div
    at div
    at div
    at div
    at div
    at PreviewContainer (webpack-internal:///(app-pages-browser)/./src/components/preview/layout/PreviewContainer.tsx:12:11)
    at ShiftsPreview (webpack-internal:///(app-pages-browser)/./src/components/preview/steps/ShiftsPreview.tsx:331:11)
    at div
    at MotionComponent (webpack-internal:///(app-pages-browser)/./node_modules/framer-motion/dist/es/motion/index.mjs:49:65)
    at PresenceChild (webpack-internal:///(app-pages-browser)/./node_modules/framer-motion/dist/es/components/AnimatePresence/PresenceChild.mjs:15:26)
    at AnimatePresence (webpack-internal:///(app-pages-browser)/./node_modules/framer-motion/dist/es/components/AnimatePresence/index.mjs:72:28)
    at div
    at div
    at div
    at main
    at FormContainer (webpack-internal:///(app-pages-browser)/./src/components/public-form/layout/FormContainer.tsx:15:11)
    at PublicFormContent (webpack-internal:///(app-pages-browser)/./src/components/public-form/layout/PublicFormContent.tsx:23:11)
    at div
    at PublicFormLayout (webpack-internal:///(app-pages-browser)/./src/components/public-form/layout/PublicFormLayout.tsx:18:11)
    at PublicFormContent (webpack-internal:///(app-pages-browser)/./src/components/public-form/PublicFormContent.tsx:22:11)
    at div
    at FormProvider (webpack-internal:///(app-pages-browser)/./src/contexts/FormContext.tsx:100:11)
    at PublicFormPage (webpack-internal:///(app-pages-browser)/./src/app/f/[slug]/page.tsx:29:78)
    at ClientPageRoot (webpack-internal:///(app-pages-browser)/./node_modules/next/dist/client/components/client-page.js:14:11)
    at InnerLayoutRouter (webpack-internal:///(app-pages-browser)/./node_modules/next/dist/client/components/layout-router.js:243:11)
    at RedirectErrorBoundary (webpack-internal:///(app-pages-browser)/./node_modules/next/dist/client/components/redirect-boundary.js:74:9)
    at RedirectBoundary (webpack-internal:///(app-pages-browser)/./node_modules/next/dist/client/components/redirect-boundary.js:82:11)
    at NotFoundBoundary (webpack-internal:///(app-pages-browser)/./node_modules/next/dist/client/components/not-found-boundary.js:84:11)
    at LoadingBoundary (webpack-internal:///(app-pages-browser)/./node_modules/next/dist/client/components/layout-router.js:349:11)
    at ErrorBoundary (webpack-internal:///(app-pages-browser)/./node_modules/next/dist/client/components/error-boundary.js:160:11)
    at InnerScrollAndFocusHandler (webpack-internal:///(app-pages-browser)/./node_modules/next/dist/client/components/layout-router.js:153:9)
    at ScrollAndFocusHandler (webpack-internal:///(app-pages-browser)/./node_modules/next/dist/client/components/layout-router.js:228:11)
    at RenderFromTemplateContext (webpack-internal:///(app-pages-browser)/./node_modules/next/dist/client/components/render-from-template-context.js:16:44)
    at OuterLayoutRouter (webpack-internal:///(app-pages-browser)/./node_modules/next/dist/client/components/layout-router.js:370:11)
    at FormProvider (webpack-internal:///(app-pages-browser)/./src/contexts/FormContext.tsx:100:11)
    at BranchProvider (webpack-internal:///(app-pages-browser)/./src/contexts/BranchContext.tsx:38:11)
    at OrganizationProvider (webpack-internal:///(app-pages-browser)/./src/contexts/OrganizationContext.tsx:47:11)
    at DateProvider (webpack-internal:///(app-pages-browser)/./src/contexts/DateContext.tsx:14:11)
    at AuthProvider (webpack-internal:///(app-pages-browser)/./src/contexts/AuthContext.tsx:46:11)
    at PublicFormLayout (webpack-internal:///(app-pages-browser)/./src/app/f/[slug]/layout.tsx:18:11)
    at InnerLayoutRouter (webpack-internal:///(app-pages-browser)/./node_modules/next/dist/client/components/layout-router.js:243:11)
    at RedirectErrorBoundary (webpack-internal:///(app-pages-browser)/./node_modules/next/dist/client/components/redirect-boundary.js:74:9)
    at RedirectBoundary (webpack-internal:///(app-pages-browser)/./node_modules/next/dist/client/components/redirect-boundary.js:82:11)
    at NotFoundBoundary (webpack-internal:///(app-pages-browser)/./node_modules/next/dist/client/components/not-found-boundary.js:84:11)
    at LoadingBoundary (webpack-internal:///(app-pages-browser)/./node_modules/next/dist/client/components/layout-router.js:349:11)
    at ErrorBoundary (webpack-internal:///(app-pages-browser)/./node_modules/next/dist/client/components/error-boundary.js:160:11)
    at InnerScrollAndFocusHandler (webpack-internal:///(app-pages-browser)/./node_modules/next/dist/client/components/layout-router.js:153:9)
    at ScrollAndFocusHandler (webpack-internal:///(app-pages-browser)/./node_modules/next/dist/client/components/layout-router.js:228:11)
    at RenderFromTemplateContext (webpack-internal:///(app-pages-browser)/./node_modules/next/dist/client/components/render-from-template-context.js:16:44)
    at OuterLayoutRouter (webpack-internal:///(app-pages-browser)/./node_modules/next/dist/client/components/layout-router.js:370:11)
    at InnerLayoutRouter (webpack-internal:///(app-pages-browser)/./node_modules/next/dist/client/components/layout-router.js:243:11)
    at RedirectErrorBoundary (webpack-internal:///(app-pages-browser)/./node_modules/next/dist/client/components/redirect-boundary.js:74:9)
    at RedirectBoundary (webpack-internal:///(app-pages-browser)/./node_modules/next/dist/client/components/redirect-boundary.js:82:11)
    at NotFoundErrorBoundary (webpack-internal:///(app-pages-browser)/./node_modules/next/dist/client/components/not-found-boundary.js:76:9)
    at NotFoundBoundary (webpack-internal:///(app-pages-browser)/./node_modules/next/dist/client/components/not-found-boundary.js:84:11)
    at LoadingBoundary (webpack-internal:///(app-pages-browser)/./node_modules/next/dist/client/components/layout-router.js:349:11)
    at ErrorBoundary (webpack-internal:///(app-pages-browser)/./node_modules/next/dist/client/components/error-boundary.js:160:11)
    at InnerScrollAndFocusHandler (webpack-internal:///(app-pages-browser)/./node_modules/next/dist/client/components/layout-router.js:153:9)
    at ScrollAndFocusHandler (webpack-internal:///(app-pages-browser)/./node_modules/next/dist/client/components/layout-router.js:228:11)
    at RenderFromTemplateContext (webpack-internal:///(app-pages-browser)/./node_modules/next/dist/client/components/render-from-template-context.js:16:44)
    at OuterLayoutRouter (webpack-internal:///(app-pages-browser)/./node_modules/next/dist/client/components/layout-router.js:370:11)
    at FormItemsProvider (webpack-internal:///(app-pages-browser)/./src/contexts/FormItemsContext.tsx:14:11)
    at BranchProvider (webpack-internal:///(app-pages-browser)/./src/contexts/BranchContext.tsx:38:11)
    at OrganizationProvider (webpack-internal:///(app-pages-browser)/./src/contexts/OrganizationContext.tsx:47:11)
    at AuthProvider (webpack-internal:///(app-pages-browser)/./src/contexts/AuthContext.tsx:46:11)
    at QueryClientProvider (webpack-internal:///(app-pages-browser)/./node_modules/@tanstack/react-query/build/modern/QueryClientProvider.js:27:11)
    at Providers (webpack-internal:///(app-pages-browser)/./src/app/providers.tsx:57:11)
    at DateProvider (webpack-internal:///(app-pages-browser)/./src/contexts/DateContext.tsx:14:11)
    at body
    at html
    at RootLayout (Server)
    at RedirectErrorBoundary (webpack-internal:///(app-pages-browser)/./node_modules/next/dist/client/components/redirect-boundary.js:74:9)
    at RedirectBoundary (webpack-internal:///(app-pages-browser)/./node_modules/next/dist/client/components/redirect-boundary.js:82:11)
    at NotFoundErrorBoundary (webpack-internal:///(app-pages-browser)/./node_modules/next/dist/client/components/not-found-boundary.js:76:9)
    at NotFoundBoundary (webpack-internal:///(app-pages-browser)/./node_modules/next/dist/client/components/not-found-boundary.js:84:11)
    at DevRootNotFoundBoundary (webpack-internal:///(app-pages-browser)/./node_modules/next/dist/client/components/dev-root-not-found-boundary.js:33:11)
    at ReactDevOverlay (webpack-internal:///(app-pages-browser)/./node_modules/next/dist/client/components/react-dev-overlay/app/ReactDevOverlay.js:87:9)
    at HotReload (webpack-internal:///(app-pages-browser)/./node_modules/next/dist/client/components/react-dev-overlay/app/hot-reloader-client.js:321:11)
    at Router (webpack-internal:///(app-pages-browser)/./node_modules/next/dist/client/components/app-router.js:207:11)
    at ErrorBoundaryHandler (webpack-internal:///(app-pages-browser)/./node_modules/next/dist/client/components/error-boundary.js:113:9)
    at ErrorBoundary (webpack-internal:///(app-pages-browser)/./node_modules/next/dist/client/components/error-boundary.js:160:11)
    at AppRouter (webpack-internal:///(app-pages-browser)/./node_modules/next/dist/client/components/app-router.js:585:13)
    at ServerRoot (webpack-internal:///(app-pages-browser)/./node_modules/next/dist/client/app-index.js:112:27)
    at Root (webpack-internal:///(app-pages-browser)/./node_modules/next/dist/client/app-index.js:117:11)
window.console.error @ webpack-internal:///…ent/app-index.js:33
console.error @ webpack-internal:///…on-error-info.js:63
printWarning @ webpack-internal:///…m.development.js:94
error @ webpack-internal:///…m.development.js:68
warnOnInvalidKey @ webpack-internal:///…development.js:9977
reconcileChildrenArray @ webpack-internal:///…evelopment.js:10014
reconcileChildFibersImpl @ webpack-internal:///…evelopment.js:10515
reconcileChildFibers @ webpack-internal:///…evelopment.js:10573
reconcileChildren @ webpack-internal:///…evelopment.js:15809
updateHostComponent$1 @ webpack-internal:///…evelopment.js:16687
beginWork$1 @ webpack-internal:///…evelopment.js:18503
beginWork @ webpack-internal:///…evelopment.js:26927
performUnitOfWork @ webpack-internal:///…evelopment.js:25748
workLoopSync @ webpack-internal:///…evelopment.js:25464
renderRootSync @ webpack-internal:///…evelopment.js:25419
performConcurrentWorkOnRoot @ webpack-internal:///…evelopment.js:24504
workLoop @ webpack-internal:///….development.js:256
flushWork @ webpack-internal:///….development.js:225
performWorkUntilDeadline @ webpack-internal:///….development.js:534
 ShiftsPreview - Estado: {loadingSlots: false, slotsLength: 67, error: null, params: {…}}
 AvailabilityService - getCourts - resultado: {courts: Array(4), error: null}
 AvailabilityService - getBookings - params: {date: Wed Feb 26 2025 00:00:00 GMT+0000 (Greenwich Mean Time), courtIds: Array(4)}
 AvailabilityService - getBookings - resultado: {bookings: Array(8), error: null}
 AvailabilityService - Evaluando rango antes de reserva: {start: '08:00', end: '09:00', size: 60}
 AvailabilityService - Evaluando espacio entre reservas: {start: '10:00', end: '11:00', size: 60}
 AvailabilityService - Evaluando rango antes de reserva: {start: '10:00', end: '11:00', size: 60}
 AvailabilityService - Evaluando rango antes de reserva: {start: '15:00', end: '15:30', size: 30}
 AvailabilityService - Evaluando espacio entre reservas: {start: '16:30', end: '17:00', size: 30}
 AvailabilityService - Evaluando rango antes de reserva: {start: '16:30', end: '17:00', size: 30}
 AvailabilityService - Evaluando espacio entre reservas: {start: '18:00', end: '21:00', size: 180}
 AvailabilityService - Evaluando rango antes de reserva: {start: '18:00', end: '21:00', size: 180}
 AvailabilityService - Rangos disponibles después de filtrado: {totalRanges: 8, ranges: Array(8)}
 AvailabilityService - Rangos disponibles para Pista 5: {ranges: Array(8), durationInMinutes: 60, courtName: 'Pista 5'}
 AvailabilityService - Calculando precio: {courtName: 'Pista 5', durationInMinutes: 60, basePrice: 30, date: '2025-02-26', startTime: '08:00', …}
 AvailabilityService - Slot válido encontrado: {start: '08:00', end: '09:00', court: 'Pista 5', price: 30}
 AvailabilityService - Calculando precio: {courtName: 'Pista 5', durationInMinutes: 60, basePrice: 30, date: '2025-02-26', startTime: '10:00', …}
 AvailabilityService - Slot válido encontrado: {start: '10:00', end: '11:00', court: 'Pista 5', price: 30}
 AvailabilityService - Calculando precio: {courtName: 'Pista 5', durationInMinutes: 60, basePrice: 30, date: '2025-02-26', startTime: '10:00', …}
 AvailabilityService - Slot válido encontrado: {start: '10:00', end: '11:00', court: 'Pista 5', price: 30}
 AvailabilityService - Rango demasiado pequeño: {range: {…}, rangeSize: 30, durationInMinutes: 60}
 AvailabilityService - Rango demasiado pequeño: {range: {…}, rangeSize: 30, durationInMinutes: 60}
 AvailabilityService - Rango demasiado pequeño: {range: {…}, rangeSize: 30, durationInMinutes: 60}
 AvailabilityService - Calculando precio: {courtName: 'Pista 5', durationInMinutes: 60, basePrice: 30, date: '2025-02-26', startTime: '18:00', …}
 AvailabilityService - Slot válido encontrado: {start: '18:00', end: '19:00', court: 'Pista 5', price: 30}
 AvailabilityService - Calculando precio: {courtName: 'Pista 5', durationInMinutes: 60, basePrice: 30, date: '2025-02-26', startTime: '18:30', …}
 AvailabilityService - Slot válido encontrado: {start: '18:30', end: '19:30', court: 'Pista 5', price: 30}
 AvailabilityService - Calculando precio: {courtName: 'Pista 5', durationInMinutes: 60, basePrice: 30, date: '2025-02-26', startTime: '19:00', …}
 AvailabilityService - Slot válido encontrado: {start: '19:00', end: '20:00', court: 'Pista 5', price: 30}
 AvailabilityService - Calculando precio: {courtName: 'Pista 5', durationInMinutes: 60, basePrice: 30, date: '2025-02-26', startTime: '19:30', …}
 AvailabilityService - Slot válido encontrado: {start: '19:30', end: '20:30', court: 'Pista 5', price: 30}
 AvailabilityService - Calculando precio: {courtName: 'Pista 5', durationInMinutes: 60, basePrice: 30, date: '2025-02-26', startTime: '20:00', …}
 AvailabilityService - Slot válido encontrado: {start: '20:00', end: '21:00', court: 'Pista 5', price: 30}
 AvailabilityService - Calculando precio: {courtName: 'Pista 5', durationInMinutes: 60, basePrice: 30, date: '2025-02-26', startTime: '18:00', …}
 AvailabilityService - Slot válido encontrado: {start: '18:00', end: '19:00', court: 'Pista 5', price: 30}
 AvailabilityService - Calculando precio: {courtName: 'Pista 5', durationInMinutes: 60, basePrice: 30, date: '2025-02-26', startTime: '18:30', …}
 AvailabilityService - Slot válido encontrado: {start: '18:30', end: '19:30', court: 'Pista 5', price: 30}
 AvailabilityService - Calculando precio: {courtName: 'Pista 5', durationInMinutes: 60, basePrice: 30, date: '2025-02-26', startTime: '19:00', …}
 AvailabilityService - Slot válido encontrado: {start: '19:00', end: '20:00', court: 'Pista 5', price: 30}
 AvailabilityService - Calculando precio: {courtName: 'Pista 5', durationInMinutes: 60, basePrice: 30, date: '2025-02-26', startTime: '19:30', …}
 AvailabilityService - Slot válido encontrado: {start: '19:30', end: '20:30', court: 'Pista 5', price: 30}
 AvailabilityService - Calculando precio: {courtName: 'Pista 5', durationInMinutes: 60, basePrice: 30, date: '2025-02-26', startTime: '20:00', …}
 AvailabilityService - Slot válido encontrado: {start: '20:00', end: '21:00', court: 'Pista 5', price: 30}
 AvailabilityService - Total slots generados para Pista 5: {totalSlots: 13, durationInMinutes: 60}
 AvailabilityService - Slots generados para Pista 5: (13) [{…}, {…}, {…}, {…}, {…}, {…}, {…}, {…}, {…}, {…}, {…}, {…}, {…}]
 AvailabilityService - Calculando precio: {courtName: 'Pista 5', durationInMinutes: 60, basePrice: 30, date: '2025-02-26', startTime: '08:00', …}
 AvailabilityService - Agregando slot con precio: {court: 'Pista 5', start: '08:00', end: '09:00', price: 30, durationInMinutes: 60}
 AvailabilityService - Calculando precio: {courtName: 'Pista 5', durationInMinutes: 60, basePrice: 30, date: '2025-02-26', startTime: '10:00', …}
 AvailabilityService - Agregando slot con precio: {court: 'Pista 5', start: '10:00', end: '11:00', price: 30, durationInMinutes: 60}
 AvailabilityService - Calculando precio: {courtName: 'Pista 5', durationInMinutes: 60, basePrice: 30, date: '2025-02-26', startTime: '10:00', …}
 AvailabilityService - Agregando slot con precio: {court: 'Pista 5', start: '10:00', end: '11:00', price: 30, durationInMinutes: 60}
 AvailabilityService - Calculando precio: {courtName: 'Pista 5', durationInMinutes: 60, basePrice: 30, date: '2025-02-26', startTime: '18:00', …}
 AvailabilityService - Agregando slot con precio: {court: 'Pista 5', start: '18:00', end: '19:00', price: 30, durationInMinutes: 60}
 AvailabilityService - Calculando precio: {courtName: 'Pista 5', durationInMinutes: 60, basePrice: 30, date: '2025-02-26', startTime: '18:30', …}
 AvailabilityService - Agregando slot con precio: {court: 'Pista 5', start: '18:30', end: '19:30', price: 30, durationInMinutes: 60}
 AvailabilityService - Calculando precio: {courtName: 'Pista 5', durationInMinutes: 60, basePrice: 30, date: '2025-02-26', startTime: '19:00', …}
 AvailabilityService - Agregando slot con precio: {court: 'Pista 5', start: '19:00', end: '20:00', price: 30, durationInMinutes: 60}
 AvailabilityService - Calculando precio: {courtName: 'Pista 5', durationInMinutes: 60, basePrice: 30, date: '2025-02-26', startTime: '19:30', …}
 AvailabilityService - Agregando slot con precio: {court: 'Pista 5', start: '19:30', end: '20:30', price: 30, durationInMinutes: 60}
 AvailabilityService - Calculando precio: {courtName: 'Pista 5', durationInMinutes: 60, basePrice: 30, date: '2025-02-26', startTime: '20:00', …}
 AvailabilityService - Agregando slot con precio: {court: 'Pista 5', start: '20:00', end: '21:00', price: 30, durationInMinutes: 60}
 AvailabilityService - Calculando precio: {courtName: 'Pista 5', durationInMinutes: 60, basePrice: 30, date: '2025-02-26', startTime: '18:00', …}
 AvailabilityService - Agregando slot con precio: {court: 'Pista 5', start: '18:00', end: '19:00', price: 30, durationInMinutes: 60}
 AvailabilityService - Calculando precio: {courtName: 'Pista 5', durationInMinutes: 60, basePrice: 30, date: '2025-02-26', startTime: '18:30', …}
 AvailabilityService - Agregando slot con precio: {court: 'Pista 5', start: '18:30', end: '19:30', price: 30, durationInMinutes: 60}
 AvailabilityService - Calculando precio: {courtName: 'Pista 5', durationInMinutes: 60, basePrice: 30, date: '2025-02-26', startTime: '19:00', …}
 AvailabilityService - Agregando slot con precio: {court: 'Pista 5', start: '19:00', end: '20:00', price: 30, durationInMinutes: 60}
 AvailabilityService - Calculando precio: {courtName: 'Pista 5', durationInMinutes: 60, basePrice: 30, date: '2025-02-26', startTime: '19:30', …}
 AvailabilityService - Agregando slot con precio: {court: 'Pista 5', start: '19:30', end: '20:30', price: 30, durationInMinutes: 60}
 AvailabilityService - Calculando precio: {courtName: 'Pista 5', durationInMinutes: 60, basePrice: 30, date: '2025-02-26', startTime: '20:00', …}
 AvailabilityService - Agregando slot con precio: {court: 'Pista 5', start: '20:00', end: '21:00', price: 30, durationInMinutes: 60}
 AvailabilityService - Evaluando espacio entre reservas: {start: '09:00', end: '10:00', size: 60}
 AvailabilityService - Evaluando rango antes de reserva: {start: '09:00', end: '10:00', size: 60}
 AvailabilityService - Evaluando rango final: {start: '11:00', end: '12:00', size: 60}
 AvailabilityService - Evaluando rango final: {start: '16:00', end: '22:00', size: 360}
 AvailabilityService - Rangos disponibles después de filtrado: {totalRanges: 4, ranges: Array(4)}
 AvailabilityService - Rangos disponibles para Pista 2: {ranges: Array(4), durationInMinutes: 60, courtName: 'Pista 2'}
 AvailabilityService - Calculando precio: {courtName: 'Pista 2', durationInMinutes: 60, basePrice: 40, date: '2025-02-26', startTime: '09:00', …}
 AvailabilityService - Slot válido encontrado: {start: '09:00', end: '10:00', court: 'Pista 2', price: 40}
 AvailabilityService - Calculando precio: {courtName: 'Pista 2', durationInMinutes: 60, basePrice: 40, date: '2025-02-26', startTime: '09:00', …}
 AvailabilityService - Slot válido encontrado: {start: '09:00', end: '10:00', court: 'Pista 2', price: 40}
 AvailabilityService - Calculando precio: {courtName: 'Pista 2', durationInMinutes: 60, basePrice: 40, date: '2025-02-26', startTime: '11:00', …}
 AvailabilityService - Slot válido encontrado: {start: '11:00', end: '12:00', court: 'Pista 2', price: 40}
 AvailabilityService - Calculando precio: {courtName: 'Pista 2', durationInMinutes: 60, basePrice: 40, date: '2025-02-26', startTime: '16:00', …}
 AvailabilityService - Slot válido encontrado: {start: '16:00', end: '17:00', court: 'Pista 2', price: 40}
 AvailabilityService - Calculando precio: {courtName: 'Pista 2', durationInMinutes: 60, basePrice: 40, date: '2025-02-26', startTime: '16:30', …}
 AvailabilityService - Slot válido encontrado: {start: '16:30', end: '17:30', court: 'Pista 2', price: 40}
 AvailabilityService - Calculando precio: {courtName: 'Pista 2', durationInMinutes: 60, basePrice: 40, date: '2025-02-26', startTime: '17:00', …}
 AvailabilityService - Slot válido encontrado: {start: '17:00', end: '18:00', court: 'Pista 2', price: 40}
 AvailabilityService - Calculando precio: {courtName: 'Pista 2', durationInMinutes: 60, basePrice: 40, date: '2025-02-26', startTime: '17:30', …}
 AvailabilityService - Slot válido encontrado: {start: '17:30', end: '18:30', court: 'Pista 2', price: 40}
 AvailabilityService - Calculando precio: {courtName: 'Pista 2', durationInMinutes: 60, basePrice: 40, date: '2025-02-26', startTime: '18:00', …}
 AvailabilityService - Slot válido encontrado: {start: '18:00', end: '19:00', court: 'Pista 2', price: 40}
 AvailabilityService - Calculando precio: {courtName: 'Pista 2', durationInMinutes: 60, basePrice: 40, date: '2025-02-26', startTime: '18:30', …}
 AvailabilityService - Slot válido encontrado: {start: '18:30', end: '19:30', court: 'Pista 2', price: 40}
 AvailabilityService - Calculando precio: {courtName: 'Pista 2', durationInMinutes: 60, basePrice: 40, date: '2025-02-26', startTime: '19:00', …}
 AvailabilityService - Slot válido encontrado: {start: '19:00', end: '20:00', court: 'Pista 2', price: 40}
 AvailabilityService - Calculando precio: {courtName: 'Pista 2', durationInMinutes: 60, basePrice: 40, date: '2025-02-26', startTime: '19:30', …}
 AvailabilityService - Slot válido encontrado: {start: '19:30', end: '20:30', court: 'Pista 2', price: 40}
 AvailabilityService - Calculando precio: {courtName: 'Pista 2', durationInMinutes: 60, basePrice: 40, date: '2025-02-26', startTime: '20:00', …}
 AvailabilityService - Slot válido encontrado: {start: '20:00', end: '21:00', court: 'Pista 2', price: 40}
 AvailabilityService - Calculando precio: {courtName: 'Pista 2', durationInMinutes: 60, basePrice: 40, date: '2025-02-26', startTime: '20:30', …}
 AvailabilityService - Slot válido encontrado: {start: '20:30', end: '21:30', court: 'Pista 2', price: 40}
 AvailabilityService - Calculando precio: {courtName: 'Pista 2', durationInMinutes: 60, basePrice: 40, date: '2025-02-26', startTime: '21:00', …}
 AvailabilityService - Slot válido encontrado: {start: '21:00', end: '22:00', court: 'Pista 2', price: 40}
 AvailabilityService - Total slots generados para Pista 2: {totalSlots: 14, durationInMinutes: 60}
 AvailabilityService - Slots generados para Pista 2: (14) [{…}, {…}, {…}, {…}, {…}, {…}, {…}, {…}, {…}, {…}, {…}, {…}, {…}, {…}]
 AvailabilityService - Calculando precio: {courtName: 'Pista 2', durationInMinutes: 60, basePrice: 40, date: '2025-02-26', startTime: '09:00', …}
 AvailabilityService - Agregando slot con precio: {court: 'Pista 2', start: '09:00', end: '10:00', price: 40, durationInMinutes: 60}
 AvailabilityService - Calculando precio: {courtName: 'Pista 2', durationInMinutes: 60, basePrice: 40, date: '2025-02-26', startTime: '09:00', …}
 AvailabilityService - Agregando slot con precio: {court: 'Pista 2', start: '09:00', end: '10:00', price: 40, durationInMinutes: 60}
 AvailabilityService - Calculando precio: {courtName: 'Pista 2', durationInMinutes: 60, basePrice: 40, date: '2025-02-26', startTime: '11:00', …}
 AvailabilityService - Agregando slot con precio: {court: 'Pista 2', start: '11:00', end: '12:00', price: 40, durationInMinutes: 60}
 AvailabilityService - Calculando precio: {courtName: 'Pista 2', durationInMinutes: 60, basePrice: 40, date: '2025-02-26', startTime: '16:00', …}
 AvailabilityService - Agregando slot con precio: {court: 'Pista 2', start: '16:00', end: '17:00', price: 40, durationInMinutes: 60}
 AvailabilityService - Calculando precio: {courtName: 'Pista 2', durationInMinutes: 60, basePrice: 40, date: '2025-02-26', startTime: '16:30', …}
 AvailabilityService - Agregando slot con precio: {court: 'Pista 2', start: '16:30', end: '17:30', price: 40, durationInMinutes: 60}
 AvailabilityService - Calculando precio: {courtName: 'Pista 2', durationInMinutes: 60, basePrice: 40, date: '2025-02-26', startTime: '17:00', …}
 AvailabilityService - Agregando slot con precio: {court: 'Pista 2', start: '17:00', end: '18:00', price: 40, durationInMinutes: 60}
 AvailabilityService - Calculando precio: {courtName: 'Pista 2', durationInMinutes: 60, basePrice: 40, date: '2025-02-26', startTime: '17:30', …}
 AvailabilityService - Agregando slot con precio: {court: 'Pista 2', start: '17:30', end: '18:30', price: 40, durationInMinutes: 60}
 AvailabilityService - Calculando precio: {courtName: 'Pista 2', durationInMinutes: 60, basePrice: 40, date: '2025-02-26', startTime: '18:00', …}
 AvailabilityService - Agregando slot con precio: {court: 'Pista 2', start: '18:00', end: '19:00', price: 40, durationInMinutes: 60}
 AvailabilityService - Calculando precio: {courtName: 'Pista 2', durationInMinutes: 60, basePrice: 40, date: '2025-02-26', startTime: '18:30', …}
 AvailabilityService - Agregando slot con precio: {court: 'Pista 2', start: '18:30', end: '19:30', price: 40, durationInMinutes: 60}
 AvailabilityService - Calculando precio: {courtName: 'Pista 2', durationInMinutes: 60, basePrice: 40, date: '2025-02-26', startTime: '19:00', …}
 AvailabilityService - Agregando slot con precio: {court: 'Pista 2', start: '19:00', end: '20:00', price: 40, durationInMinutes: 60}
 AvailabilityService - Calculando precio: {courtName: 'Pista 2', durationInMinutes: 60, basePrice: 40, date: '2025-02-26', startTime: '19:30', …}
 AvailabilityService - Agregando slot con precio: {court: 'Pista 2', start: '19:30', end: '20:30', price: 40, durationInMinutes: 60}
 AvailabilityService - Calculando precio: {courtName: 'Pista 2', durationInMinutes: 60, basePrice: 40, date: '2025-02-26', startTime: '20:00', …}
 AvailabilityService - Agregando slot con precio: {court: 'Pista 2', start: '20:00', end: '21:00', price: 40, durationInMinutes: 60}
 AvailabilityService - Calculando precio: {courtName: 'Pista 2', durationInMinutes: 60, basePrice: 40, date: '2025-02-26', startTime: '20:30', …}
 AvailabilityService - Agregando slot con precio: {court: 'Pista 2', start: '20:30', end: '21:30', price: 40, durationInMinutes: 60}
 AvailabilityService - Calculando precio: {courtName: 'Pista 2', durationInMinutes: 60, basePrice: 40, date: '2025-02-26', startTime: '21:00', …}
 AvailabilityService - Agregando slot con precio: {court: 'Pista 2', start: '21:00', end: '22:00', price: 40, durationInMinutes: 60}
 AvailabilityService - Rangos disponibles después de filtrado: {totalRanges: 2, ranges: Array(2)}
 AvailabilityService - Rangos disponibles para Pista 3: {ranges: Array(2), durationInMinutes: 60, courtName: 'Pista 3'}
 AvailabilityService - Calculando precio: {courtName: 'Pista 3', durationInMinutes: 60, basePrice: 45, date: '2025-02-26', startTime: '08:00', …}
 AvailabilityService - Slot válido encontrado: {start: '08:00', end: '09:00', court: 'Pista 3', price: 45}
 AvailabilityService - Calculando precio: {courtName: 'Pista 3', durationInMinutes: 60, basePrice: 45, date: '2025-02-26', startTime: '08:30', …}
 AvailabilityService - Slot válido encontrado: {start: '08:30', end: '09:30', court: 'Pista 3', price: 45}
 AvailabilityService - Calculando precio: {courtName: 'Pista 3', durationInMinutes: 60, basePrice: 45, date: '2025-02-26', startTime: '09:00', …}
 AvailabilityService - Slot válido encontrado: {start: '09:00', end: '10:00', court: 'Pista 3', price: 45}
 AvailabilityService - Calculando precio: {courtName: 'Pista 3', durationInMinutes: 60, basePrice: 45, date: '2025-02-26', startTime: '09:30', …}
 AvailabilityService - Slot válido encontrado: {start: '09:30', end: '10:30', court: 'Pista 3', price: 45}
 AvailabilityService - Calculando precio: {courtName: 'Pista 3', durationInMinutes: 60, basePrice: 45, date: '2025-02-26', startTime: '10:00', …}
 AvailabilityService - Slot válido encontrado: {start: '10:00', end: '11:00', court: 'Pista 3', price: 45}
 AvailabilityService - Calculando precio: {courtName: 'Pista 3', durationInMinutes: 60, basePrice: 45, date: '2025-02-26', startTime: '10:30', …}
 AvailabilityService - Slot válido encontrado: {start: '10:30', end: '11:30', court: 'Pista 3', price: 45}
 AvailabilityService - Calculando precio: {courtName: 'Pista 3', durationInMinutes: 60, basePrice: 45, date: '2025-02-26', startTime: '11:00', …}
 AvailabilityService - Slot válido encontrado: {start: '11:00', end: '12:00', court: 'Pista 3', price: 45}
 AvailabilityService - Calculando precio: {courtName: 'Pista 3', durationInMinutes: 60, basePrice: 45, date: '2025-02-26', startTime: '15:00', …}
 AvailabilityService - Slot válido encontrado: {start: '15:00', end: '16:00', court: 'Pista 3', price: 45}
 AvailabilityService - Calculando precio: {courtName: 'Pista 3', durationInMinutes: 60, basePrice: 45, date: '2025-02-26', startTime: '15:30', …}
 AvailabilityService - Slot válido encontrado: {start: '15:30', end: '16:30', court: 'Pista 3', price: 45}
 AvailabilityService - Calculando precio: {courtName: 'Pista 3', durationInMinutes: 60, basePrice: 45, date: '2025-02-26', startTime: '16:00', …}
 AvailabilityService - Slot válido encontrado: {start: '16:00', end: '17:00', court: 'Pista 3', price: 45}
 AvailabilityService - Calculando precio: {courtName: 'Pista 3', durationInMinutes: 60, basePrice: 45, date: '2025-02-26', startTime: '16:30', …}
 AvailabilityService - Slot válido encontrado: {start: '16:30', end: '17:30', court: 'Pista 3', price: 45}
 AvailabilityService - Calculando precio: {courtName: 'Pista 3', durationInMinutes: 60, basePrice: 45, date: '2025-02-26', startTime: '17:00', …}
 AvailabilityService - Slot válido encontrado: {start: '17:00', end: '18:00', court: 'Pista 3', price: 45}
 AvailabilityService - Calculando precio: {courtName: 'Pista 3', durationInMinutes: 60, basePrice: 45, date: '2025-02-26', startTime: '17:30', …}
 AvailabilityService - Slot válido encontrado: {start: '17:30', end: '18:30', court: 'Pista 3', price: 45}
 AvailabilityService - Calculando precio: {courtName: 'Pista 3', durationInMinutes: 60, basePrice: 45, date: '2025-02-26', startTime: '18:00', …}
 AvailabilityService - Slot válido encontrado: {start: '18:00', end: '19:00', court: 'Pista 3', price: 45}
 AvailabilityService - Calculando precio: {courtName: 'Pista 3', durationInMinutes: 60, basePrice: 45, date: '2025-02-26', startTime: '18:30', …}
 AvailabilityService - Slot válido encontrado: {start: '18:30', end: '19:30', court: 'Pista 3', price: 45}
 AvailabilityService - Calculando precio: {courtName: 'Pista 3', durationInMinutes: 60, basePrice: 45, date: '2025-02-26', startTime: '19:00', …}
 AvailabilityService - Slot válido encontrado: {start: '19:00', end: '20:00', court: 'Pista 3', price: 45}
 AvailabilityService - Calculando precio: {courtName: 'Pista 3', durationInMinutes: 60, basePrice: 45, date: '2025-02-26', startTime: '19:30', …}
 AvailabilityService - Slot válido encontrado: {start: '19:30', end: '20:30', court: 'Pista 3', price: 45}
 AvailabilityService - Calculando precio: {courtName: 'Pista 3', durationInMinutes: 60, basePrice: 45, date: '2025-02-26', startTime: '20:00', …}
 AvailabilityService - Slot válido encontrado: {start: '20:00', end: '21:00', court: 'Pista 3', price: 45}
 AvailabilityService - Calculando precio: {courtName: 'Pista 3', durationInMinutes: 60, basePrice: 45, date: '2025-02-26', startTime: '20:30', …}
 AvailabilityService - Slot válido encontrado: {start: '20:30', end: '21:30', court: 'Pista 3', price: 45}
 AvailabilityService - Calculando precio: {courtName: 'Pista 3', durationInMinutes: 60, basePrice: 45, date: '2025-02-26', startTime: '21:00', …}
 AvailabilityService - Slot válido encontrado: {start: '21:00', end: '22:00', court: 'Pista 3', price: 45}
 AvailabilityService - Total slots generados para Pista 3: {totalSlots: 20, durationInMinutes: 60}
 AvailabilityService - Slots generados para Pista 3: (20) [{…}, {…}, {…}, {…}, {…}, {…}, {…}, {…}, {…}, {…}, {…}, {…}, {…}, {…}, {…}, {…}, {…}, {…}, {…}, {…}]
 AvailabilityService - Calculando precio: {courtName: 'Pista 3', durationInMinutes: 60, basePrice: 45, date: '2025-02-26', startTime: '08:00', …}
 AvailabilityService - Agregando slot con precio: {court: 'Pista 3', start: '08:00', end: '09:00', price: 45, durationInMinutes: 60}
 AvailabilityService - Calculando precio: {courtName: 'Pista 3', durationInMinutes: 60, basePrice: 45, date: '2025-02-26', startTime: '08:30', …}
 AvailabilityService - Agregando slot con precio: {court: 'Pista 3', start: '08:30', end: '09:30', price: 45, durationInMinutes: 60}
 AvailabilityService - Calculando precio: {courtName: 'Pista 3', durationInMinutes: 60, basePrice: 45, date: '2025-02-26', startTime: '09:00', …}
 AvailabilityService - Agregando slot con precio: {court: 'Pista 3', start: '09:00', end: '10:00', price: 45, durationInMinutes: 60}
 AvailabilityService - Calculando precio: {courtName: 'Pista 3', durationInMinutes: 60, basePrice: 45, date: '2025-02-26', startTime: '09:30', …}
 AvailabilityService - Agregando slot con precio: {court: 'Pista 3', start: '09:30', end: '10:30', price: 45, durationInMinutes: 60}
 AvailabilityService - Calculando precio: {courtName: 'Pista 3', durationInMinutes: 60, basePrice: 45, date: '2025-02-26', startTime: '10:00', …}
 AvailabilityService - Agregando slot con precio: {court: 'Pista 3', start: '10:00', end: '11:00', price: 45, durationInMinutes: 60}
 AvailabilityService - Calculando precio: {courtName: 'Pista 3', durationInMinutes: 60, basePrice: 45, date: '2025-02-26', startTime: '10:30', …}
 AvailabilityService - Agregando slot con precio: {court: 'Pista 3', start: '10:30', end: '11:30', price: 45, durationInMinutes: 60}
 AvailabilityService - Calculando precio: {courtName: 'Pista 3', durationInMinutes: 60, basePrice: 45, date: '2025-02-26', startTime: '11:00', …}
 AvailabilityService - Agregando slot con precio: {court: 'Pista 3', start: '11:00', end: '12:00', price: 45, durationInMinutes: 60}
 AvailabilityService - Calculando precio: {courtName: 'Pista 3', durationInMinutes: 60, basePrice: 45, date: '2025-02-26', startTime: '15:00', …}
 AvailabilityService - Agregando slot con precio: {court: 'Pista 3', start: '15:00', end: '16:00', price: 45, durationInMinutes: 60}
 AvailabilityService - Calculando precio: {courtName: 'Pista 3', durationInMinutes: 60, basePrice: 45, date: '2025-02-26', startTime: '15:30', …}
 AvailabilityService - Agregando slot con precio: {court: 'Pista 3', start: '15:30', end: '16:30', price: 45, durationInMinutes: 60}
 AvailabilityService - Calculando precio: {courtName: 'Pista 3', durationInMinutes: 60, basePrice: 45, date: '2025-02-26', startTime: '16:00', …}
 AvailabilityService - Agregando slot con precio: {court: 'Pista 3', start: '16:00', end: '17:00', price: 45, durationInMinutes: 60}
 AvailabilityService - Calculando precio: {courtName: 'Pista 3', durationInMinutes: 60, basePrice: 45, date: '2025-02-26', startTime: '16:30', …}
 AvailabilityService - Agregando slot con precio: {court: 'Pista 3', start: '16:30', end: '17:30', price: 45, durationInMinutes: 60}
 AvailabilityService - Calculando precio: {courtName: 'Pista 3', durationInMinutes: 60, basePrice: 45, date: '2025-02-26', startTime: '17:00', …}
 AvailabilityService - Agregando slot con precio: {court: 'Pista 3', start: '17:00', end: '18:00', price: 45, durationInMinutes: 60}
 AvailabilityService - Calculando precio: {courtName: 'Pista 3', durationInMinutes: 60, basePrice: 45, date: '2025-02-26', startTime: '17:30', …}
 AvailabilityService - Agregando slot con precio: {court: 'Pista 3', start: '17:30', end: '18:30', price: 45, durationInMinutes: 60}
 AvailabilityService - Calculando precio: {courtName: 'Pista 3', durationInMinutes: 60, basePrice: 45, date: '2025-02-26', startTime: '18:00', …}
 AvailabilityService - Agregando slot con precio: {court: 'Pista 3', start: '18:00', end: '19:00', price: 45, durationInMinutes: 60}
 AvailabilityService - Calculando precio: {courtName: 'Pista 3', durationInMinutes: 60, basePrice: 45, date: '2025-02-26', startTime: '18:30', …}
 AvailabilityService - Agregando slot con precio: {court: 'Pista 3', start: '18:30', end: '19:30', price: 45, durationInMinutes: 60}
 AvailabilityService - Calculando precio: {courtName: 'Pista 3', durationInMinutes: 60, basePrice: 45, date: '2025-02-26', startTime: '19:00', …}
 AvailabilityService - Agregando slot con precio: {court: 'Pista 3', start: '19:00', end: '20:00', price: 45, durationInMinutes: 60}
 AvailabilityService - Calculando precio: {courtName: 'Pista 3', durationInMinutes: 60, basePrice: 45, date: '2025-02-26', startTime: '19:30', …}
 AvailabilityService - Agregando slot con precio: {court: 'Pista 3', start: '19:30', end: '20:30', price: 45, durationInMinutes: 60}
 AvailabilityService - Calculando precio: {courtName: 'Pista 3', durationInMinutes: 60, basePrice: 45, date: '2025-02-26', startTime: '20:00', …}
 AvailabilityService - Agregando slot con precio: {court: 'Pista 3', start: '20:00', end: '21:00', price: 45, durationInMinutes: 60}
 AvailabilityService - Calculando precio: {courtName: 'Pista 3', durationInMinutes: 60, basePrice: 45, date: '2025-02-26', startTime: '20:30', …}
 AvailabilityService - Agregando slot con precio: {court: 'Pista 3', start: '20:30', end: '21:30', price: 45, durationInMinutes: 60}
 AvailabilityService - Calculando precio: {courtName: 'Pista 3', durationInMinutes: 60, basePrice: 45, date: '2025-02-26', startTime: '21:00', …}
 AvailabilityService - Agregando slot con precio: {court: 'Pista 3', start: '21:00', end: '22:00', price: 45, durationInMinutes: 60}
 AvailabilityService - Rangos disponibles después de filtrado: {totalRanges: 2, ranges: Array(2)}
 AvailabilityService - Rangos disponibles para Pista 1: {ranges: Array(2), durationInMinutes: 60, courtName: 'Pista 1'}
 AvailabilityService - Calculando precio: {courtName: 'Pista 1', durationInMinutes: 60, basePrice: 45, date: '2025-02-26', startTime: '08:00', …}
 AvailabilityService - Slot válido encontrado: {start: '08:00', end: '09:00', court: 'Pista 1', price: 45}
 AvailabilityService - Calculando precio: {courtName: 'Pista 1', durationInMinutes: 60, basePrice: 45, date: '2025-02-26', startTime: '08:30', …}
 AvailabilityService - Slot válido encontrado: {start: '08:30', end: '09:30', court: 'Pista 1', price: 45}
 AvailabilityService - Calculando precio: {courtName: 'Pista 1', durationInMinutes: 60, basePrice: 45, date: '2025-02-26', startTime: '09:00', …}
 AvailabilityService - Slot válido encontrado: {start: '09:00', end: '10:00', court: 'Pista 1', price: 45}
 AvailabilityService - Calculando precio: {courtName: 'Pista 1', durationInMinutes: 60, basePrice: 45, date: '2025-02-26', startTime: '09:30', …}
 AvailabilityService - Slot válido encontrado: {start: '09:30', end: '10:30', court: 'Pista 1', price: 45}
 AvailabilityService - Calculando precio: {courtName: 'Pista 1', durationInMinutes: 60, basePrice: 45, date: '2025-02-26', startTime: '10:00', …}
 AvailabilityService - Slot válido encontrado: {start: '10:00', end: '11:00', court: 'Pista 1', price: 45}
 AvailabilityService - Calculando precio: {courtName: 'Pista 1', durationInMinutes: 60, basePrice: 45, date: '2025-02-26', startTime: '10:30', …}
 AvailabilityService - Slot válido encontrado: {start: '10:30', end: '11:30', court: 'Pista 1', price: 45}
 AvailabilityService - Calculando precio: {courtName: 'Pista 1', durationInMinutes: 60, basePrice: 45, date: '2025-02-26', startTime: '11:00', …}
 AvailabilityService - Slot válido encontrado: {start: '11:00', end: '12:00', court: 'Pista 1', price: 45}
 AvailabilityService - Calculando precio: {courtName: 'Pista 1', durationInMinutes: 60, basePrice: 45, date: '2025-02-26', startTime: '15:00', …}
 AvailabilityService - Slot válido encontrado: {start: '15:00', end: '16:00', court: 'Pista 1', price: 45}
 AvailabilityService - Calculando precio: {courtName: 'Pista 1', durationInMinutes: 60, basePrice: 45, date: '2025-02-26', startTime: '15:30', …}
 AvailabilityService - Slot válido encontrado: {start: '15:30', end: '16:30', court: 'Pista 1', price: 45}
 AvailabilityService - Calculando precio: {courtName: 'Pista 1', durationInMinutes: 60, basePrice: 45, date: '2025-02-26', startTime: '16:00', …}
 AvailabilityService - Slot válido encontrado: {start: '16:00', end: '17:00', court: 'Pista 1', price: 45}
 AvailabilityService - Calculando precio: {courtName: 'Pista 1', durationInMinutes: 60, basePrice: 45, date: '2025-02-26', startTime: '16:30', …}
 AvailabilityService - Slot válido encontrado: {start: '16:30', end: '17:30', court: 'Pista 1', price: 45}
 AvailabilityService - Calculando precio: {courtName: 'Pista 1', durationInMinutes: 60, basePrice: 45, date: '2025-02-26', startTime: '17:00', …}
 AvailabilityService - Slot válido encontrado: {start: '17:00', end: '18:00', court: 'Pista 1', price: 45}
 AvailabilityService - Calculando precio: {courtName: 'Pista 1', durationInMinutes: 60, basePrice: 45, date: '2025-02-26', startTime: '17:30', …}
availability.service.ts:516 AvailabilityService - Slot válido encontrado: {start: '17:30', end: '18:30', court: 'Pista 1', price: 45}
availability.service.ts:197 AvailabilityService - Calculando precio: {courtName: 'Pista 1', durationInMinutes: 60, basePrice: 45, date: '2025-02-26', startTime: '18:00', …}
availability.service.ts:516 AvailabilityService - Slot válido encontrado: {start: '18:00', end: '19:00', court: 'Pista 1', price: 45}
availability.service.ts:197 AvailabilityService - Calculando precio: {courtName: 'Pista 1', durationInMinutes: 60, basePrice: 45, date: '2025-02-26', startTime: '18:30', …}
availability.service.ts:516 AvailabilityService - Slot válido encontrado: {start: '18:30', end: '19:30', court: 'Pista 1', price: 45}
availability.service.ts:197 AvailabilityService - Calculando precio: {courtName: 'Pista 1', durationInMinutes: 60, basePrice: 45, date: '2025-02-26', startTime: '19:00', …}
availability.service.ts:516 AvailabilityService - Slot válido encontrado: {start: '19:00', end: '20:00', court: 'Pista 1', price: 45}
availability.service.ts:197 AvailabilityService - Calculando precio: {courtName: 'Pista 1', durationInMinutes: 60, basePrice: 45, date: '2025-02-26', startTime: '19:30', …}
availability.service.ts:516 AvailabilityService - Slot válido encontrado: {start: '19:30', end: '20:30', court: 'Pista 1', price: 45}
availability.service.ts:197 AvailabilityService - Calculando precio: {courtName: 'Pista 1', durationInMinutes: 60, basePrice: 45, date: '2025-02-26', startTime: '20:00', …}
availability.service.ts:516 AvailabilityService - Slot válido encontrado: {start: '20:00', end: '21:00', court: 'Pista 1', price: 45}
availability.service.ts:197 AvailabilityService - Calculando precio: {courtName: 'Pista 1', durationInMinutes: 60, basePrice: 45, date: '2025-02-26', startTime: '20:30', …}
availability.service.ts:516 AvailabilityService - Slot válido encontrado: {start: '20:30', end: '21:30', court: 'Pista 1', price: 45}
availability.service.ts:197 AvailabilityService - Calculando precio: {courtName: 'Pista 1', durationInMinutes: 60, basePrice: 45, date: '2025-02-26', startTime: '21:00', …}
availability.service.ts:516 AvailabilityService - Slot válido encontrado: {start: '21:00', end: '22:00', court: 'Pista 1', price: 45}
availability.service.ts:533 AvailabilityService - Total slots generados para Pista 1: {totalSlots: 20, durationInMinutes: 60}
availability.service.ts:723 AvailabilityService - Slots generados para Pista 1: (20) [{…}, {…}, {…}, {…}, {…}, {…}, {…}, {…}, {…}, {…}, {…}, {…}, {…}, {…}, {…}, {…}, {…}, {…}, {…}, {…}]
availability.service.ts:197 AvailabilityService - Calculando precio: {courtName: 'Pista 1', durationInMinutes: 60, basePrice: 45, date: '2025-02-26', startTime: '08:00', …}
availability.service.ts:738 AvailabilityService - Agregando slot con precio: {court: 'Pista 1', start: '08:00', end: '09:00', price: 45, durationInMinutes: 60}
availability.service.ts:197 AvailabilityService - Calculando precio: {courtName: 'Pista 1', durationInMinutes: 60, basePrice: 45, date: '2025-02-26', startTime: '08:30', …}
availability.service.ts:738 AvailabilityService - Agregando slot con precio: {court: 'Pista 1', start: '08:30', end: '09:30', price: 45, durationInMinutes: 60}
availability.service.ts:197 AvailabilityService - Calculando precio: {courtName: 'Pista 1', durationInMinutes: 60, basePrice: 45, date: '2025-02-26', startTime: '09:00', …}
availability.service.ts:738 AvailabilityService - Agregando slot con precio: {court: 'Pista 1', start: '09:00', end: '10:00', price: 45, durationInMinutes: 60}
availability.service.ts:197 AvailabilityService - Calculando precio: {courtName: 'Pista 1', durationInMinutes: 60, basePrice: 45, date: '2025-02-26', startTime: '09:30', …}
availability.service.ts:738 AvailabilityService - Agregando slot con precio: {court: 'Pista 1', start: '09:30', end: '10:30', price: 45, durationInMinutes: 60}
availability.service.ts:197 AvailabilityService - Calculando precio: {courtName: 'Pista 1', durationInMinutes: 60, basePrice: 45, date: '2025-02-26', startTime: '10:00', …}
availability.service.ts:738 AvailabilityService - Agregando slot con precio: {court: 'Pista 1', start: '10:00', end: '11:00', price: 45, durationInMinutes: 60}
availability.service.ts:197 AvailabilityService - Calculando precio: {courtName: 'Pista 1', durationInMinutes: 60, basePrice: 45, date: '2025-02-26', startTime: '10:30', …}
availability.service.ts:738 AvailabilityService - Agregando slot con precio: {court: 'Pista 1', start: '10:30', end: '11:30', price: 45, durationInMinutes: 60}
availability.service.ts:197 AvailabilityService - Calculando precio: {courtName: 'Pista 1', durationInMinutes: 60, basePrice: 45, date: '2025-02-26', startTime: '11:00', …}
availability.service.ts:738 AvailabilityService - Agregando slot con precio: {court: 'Pista 1', start: '11:00', end: '12:00', price: 45, durationInMinutes: 60}
availability.service.ts:197 AvailabilityService - Calculando precio: {courtName: 'Pista 1', durationInMinutes: 60, basePrice: 45, date: '2025-02-26', startTime: '15:00', …}
availability.service.ts:738 AvailabilityService - Agregando slot con precio: {court: 'Pista 1', start: '15:00', end: '16:00', price: 45, durationInMinutes: 60}
availability.service.ts:197 AvailabilityService - Calculando precio: {courtName: 'Pista 1', durationInMinutes: 60, basePrice: 45, date: '2025-02-26', startTime: '15:30', …}
availability.service.ts:738 AvailabilityService - Agregando slot con precio: {court: 'Pista 1', start: '15:30', end: '16:30', price: 45, durationInMinutes: 60}
availability.service.ts:197 AvailabilityService - Calculando precio: {courtName: 'Pista 1', durationInMinutes: 60, basePrice: 45, date: '2025-02-26', startTime: '16:00', …}
availability.service.ts:738 AvailabilityService - Agregando slot con precio: {court: 'Pista 1', start: '16:00', end: '17:00', price: 45, durationInMinutes: 60}
availability.service.ts:197 AvailabilityService - Calculando precio: {courtName: 'Pista 1', durationInMinutes: 60, basePrice: 45, date: '2025-02-26', startTime: '16:30', …}
availability.service.ts:738 AvailabilityService - Agregando slot con precio: {court: 'Pista 1', start: '16:30', end: '17:30', price: 45, durationInMinutes: 60}
availability.service.ts:197 AvailabilityService - Calculando precio: {courtName: 'Pista 1', durationInMinutes: 60, basePrice: 45, date: '2025-02-26', startTime: '17:00', …}
availability.service.ts:738 AvailabilityService - Agregando slot con precio: {court: 'Pista 1', start: '17:00', end: '18:00', price: 45, durationInMinutes: 60}
availability.service.ts:197 AvailabilityService - Calculando precio: {courtName: 'Pista 1', durationInMinutes: 60, basePrice: 45, date: '2025-02-26', startTime: '17:30', …}
availability.service.ts:738 AvailabilityService - Agregando slot con precio: {court: 'Pista 1', start: '17:30', end: '18:30', price: 45, durationInMinutes: 60}
availability.service.ts:197 AvailabilityService - Calculando precio: {courtName: 'Pista 1', durationInMinutes: 60, basePrice: 45, date: '2025-02-26', startTime: '18:00', …}
availability.service.ts:738 AvailabilityService - Agregando slot con precio: {court: 'Pista 1', start: '18:00', end: '19:00', price: 45, durationInMinutes: 60}
availability.service.ts:197 AvailabilityService - Calculando precio: {courtName: 'Pista 1', durationInMinutes: 60, basePrice: 45, date: '2025-02-26', startTime: '18:30', …}
availability.service.ts:738 AvailabilityService - Agregando slot con precio: {court: 'Pista 1', start: '18:30', end: '19:30', price: 45, durationInMinutes: 60}
availability.service.ts:197 AvailabilityService - Calculando precio: {courtName: 'Pista 1', durationInMinutes: 60, basePrice: 45, date: '2025-02-26', startTime: '19:00', …}
availability.service.ts:738 AvailabilityService - Agregando slot con precio: {court: 'Pista 1', start: '19:00', end: '20:00', price: 45, durationInMinutes: 60}
availability.service.ts:197 AvailabilityService - Calculando precio: {courtName: 'Pista 1', durationInMinutes: 60, basePrice: 45, date: '2025-02-26', startTime: '19:30', …}
availability.service.ts:738 AvailabilityService - Agregando slot con precio: {court: 'Pista 1', start: '19:30', end: '20:30', price: 45, durationInMinutes: 60}
availability.service.ts:197 AvailabilityService - Calculando precio: {courtName: 'Pista 1', durationInMinutes: 60, basePrice: 45, date: '2025-02-26', startTime: '20:00', …}
availability.service.ts:738 AvailabilityService - Agregando slot con precio: {court: 'Pista 1', start: '20:00', end: '21:00', price: 45, durationInMinutes: 60}
availability.service.ts:197 AvailabilityService - Calculando precio: {courtName: 'Pista 1', durationInMinutes: 60, basePrice: 45, date: '2025-02-26', startTime: '20:30', …}
availability.service.ts:738 AvailabilityService - Agregando slot con precio: {court: 'Pista 1', start: '20:30', end: '21:30', price: 45, durationInMinutes: 60}
availability.service.ts:197 AvailabilityService - Calculando precio: {courtName: 'Pista 1', durationInMinutes: 60, basePrice: 45, date: '2025-02-26', startTime: '21:00', …}
availability.service.ts:738 AvailabilityService - Agregando slot con precio: {court: 'Pista 1', start: '21:00', end: '22:00', price: 45, durationInMinutes: 60}
availability.service.ts:765 AvailabilityService - findAvailableSlots - slots encontrados: {total: 67, slotsConPrecios: Array(67)}
useAvailability.ts:50 useAvailability - Slots obtenidos: {cantidad: 67, params: {…}, primerSlot: {…}}
index.mjs:174 You're attempting to animate multiple children within AnimatePresence, but its mode is set to "wait". This will lead to odd visual behaviour.
AnimatePresence @ index.mjs:174
renderWithHooks @ react-dom.development.js:11121
updateFunctionComponent @ react-dom.development.js:16290
beginWork$1 @ react-dom.development.js:18472
beginWork @ react-dom.development.js:26927
performUnitOfWork @ react-dom.development.js:25748
workLoopSync @ react-dom.development.js:25464
renderRootSync @ react-dom.development.js:25419
performConcurrentWorkOnRoot @ react-dom.development.js:24504
workLoop @ scheduler.development.js:256
flushWork @ scheduler.development.js:225
performWorkUntilDeadline @ scheduler.development.js:534
index.mjs:174 You're attempting to animate multiple children within AnimatePresence, but its mode is set to "wait". This will lead to odd visual behaviour.
AnimatePresence @ index.mjs:174
renderWithHooksAgain @ react-dom.development.js:11272
renderWithHooks @ react-dom.development.js:11135
updateFunctionComponent @ react-dom.development.js:16290
beginWork$1 @ react-dom.development.js:18472
beginWork @ react-dom.development.js:26927
performUnitOfWork @ react-dom.development.js:25748
workLoopSync @ react-dom.development.js:25464
renderRootSync @ react-dom.development.js:25419
performConcurrentWorkOnRoot @ react-dom.development.js:24504
workLoop @ scheduler.development.js:256
flushWork @ scheduler.development.js:225
performWorkUntilDeadline @ scheduler.development.js:534
app-index.js:33 Warning: Encountered two children with the same key, `54aca0f1-2f00-45d4-b662-094defa9c704-2025-02-26-10:00`. Keys should be unique so that components maintain their identity across updates. Non-unique keys may cause children to be duplicated and/or omitted — the behavior is unsupported and could change in a future version.
    at div
    at div
    at div
    at div
    at div
    at div
    at div
    at div
    at div
    at PreviewContainer (webpack-internal:///(app-pages-browser)/./src/components/preview/layout/PreviewContainer.tsx:12:11)
    at ShiftsPreview (webpack-internal:///(app-pages-browser)/./src/components/preview/steps/ShiftsPreview.tsx:331:11)
    at div
    at MotionComponent (webpack-internal:///(app-pages-browser)/./node_modules/framer-motion/dist/es/motion/index.mjs:49:65)
    at PresenceChild (webpack-internal:///(app-pages-browser)/./node_modules/framer-motion/dist/es/components/AnimatePresence/PresenceChild.mjs:15:26)
    at AnimatePresence (webpack-internal:///(app-pages-browser)/./node_modules/framer-motion/dist/es/components/AnimatePresence/index.mjs:72:28)
    at div
    at div
    at div
    at main
    at FormContainer (webpack-internal:///(app-pages-browser)/./src/components/public-form/layout/FormContainer.tsx:15:11)
    at PublicFormContent (webpack-internal:///(app-pages-browser)/./src/components/public-form/layout/PublicFormContent.tsx:23:11)
    at div
    at PublicFormLayout (webpack-internal:///(app-pages-browser)/./src/components/public-form/layout/PublicFormLayout.tsx:18:11)
    at PublicFormContent (webpack-internal:///(app-pages-browser)/./src/components/public-form/PublicFormContent.tsx:22:11)
    at div
    at FormProvider (webpack-internal:///(app-pages-browser)/./src/contexts/FormContext.tsx:100:11)
    at PublicFormPage (webpack-internal:///(app-pages-browser)/./src/app/f/[slug]/page.tsx:29:78)
    at ClientPageRoot (webpack-internal:///(app-pages-browser)/./node_modules/next/dist/client/components/client-page.js:14:11)
    at InnerLayoutRouter (webpack-internal:///(app-pages-browser)/./node_modules/next/dist/client/components/layout-router.js:243:11)
    at RedirectErrorBoundary (webpack-internal:///(app-pages-browser)/./node_modules/next/dist/client/components/redirect-boundary.js:74:9)
    at RedirectBoundary (webpack-internal:///(app-pages-browser)/./node_modules/next/dist/client/components/redirect-boundary.js:82:11)
    at NotFoundBoundary (webpack-internal:///(app-pages-browser)/./node_modules/next/dist/client/components/not-found-boundary.js:84:11)
    at LoadingBoundary (webpack-internal:///(app-pages-browser)/./node_modules/next/dist/client/components/layout-router.js:349:11)
    at ErrorBoundary (webpack-internal:///(app-pages-browser)/./node_modules/next/dist/client/components/error-boundary.js:160:11)
    at InnerScrollAndFocusHandler (webpack-internal:///(app-pages-browser)/./node_modules/next/dist/client/components/layout-router.js:153:9)
    at ScrollAndFocusHandler (webpack-internal:///(app-pages-browser)/./node_modules/next/dist/client/components/layout-router.js:228:11)
    at RenderFromTemplateContext (webpack-internal:///(app-pages-browser)/./node_modules/next/dist/client/components/render-from-template-context.js:16:44)
    at OuterLayoutRouter (webpack-internal:///(app-pages-browser)/./node_modules/next/dist/client/components/layout-router.js:370:11)
    at FormProvider (webpack-internal:///(app-pages-browser)/./src/contexts/FormContext.tsx:100:11)
    at BranchProvider (webpack-internal:///(app-pages-browser)/./src/contexts/BranchContext.tsx:38:11)
    at OrganizationProvider (webpack-internal:///(app-pages-browser)/./src/contexts/OrganizationContext.tsx:47:11)
    at DateProvider (webpack-internal:///(app-pages-browser)/./src/contexts/DateContext.tsx:14:11)
    at AuthProvider (webpack-internal:///(app-pages-browser)/./src/contexts/AuthContext.tsx:46:11)
    at PublicFormLayout (webpack-internal:///(app-pages-browser)/./src/app/f/[slug]/layout.tsx:18:11)
    at InnerLayoutRouter (webpack-internal:///(app-pages-browser)/./node_modules/next/dist/client/components/layout-router.js:243:11)
    at RedirectErrorBoundary (webpack-internal:///(app-pages-browser)/./node_modules/next/dist/client/components/redirect-boundary.js:74:9)
    at RedirectBoundary (webpack-internal:///(app-pages-browser)/./node_modules/next/dist/client/components/redirect-boundary.js:82:11)
    at NotFoundBoundary (webpack-internal:///(app-pages-browser)/./node_modules/next/dist/client/components/not-found-boundary.js:84:11)
    at LoadingBoundary (webpack-internal:///(app-pages-browser)/./node_modules/next/dist/client/components/layout-router.js:349:11)
    at ErrorBoundary (webpack-internal:///(app-pages-browser)/./node_modules/next/dist/client/components/error-boundary.js:160:11)
    at InnerScrollAndFocusHandler (webpack-internal:///(app-pages-browser)/./node_modules/next/dist/client/components/layout-router.js:153:9)
    at ScrollAndFocusHandler (webpack-internal:///(app-pages-browser)/./node_modules/next/dist/client/components/layout-router.js:228:11)
    at RenderFromTemplateContext (webpack-internal:///(app-pages-browser)/./node_modules/next/dist/client/components/render-from-template-context.js:16:44)
    at OuterLayoutRouter (webpack-internal:///(app-pages-browser)/./node_modules/next/dist/client/components/layout-router.js:370:11)
    at InnerLayoutRouter (webpack-internal:///(app-pages-browser)/./node_modules/next/dist/client/components/layout-router.js:243:11)
    at RedirectErrorBoundary (webpack-internal:///(app-pages-browser)/./node_modules/next/dist/client/components/redirect-boundary.js:74:9)
    at RedirectBoundary (webpack-internal:///(app-pages-browser)/./node_modules/next/dist/client/components/redirect-boundary.js:82:11)
    at NotFoundErrorBoundary (webpack-internal:///(app-pages-browser)/./node_modules/next/dist/client/components/not-found-boundary.js:76:9)
    at NotFoundBoundary (webpack-internal:///(app-pages-browser)/./node_modules/next/dist/client/components/not-found-boundary.js:84:11)
    at LoadingBoundary (webpack-internal:///(app-pages-browser)/./node_modules/next/dist/client/components/layout-router.js:349:11)
    at ErrorBoundary (webpack-internal:///(app-pages-browser)/./node_modules/next/dist/client/components/error-boundary.js:160:11)
    at InnerScrollAndFocusHandler (webpack-internal:///(app-pages-browser)/./node_modules/next/dist/client/components/layout-router.js:153:9)
    at ScrollAndFocusHandler (webpack-internal:///(app-pages-browser)/./node_modules/next/dist/client/components/layout-router.js:228:11)
    at RenderFromTemplateContext (webpack-internal:///(app-pages-browser)/./node_modules/next/dist/client/components/render-from-template-context.js:16:44)
    at OuterLayoutRouter (webpack-internal:///(app-pages-browser)/./node_modules/next/dist/client/components/layout-router.js:370:11)
    at FormItemsProvider (webpack-internal:///(app-pages-browser)/./src/contexts/FormItemsContext.tsx:14:11)
    at BranchProvider (webpack-internal:///(app-pages-browser)/./src/contexts/BranchContext.tsx:38:11)
    at OrganizationProvider (webpack-internal:///(app-pages-browser)/./src/contexts/OrganizationContext.tsx:47:11)
    at AuthProvider (webpack-internal:///(app-pages-browser)/./src/contexts/AuthContext.tsx:46:11)
    at QueryClientProvider (webpack-internal:///(app-pages-browser)/./node_modules/@tanstack/react-query/build/modern/QueryClientProvider.js:27:11)
    at Providers (webpack-internal:///(app-pages-browser)/./src/app/providers.tsx:57:11)
    at DateProvider (webpack-internal:///(app-pages-browser)/./src/contexts/DateContext.tsx:14:11)
    at body
    at html
    at RootLayout (Server)
    at RedirectErrorBoundary (webpack-internal:///(app-pages-browser)/./node_modules/next/dist/client/components/redirect-boundary.js:74:9)
    at RedirectBoundary (webpack-internal:///(app-pages-browser)/./node_modules/next/dist/client/components/redirect-boundary.js:82:11)
    at NotFoundErrorBoundary (webpack-internal:///(app-pages-browser)/./node_modules/next/dist/client/components/not-found-boundary.js:76:9)
    at NotFoundBoundary (webpack-internal:///(app-pages-browser)/./node_modules/next/dist/client/components/not-found-boundary.js:84:11)
    at DevRootNotFoundBoundary (webpack-internal:///(app-pages-browser)/./node_modules/next/dist/client/components/dev-root-not-found-boundary.js:33:11)
    at ReactDevOverlay (webpack-internal:///(app-pages-browser)/./node_modules/next/dist/client/components/react-dev-overlay/app/ReactDevOverlay.js:87:9)
    at HotReload (webpack-internal:///(app-pages-browser)/./node_modules/next/dist/client/components/react-dev-overlay/app/hot-reloader-client.js:321:11)
    at Router (webpack-internal:///(app-pages-browser)/./node_modules/next/dist/client/components/app-router.js:207:11)
    at ErrorBoundaryHandler (webpack-internal:///(app-pages-browser)/./node_modules/next/dist/client/components/error-boundary.js:113:9)
    at ErrorBoundary (webpack-internal:///(app-pages-browser)/./node_modules/next/dist/client/components/error-boundary.js:160:11)
    at AppRouter (webpack-internal:///(app-pages-browser)/./node_modules/next/dist/client/components/app-router.js:585:13)
    at ServerRoot (webpack-internal:///(app-pages-browser)/./node_modules/next/dist/client/app-index.js:112:27)
    at Root (webpack-internal:///(app-pages-browser)/./node_modules/next/dist/client/app-index.js:117:11)
window.console.error @ app-index.js:33
console.error @ hydration-error-info.js:63
printWarning @ react-dom.development.js:94
error @ react-dom.development.js:68
warnOnInvalidKey @ react-dom.development.js:9977
reconcileChildrenArray @ react-dom.development.js:10014
reconcileChildFibersImpl @ react-dom.development.js:10515
reconcileChildFibers @ react-dom.development.js:10573
reconcileChildren @ react-dom.development.js:15809
updateHostComponent$1 @ react-dom.development.js:16687
beginWork$1 @ react-dom.development.js:18503
beginWork @ react-dom.development.js:26927
performUnitOfWork @ react-dom.development.js:25748
workLoopSync @ react-dom.development.js:25464
renderRootSync @ react-dom.development.js:25419
performConcurrentWorkOnRoot @ react-dom.development.js:24504
workLoop @ scheduler.development.js:256
flushWork @ scheduler.development.js:225
performWorkUntilDeadline @ scheduler.development.js:534
app-index.js:33 Warning: Encountered two children with the same key, `54aca0f1-2f00-45d4-b662-094defa9c704-2025-02-26-18:00`. Keys should be unique so that components maintain their identity across updates. Non-unique keys may cause children to be duplicated and/or omitted — the behavior is unsupported and could change in a future version.
    at div
    at div
    at div
    at div
    at div
    at div
    at div
    at div
    at div
    at PreviewContainer (webpack-internal:///(app-pages-browser)/./src/components/preview/layout/PreviewContainer.tsx:12:11)
    at ShiftsPreview (webpack-internal:///(app-pages-browser)/./src/components/preview/steps/ShiftsPreview.tsx:331:11)
    at div
    at MotionComponent (webpack-internal:///(app-pages-browser)/./node_modules/framer-motion/dist/es/motion/index.mjs:49:65)
    at PresenceChild (webpack-internal:///(app-pages-browser)/./node_modules/framer-motion/dist/es/components/AnimatePresence/PresenceChild.mjs:15:26)
    at AnimatePresence (webpack-internal:///(app-pages-browser)/./node_modules/framer-motion/dist/es/components/AnimatePresence/index.mjs:72:28)
    at div
    at div
    at div
    at main
    at FormContainer (webpack-internal:///(app-pages-browser)/./src/components/public-form/layout/FormContainer.tsx:15:11)
    at PublicFormContent (webpack-internal:///(app-pages-browser)/./src/components/public-form/layout/PublicFormContent.tsx:23:11)
    at div
    at PublicFormLayout (webpack-internal:///(app-pages-browser)/./src/components/public-form/layout/PublicFormLayout.tsx:18:11)
    at PublicFormContent (webpack-internal:///(app-pages-browser)/./src/components/public-form/PublicFormContent.tsx:22:11)
    at div
    at FormProvider (webpack-internal:///(app-pages-browser)/./src/contexts/FormContext.tsx:100:11)
    at PublicFormPage (webpack-internal:///(app-pages-browser)/./src/app/f/[slug]/page.tsx:29:78)
    at ClientPageRoot (webpack-internal:///(app-pages-browser)/./node_modules/next/dist/client/components/client-page.js:14:11)
    at InnerLayoutRouter (webpack-internal:///(app-pages-browser)/./node_modules/next/dist/client/components/layout-router.js:243:11)
    at RedirectErrorBoundary (webpack-internal:///(app-pages-browser)/./node_modules/next/dist/client/components/redirect-boundary.js:74:9)
    at RedirectBoundary (webpack-internal:///(app-pages-browser)/./node_modules/next/dist/client/components/redirect-boundary.js:82:11)
    at NotFoundBoundary (webpack-internal:///(app-pages-browser)/./node_modules/next/dist/client/components/not-found-boundary.js:84:11)
    at LoadingBoundary (webpack-internal:///(app-pages-browser)/./node_modules/next/dist/client/components/layout-router.js:349:11)
    at ErrorBoundary (webpack-internal:///(app-pages-browser)/./node_modules/next/dist/client/components/error-boundary.js:160:11)
    at InnerScrollAndFocusHandler (webpack-internal:///(app-pages-browser)/./node_modules/next/dist/client/components/layout-router.js:153:9)
    at ScrollAndFocusHandler (webpack-internal:///(app-pages-browser)/./node_modules/next/dist/client/components/layout-router.js:228:11)
    at RenderFromTemplateContext (webpack-internal:///(app-pages-browser)/./node_modules/next/dist/client/components/render-from-template-context.js:16:44)
    at OuterLayoutRouter (webpack-internal:///(app-pages-browser)/./node_modules/next/dist/client/components/layout-router.js:370:11)
    at FormProvider (webpack-internal:///(app-pages-browser)/./src/contexts/FormContext.tsx:100:11)
    at BranchProvider (webpack-internal:///(app-pages-browser)/./src/contexts/BranchContext.tsx:38:11)
    at OrganizationProvider (webpack-internal:///(app-pages-browser)/./src/contexts/OrganizationContext.tsx:47:11)
    at DateProvider (webpack-internal:///(app-pages-browser)/./src/contexts/DateContext.tsx:14:11)
    at AuthProvider (webpack-internal:///(app-pages-browser)/./src/contexts/AuthContext.tsx:46:11)
    at PublicFormLayout (webpack-internal:///(app-pages-browser)/./src/app/f/[slug]/layout.tsx:18:11)
    at InnerLayoutRouter (webpack-internal:///(app-pages-browser)/./node_modules/next/dist/client/components/layout-router.js:243:11)
    at RedirectErrorBoundary (webpack-internal:///(app-pages-browser)/./node_modules/next/dist/client/components/redirect-boundary.js:74:9)
    at RedirectBoundary (webpack-internal:///(app-pages-browser)/./node_modules/next/dist/client/components/redirect-boundary.js:82:11)
    at NotFoundBoundary (webpack-internal:///(app-pages-browser)/./node_modules/next/dist/client/components/not-found-boundary.js:84:11)
    at LoadingBoundary (webpack-internal:///(app-pages-browser)/./node_modules/next/dist/client/components/layout-router.js:349:11)
    at ErrorBoundary (webpack-internal:///(app-pages-browser)/./node_modules/next/dist/client/components/error-boundary.js:160:11)
    at InnerScrollAndFocusHandler (webpack-internal:///(app-pages-browser)/./node_modules/next/dist/client/components/layout-router.js:153:9)
    at ScrollAndFocusHandler (webpack-internal:///(app-pages-browser)/./node_modules/next/dist/client/components/layout-router.js:228:11)
    at RenderFromTemplateContext (webpack-internal:///(app-pages-browser)/./node_modules/next/dist/client/components/render-from-template-context.js:16:44)
    at OuterLayoutRouter (webpack-internal:///(app-pages-browser)/./node_modules/next/dist/client/components/layout-router.js:370:11)
    at InnerLayoutRouter (webpack-internal:///(app-pages-browser)/./node_modules/next/dist/client/components/layout-router.js:243:11)
    at RedirectErrorBoundary (webpack-internal:///(app-pages-browser)/./node_modules/next/dist/client/components/redirect-boundary.js:74:9)
    at RedirectBoundary (webpack-internal:///(app-pages-browser)/./node_modules/next/dist/client/components/redirect-boundary.js:82:11)
    at NotFoundErrorBoundary (webpack-internal:///(app-pages-browser)/./node_modules/next/dist/client/components/not-found-boundary.js:76:9)
    at NotFoundBoundary (webpack-internal:///(app-pages-browser)/./node_modules/next/dist/client/components/not-found-boundary.js:84:11)
    at LoadingBoundary (webpack-internal:///(app-pages-browser)/./node_modules/next/dist/client/components/layout-router.js:349:11)
    at ErrorBoundary (webpack-internal:///(app-pages-browser)/./node_modules/next/dist/client/components/error-boundary.js:160:11)
    at InnerScrollAndFocusHandler (webpack-internal:///(app-pages-browser)/./node_modules/next/dist/client/components/layout-router.js:153:9)
    at ScrollAndFocusHandler (webpack-internal:///(app-pages-browser)/./node_modules/next/dist/client/components/layout-router.js:228:11)
    at RenderFromTemplateContext (webpack-internal:///(app-pages-browser)/./node_modules/next/dist/client/components/render-from-template-context.js:16:44)
    at OuterLayoutRouter (webpack-internal:///(app-pages-browser)/./node_modules/next/dist/client/components/layout-router.js:370:11)
    at FormItemsProvider (webpack-internal:///(app-pages-browser)/./src/contexts/FormItemsContext.tsx:14:11)
    at BranchProvider (webpack-internal:///(app-pages-browser)/./src/contexts/BranchContext.tsx:38:11)
    at OrganizationProvider (webpack-internal:///(app-pages-browser)/./src/contexts/OrganizationContext.tsx:47:11)
    at AuthProvider (webpack-internal:///(app-pages-browser)/./src/contexts/AuthContext.tsx:46:11)
    at QueryClientProvider (webpack-internal:///(app-pages-browser)/./node_modules/@tanstack/react-query/build/modern/QueryClientProvider.js:27:11)
    at Providers (webpack-internal:///(app-pages-browser)/./src/app/providers.tsx:57:11)
    at DateProvider (webpack-internal:///(app-pages-browser)/./src/contexts/DateContext.tsx:14:11)
    at body
    at html
    at RootLayout (Server)
    at RedirectErrorBoundary (webpack-internal:///(app-pages-browser)/./node_modules/next/dist/client/components/redirect-boundary.js:74:9)
    at RedirectBoundary (webpack-internal:///(app-pages-browser)/./node_modules/next/dist/client/components/redirect-boundary.js:82:11)
    at NotFoundErrorBoundary (webpack-internal:///(app-pages-browser)/./node_modules/next/dist/client/components/not-found-boundary.js:76:9)
    at NotFoundBoundary (webpack-internal:///(app-pages-browser)/./node_modules/next/dist/client/components/not-found-boundary.js:84:11)
    at DevRootNotFoundBoundary (webpack-internal:///(app-pages-browser)/./node_modules/next/dist/client/components/dev-root-not-found-boundary.js:33:11)
    at ReactDevOverlay (webpack-internal:///(app-pages-browser)/./node_modules/next/dist/client/components/react-dev-overlay/app/ReactDevOverlay.js:87:9)
    at HotReload (webpack-internal:///(app-pages-browser)/./node_modules/next/dist/client/components/react-dev-overlay/app/hot-reloader-client.js:321:11)
    at Router (webpack-internal:///(app-pages-browser)/./node_modules/next/dist/client/components/app-router.js:207:11)
    at ErrorBoundaryHandler (webpack-internal:///(app-pages-browser)/./node_modules/next/dist/client/components/error-boundary.js:113:9)
    at ErrorBoundary (webpack-internal:///(app-pages-browser)/./node_modules/next/dist/client/components/error-boundary.js:160:11)
    at AppRouter (webpack-internal:///(app-pages-browser)/./node_modules/next/dist/client/components/app-router.js:585:13)
    at ServerRoot (webpack-internal:///(app-pages-browser)/./node_modules/next/dist/client/app-index.js:112:27)
    at Root (webpack-internal:///(app-pages-browser)/./node_modules/next/dist/client/app-index.js:117:11)
window.console.error @ app-index.js:33
console.error @ hydration-error-info.js:63
printWarning @ react-dom.development.js:94
error @ react-dom.development.js:68
warnOnInvalidKey @ react-dom.development.js:9977
reconcileChildrenArray @ react-dom.development.js:10014
reconcileChildFibersImpl @ react-dom.development.js:10515
reconcileChildFibers @ react-dom.development.js:10573
reconcileChildren @ react-dom.development.js:15809
updateHostComponent$1 @ react-dom.development.js:16687
beginWork$1 @ react-dom.development.js:18503
beginWork @ react-dom.development.js:26927
performUnitOfWork @ react-dom.development.js:25748
workLoopSync @ react-dom.development.js:25464
renderRootSync @ react-dom.development.js:25419
performConcurrentWorkOnRoot @ react-dom.development.js:24504
workLoop @ scheduler.development.js:256
flushWork @ scheduler.development.js:225
performWorkUntilDeadline @ scheduler.development.js:534
app-index.js:33 Warning: Encountered two children with the same key, `54aca0f1-2f00-45d4-b662-094defa9c704-2025-02-26-18:30`. Keys should be unique so that components maintain their identity across updates. Non-unique keys may cause children to be duplicated and/or omitted — the behavior is unsupported and could change in a future version.
    at div
    at div
    at div
    at div
    at div
    at div
    at div
    at div
    at div
    at PreviewContainer (webpack-internal:///(app-pages-browser)/./src/components/preview/layout/PreviewContainer.tsx:12:11)
    at ShiftsPreview (webpack-internal:///(app-pages-browser)/./src/components/preview/steps/ShiftsPreview.tsx:331:11)
    at div
    at MotionComponent (webpack-internal:///(app-pages-browser)/./node_modules/framer-motion/dist/es/motion/index.mjs:49:65)
    at PresenceChild (webpack-internal:///(app-pages-browser)/./node_modules/framer-motion/dist/es/components/AnimatePresence/PresenceChild.mjs:15:26)
    at AnimatePresence (webpack-internal:///(app-pages-browser)/./node_modules/framer-motion/dist/es/components/AnimatePresence/index.mjs:72:28)
    at div
    at div
    at div
    at main
    at FormContainer (webpack-internal:///(app-pages-browser)/./src/components/public-form/layout/FormContainer.tsx:15:11)
    at PublicFormContent (webpack-internal:///(app-pages-browser)/./src/components/public-form/layout/PublicFormContent.tsx:23:11)
    at div
    at PublicFormLayout (webpack-internal:///(app-pages-browser)/./src/components/public-form/layout/PublicFormLayout.tsx:18:11)
    at PublicFormContent (webpack-internal:///(app-pages-browser)/./src/components/public-form/PublicFormContent.tsx:22:11)
    at div
    at FormProvider (webpack-internal:///(app-pages-browser)/./src/contexts/FormContext.tsx:100:11)
    at PublicFormPage (webpack-internal:///(app-pages-browser)/./src/app/f/[slug]/page.tsx:29:78)
    at ClientPageRoot (webpack-internal:///(app-pages-browser)/./node_modules/next/dist/client/components/client-page.js:14:11)
    at InnerLayoutRouter (webpack-internal:///(app-pages-browser)/./node_modules/next/dist/client/components/layout-router.js:243:11)
    at RedirectErrorBoundary (webpack-internal:///(app-pages-browser)/./node_modules/next/dist/client/components/redirect-boundary.js:74:9)
    at RedirectBoundary (webpack-internal:///(app-pages-browser)/./node_modules/next/dist/client/components/redirect-boundary.js:82:11)
    at NotFoundBoundary (webpack-internal:///(app-pages-browser)/./node_modules/next/dist/client/components/not-found-boundary.js:84:11)
    at LoadingBoundary (webpack-internal:///(app-pages-browser)/./node_modules/next/dist/client/components/layout-router.js:349:11)
    at ErrorBoundary (webpack-internal:///(app-pages-browser)/./node_modules/next/dist/client/components/error-boundary.js:160:11)
    at InnerScrollAndFocusHandler (webpack-internal:///(app-pages-browser)/./node_modules/next/dist/client/components/layout-router.js:153:9)
    at ScrollAndFocusHandler (webpack-internal:///(app-pages-browser)/./node_modules/next/dist/client/components/layout-router.js:228:11)
    at RenderFromTemplateContext (webpack-internal:///(app-pages-browser)/./node_modules/next/dist/client/components/render-from-template-context.js:16:44)
    at OuterLayoutRouter (webpack-internal:///(app-pages-browser)/./node_modules/next/dist/client/components/layout-router.js:370:11)
    at FormProvider (webpack-internal:///(app-pages-browser)/./src/contexts/FormContext.tsx:100:11)
    at BranchProvider (webpack-internal:///(app-pages-browser)/./src/contexts/BranchContext.tsx:38:11)
    at OrganizationProvider (webpack-internal:///(app-pages-browser)/./src/contexts/OrganizationContext.tsx:47:11)
    at DateProvider (webpack-internal:///(app-pages-browser)/./src/contexts/DateContext.tsx:14:11)
    at AuthProvider (webpack-internal:///(app-pages-browser)/./src/contexts/AuthContext.tsx:46:11)
    at PublicFormLayout (webpack-internal:///(app-pages-browser)/./src/app/f/[slug]/layout.tsx:18:11)
    at InnerLayoutRouter (webpack-internal:///(app-pages-browser)/./node_modules/next/dist/client/components/layout-router.js:243:11)
    at RedirectErrorBoundary (webpack-internal:///(app-pages-browser)/./node_modules/next/dist/client/components/redirect-boundary.js:74:9)
    at RedirectBoundary (webpack-internal:///(app-pages-browser)/./node_modules/next/dist/client/components/redirect-boundary.js:82:11)
    at NotFoundBoundary (webpack-internal:///(app-pages-browser)/./node_modules/next/dist/client/components/not-found-boundary.js:84:11)
    at LoadingBoundary (webpack-internal:///(app-pages-browser)/./node_modules/next/dist/client/components/layout-router.js:349:11)
    at ErrorBoundary (webpack-internal:///(app-pages-browser)/./node_modules/next/dist/client/components/error-boundary.js:160:11)
    at InnerScrollAndFocusHandler (webpack-internal:///(app-pages-browser)/./node_modules/next/dist/client/components/layout-router.js:153:9)
    at ScrollAndFocusHandler (webpack-internal:///(app-pages-browser)/./node_modules/next/dist/client/components/layout-router.js:228:11)
    at RenderFromTemplateContext (webpack-internal:///(app-pages-browser)/./node_modules/next/dist/client/components/render-from-template-context.js:16:44)
    at OuterLayoutRouter (webpack-internal:///(app-pages-browser)/./node_modules/next/dist/client/components/layout-router.js:370:11)
    at InnerLayoutRouter (webpack-internal:///(app-pages-browser)/./node_modules/next/dist/client/components/layout-router.js:243:11)
    at RedirectErrorBoundary (webpack-internal:///(app-pages-browser)/./node_modules/next/dist/client/components/redirect-boundary.js:74:9)
    at RedirectBoundary (webpack-internal:///(app-pages-browser)/./node_modules/next/dist/client/components/redirect-boundary.js:82:11)
    at NotFoundErrorBoundary (webpack-internal:///(app-pages-browser)/./node_modules/next/dist/client/components/not-found-boundary.js:76:9)
    at NotFoundBoundary (webpack-internal:///(app-pages-browser)/./node_modules/next/dist/client/components/not-found-boundary.js:84:11)
    at LoadingBoundary (webpack-internal:///(app-pages-browser)/./node_modules/next/dist/client/components/layout-router.js:349:11)
    at ErrorBoundary (webpack-internal:///(app-pages-browser)/./node_modules/next/dist/client/components/error-boundary.js:160:11)
    at InnerScrollAndFocusHandler (webpack-internal:///(app-pages-browser)/./node_modules/next/dist/client/components/layout-router.js:153:9)
    at ScrollAndFocusHandler (webpack-internal:///(app-pages-browser)/./node_modules/next/dist/client/components/layout-router.js:228:11)
    at RenderFromTemplateContext (webpack-internal:///(app-pages-browser)/./node_modules/next/dist/client/components/render-from-template-context.js:16:44)
    at OuterLayoutRouter (webpack-internal:///(app-pages-browser)/./node_modules/next/dist/client/components/layout-router.js:370:11)
    at FormItemsProvider (webpack-internal:///(app-pages-browser)/./src/contexts/FormItemsContext.tsx:14:11)
    at BranchProvider (webpack-internal:///(app-pages-browser)/./src/contexts/BranchContext.tsx:38:11)
    at OrganizationProvider (webpack-internal:///(app-pages-browser)/./src/contexts/OrganizationContext.tsx:47:11)
    at AuthProvider (webpack-internal:///(app-pages-browser)/./src/contexts/AuthContext.tsx:46:11)
    at QueryClientProvider (webpack-internal:///(app-pages-browser)/./node_modules/@tanstack/react-query/build/modern/QueryClientProvider.js:27:11)
    at Providers (webpack-internal:///(app-pages-browser)/./src/app/providers.tsx:57:11)
    at DateProvider (webpack-internal:///(app-pages-browser)/./src/contexts/DateContext.tsx:14:11)
    at body
    at html
    at RootLayout (Server)
    at RedirectErrorBoundary (webpack-internal:///(app-pages-browser)/./node_modules/next/dist/client/components/redirect-boundary.js:74:9)
    at RedirectBoundary (webpack-internal:///(app-pages-browser)/./node_modules/next/dist/client/components/redirect-boundary.js:82:11)
    at NotFoundErrorBoundary (webpack-internal:///(app-pages-browser)/./node_modules/next/dist/client/components/not-found-boundary.js:76:9)
    at NotFoundBoundary (webpack-internal:///(app-pages-browser)/./node_modules/next/dist/client/components/not-found-boundary.js:84:11)
    at DevRootNotFoundBoundary (webpack-internal:///(app-pages-browser)/./node_modules/next/dist/client/components/dev-root-not-found-boundary.js:33:11)
    at ReactDevOverlay (webpack-internal:///(app-pages-browser)/./node_modules/next/dist/client/components/react-dev-overlay/app/ReactDevOverlay.js:87:9)
    at HotReload (webpack-internal:///(app-pages-browser)/./node_modules/next/dist/client/components/react-dev-overlay/app/hot-reloader-client.js:321:11)
    at Router (webpack-internal:///(app-pages-browser)/./node_modules/next/dist/client/components/app-router.js:207:11)
    at ErrorBoundaryHandler (webpack-internal:///(app-pages-browser)/./node_modules/next/dist/client/components/error-boundary.js:113:9)
    at ErrorBoundary (webpack-internal:///(app-pages-browser)/./node_modules/next/dist/client/components/error-boundary.js:160:11)
    at AppRouter (webpack-internal:///(app-pages-browser)/./node_modules/next/dist/client/components/app-router.js:585:13)
    at ServerRoot (webpack-internal:///(app-pages-browser)/./node_modules/next/dist/client/app-index.js:112:27)
    at Root (webpack-internal:///(app-pages-browser)/./node_modules/next/dist/client/app-index.js:117:11)
window.console.error @ app-index.js:33
console.error @ hydration-error-info.js:63
printWarning @ react-dom.development.js:94
error @ react-dom.development.js:68
warnOnInvalidKey @ react-dom.development.js:9977
reconcileChildrenArray @ react-dom.development.js:10014
reconcileChildFibersImpl @ react-dom.development.js:10515
reconcileChildFibers @ react-dom.development.js:10573
reconcileChildren @ react-dom.development.js:15809
updateHostComponent$1 @ react-dom.development.js:16687
beginWork$1 @ react-dom.development.js:18503
beginWork @ react-dom.development.js:26927
performUnitOfWork @ react-dom.development.js:25748
workLoopSync @ react-dom.development.js:25464
renderRootSync @ react-dom.development.js:25419
performConcurrentWorkOnRoot @ react-dom.development.js:24504
workLoop @ scheduler.development.js:256
flushWork @ scheduler.development.js:225
performWorkUntilDeadline @ scheduler.development.js:534
app-index.js:33 Warning: Encountered two children with the same key, `54aca0f1-2f00-45d4-b662-094defa9c704-2025-02-26-19:00`. Keys should be unique so that components maintain their identity across updates. Non-unique keys may cause children to be duplicated and/or omitted — the behavior is unsupported and could change in a future version.
    at div
    at div
    at div
    at div
    at div
    at div
    at div
    at div
    at div
    at PreviewContainer (webpack-internal:///(app-pages-browser)/./src/components/preview/layout/PreviewContainer.tsx:12:11)
    at ShiftsPreview (webpack-internal:///(app-pages-browser)/./src/components/preview/steps/ShiftsPreview.tsx:331:11)
    at div
    at MotionComponent (webpack-internal:///(app-pages-browser)/./node_modules/framer-motion/dist/es/motion/index.mjs:49:65)
    at PresenceChild (webpack-internal:///(app-pages-browser)/./node_modules/framer-motion/dist/es/components/AnimatePresence/PresenceChild.mjs:15:26)
    at AnimatePresence (webpack-internal:///(app-pages-browser)/./node_modules/framer-motion/dist/es/components/AnimatePresence/index.mjs:72:28)
    at div
    at div
    at div
    at main
    at FormContainer (webpack-internal:///(app-pages-browser)/./src/components/public-form/layout/FormContainer.tsx:15:11)
    at PublicFormContent (webpack-internal:///(app-pages-browser)/./src/components/public-form/layout/PublicFormContent.tsx:23:11)
    at div
    at PublicFormLayout (webpack-internal:///(app-pages-browser)/./src/components/public-form/layout/PublicFormLayout.tsx:18:11)
    at PublicFormContent (webpack-internal:///(app-pages-browser)/./src/components/public-form/PublicFormContent.tsx:22:11)
    at div
    at FormProvider (webpack-internal:///(app-pages-browser)/./src/contexts/FormContext.tsx:100:11)
    at PublicFormPage (webpack-internal:///(app-pages-browser)/./src/app/f/[slug]/page.tsx:29:78)
    at ClientPageRoot (webpack-internal:///(app-pages-browser)/./node_modules/next/dist/client/components/client-page.js:14:11)
    at InnerLayoutRouter (webpack-internal:///(app-pages-browser)/./node_modules/next/dist/client/components/layout-router.js:243:11)
    at RedirectErrorBoundary (webpack-internal:///(app-pages-browser)/./node_modules/next/dist/client/components/redirect-boundary.js:74:9)
    at RedirectBoundary (webpack-internal:///(app-pages-browser)/./node_modules/next/dist/client/components/redirect-boundary.js:82:11)
    at NotFoundBoundary (webpack-internal:///(app-pages-browser)/./node_modules/next/dist/client/components/not-found-boundary.js:84:11)
    at LoadingBoundary (webpack-internal:///(app-pages-browser)/./node_modules/next/dist/client/components/layout-router.js:349:11)
    at ErrorBoundary (webpack-internal:///(app-pages-browser)/./node_modules/next/dist/client/components/error-boundary.js:160:11)
    at InnerScrollAndFocusHandler (webpack-internal:///(app-pages-browser)/./node_modules/next/dist/client/components/layout-router.js:153:9)
    at ScrollAndFocusHandler (webpack-internal:///(app-pages-browser)/./node_modules/next/dist/client/components/layout-router.js:228:11)
    at RenderFromTemplateContext (webpack-internal:///(app-pages-browser)/./node_modules/next/dist/client/components/render-from-template-context.js:16:44)
    at OuterLayoutRouter (webpack-internal:///(app-pages-browser)/./node_modules/next/dist/client/components/layout-router.js:370:11)
    at FormProvider (webpack-internal:///(app-pages-browser)/./src/contexts/FormContext.tsx:100:11)
    at BranchProvider (webpack-internal:///(app-pages-browser)/./src/contexts/BranchContext.tsx:38:11)
    at OrganizationProvider (webpack-internal:///(app-pages-browser)/./src/contexts/OrganizationContext.tsx:47:11)
    at DateProvider (webpack-internal:///(app-pages-browser)/./src/contexts/DateContext.tsx:14:11)
    at AuthProvider (webpack-internal:///(app-pages-browser)/./src/contexts/AuthContext.tsx:46:11)
    at PublicFormLayout (webpack-internal:///(app-pages-browser)/./src/app/f/[slug]/layout.tsx:18:11)
    at InnerLayoutRouter (webpack-internal:///(app-pages-browser)/./node_modules/next/dist/client/components/layout-router.js:243:11)
    at RedirectErrorBoundary (webpack-internal:///(app-pages-browser)/./node_modules/next/dist/client/components/redirect-boundary.js:74:9)
    at RedirectBoundary (webpack-internal:///(app-pages-browser)/./node_modules/next/dist/client/components/redirect-boundary.js:82:11)
    at NotFoundBoundary (webpack-internal:///(app-pages-browser)/./node_modules/next/dist/client/components/not-found-boundary.js:84:11)
    at LoadingBoundary (webpack-internal:///(app-pages-browser)/./node_modules/next/dist/client/components/layout-router.js:349:11)
    at ErrorBoundary (webpack-internal:///(app-pages-browser)/./node_modules/next/dist/client/components/error-boundary.js:160:11)
    at InnerScrollAndFocusHandler (webpack-internal:///(app-pages-browser)/./node_modules/next/dist/client/components/layout-router.js:153:9)
    at ScrollAndFocusHandler (webpack-internal:///(app-pages-browser)/./node_modules/next/dist/client/components/layout-router.js:228:11)
    at RenderFromTemplateContext (webpack-internal:///(app-pages-browser)/./node_modules/next/dist/client/components/render-from-template-context.js:16:44)
    at OuterLayoutRouter (webpack-internal:///(app-pages-browser)/./node_modules/next/dist/client/components/layout-router.js:370:11)
    at InnerLayoutRouter (webpack-internal:///(app-pages-browser)/./node_modules/next/dist/client/components/layout-router.js:243:11)
    at RedirectErrorBoundary (webpack-internal:///(app-pages-browser)/./node_modules/next/dist/client/components/redirect-boundary.js:74:9)
    at RedirectBoundary (webpack-internal:///(app-pages-browser)/./node_modules/next/dist/client/components/redirect-boundary.js:82:11)
    at NotFoundErrorBoundary (webpack-internal:///(app-pages-browser)/./node_modules/next/dist/client/components/not-found-boundary.js:76:9)
    at NotFoundBoundary (webpack-internal:///(app-pages-browser)/./node_modules/next/dist/client/components/not-found-boundary.js:84:11)
    at LoadingBoundary (webpack-internal:///(app-pages-browser)/./node_modules/next/dist/client/components/layout-router.js:349:11)
    at ErrorBoundary (webpack-internal:///(app-pages-browser)/./node_modules/next/dist/client/components/error-boundary.js:160:11)
    at InnerScrollAndFocusHandler (webpack-internal:///(app-pages-browser)/./node_modules/next/dist/client/components/layout-router.js:153:9)
    at ScrollAndFocusHandler (webpack-internal:///(app-pages-browser)/./node_modules/next/dist/client/components/layout-router.js:228:11)
    at RenderFromTemplateContext (webpack-internal:///(app-pages-browser)/./node_modules/next/dist/client/components/render-from-template-context.js:16:44)
    at OuterLayoutRouter (webpack-internal:///(app-pages-browser)/./node_modules/next/dist/client/components/layout-router.js:370:11)
    at FormItemsProvider (webpack-internal:///(app-pages-browser)/./src/contexts/FormItemsContext.tsx:14:11)
    at BranchProvider (webpack-internal:///(app-pages-browser)/./src/contexts/BranchContext.tsx:38:11)
    at OrganizationProvider (webpack-internal:///(app-pages-browser)/./src/contexts/OrganizationContext.tsx:47:11)
    at AuthProvider (webpack-internal:///(app-pages-browser)/./src/contexts/AuthContext.tsx:46:11)
    at QueryClientProvider (webpack-internal:///(app-pages-browser)/./node_modules/@tanstack/react-query/build/modern/QueryClientProvider.js:27:11)
    at Providers (webpack-internal:///(app-pages-browser)/./src/app/providers.tsx:57:11)
    at DateProvider (webpack-internal:///(app-pages-browser)/./src/contexts/DateContext.tsx:14:11)
    at body
    at html
    at RootLayout (Server)
    at RedirectErrorBoundary (webpack-internal:///(app-pages-browser)/./node_modules/next/dist/client/components/redirect-boundary.js:74:9)
    at RedirectBoundary (webpack-internal:///(app-pages-browser)/./node_modules/next/dist/client/components/redirect-boundary.js:82:11)
    at NotFoundErrorBoundary (webpack-internal:///(app-pages-browser)/./node_modules/next/dist/client/components/not-found-boundary.js:76:9)
    at NotFoundBoundary (webpack-internal:///(app-pages-browser)/./node_modules/next/dist/client/components/not-found-boundary.js:84:11)
    at DevRootNotFoundBoundary (webpack-internal:///(app-pages-browser)/./node_modules/next/dist/client/components/dev-root-not-found-boundary.js:33:11)
    at ReactDevOverlay (webpack-internal:///(app-pages-browser)/./node_modules/next/dist/client/components/react-dev-overlay/app/ReactDevOverlay.js:87:9)
    at HotReload (webpack-internal:///(app-pages-browser)/./node_modules/next/dist/client/components/react-dev-overlay/app/hot-reloader-client.js:321:11)
    at Router (webpack-internal:///(app-pages-browser)/./node_modules/next/dist/client/components/app-router.js:207:11)
    at ErrorBoundaryHandler (webpack-internal:///(app-pages-browser)/./node_modules/next/dist/client/components/error-boundary.js:113:9)
    at ErrorBoundary (webpack-internal:///(app-pages-browser)/./node_modules/next/dist/client/components/error-boundary.js:160:11)
    at AppRouter (webpack-internal:///(app-pages-browser)/./node_modules/next/dist/client/components/app-router.js:585:13)
    at ServerRoot (webpack-internal:///(app-pages-browser)/./node_modules/next/dist/client/app-index.js:112:27)
    at Root (webpack-internal:///(app-pages-browser)/./node_modules/next/dist/client/app-index.js:117:11)
window.console.error @ app-index.js:33
console.error @ hydration-error-info.js:63
printWarning @ react-dom.development.js:94
error @ react-dom.development.js:68
warnOnInvalidKey @ react-dom.development.js:9977
reconcileChildrenArray @ react-dom.development.js:10014
reconcileChildFibersImpl @ react-dom.development.js:10515
reconcileChildFibers @ react-dom.development.js:10573
reconcileChildren @ react-dom.development.js:15809
updateHostComponent$1 @ react-dom.development.js:16687
beginWork$1 @ react-dom.development.js:18503
beginWork @ react-dom.development.js:26927
performUnitOfWork @ react-dom.development.js:25748
workLoopSync @ react-dom.development.js:25464
renderRootSync @ react-dom.development.js:25419
performConcurrentWorkOnRoot @ react-dom.development.js:24504
workLoop @ scheduler.development.js:256
flushWork @ scheduler.development.js:225
performWorkUntilDeadline @ scheduler.development.js:534
app-index.js:33 Warning: Encountered two children with the same key, `54aca0f1-2f00-45d4-b662-094defa9c704-2025-02-26-19:30`. Keys should be unique so that components maintain their identity across updates. Non-unique keys may cause children to be duplicated and/or omitted — the behavior is unsupported and could change in a future version.
    at div
    at div
    at div
    at div
    at div
    at div
    at div
    at div
    at div
    at PreviewContainer (webpack-internal:///(app-pages-browser)/./src/components/preview/layout/PreviewContainer.tsx:12:11)
    at ShiftsPreview (webpack-internal:///(app-pages-browser)/./src/components/preview/steps/ShiftsPreview.tsx:331:11)
    at div
    at MotionComponent (webpack-internal:///(app-pages-browser)/./node_modules/framer-motion/dist/es/motion/index.mjs:49:65)
    at PresenceChild (webpack-internal:///(app-pages-browser)/./node_modules/framer-motion/dist/es/components/AnimatePresence/PresenceChild.mjs:15:26)
    at AnimatePresence (webpack-internal:///(app-pages-browser)/./node_modules/framer-motion/dist/es/components/AnimatePresence/index.mjs:72:28)
    at div
    at div
    at div
    at main
    at FormContainer (webpack-internal:///(app-pages-browser)/./src/components/public-form/layout/FormContainer.tsx:15:11)
    at PublicFormContent (webpack-internal:///(app-pages-browser)/./src/components/public-form/layout/PublicFormContent.tsx:23:11)
    at div
    at PublicFormLayout (webpack-internal:///(app-pages-browser)/./src/components/public-form/layout/PublicFormLayout.tsx:18:11)
    at PublicFormContent (webpack-internal:///(app-pages-browser)/./src/components/public-form/PublicFormContent.tsx:22:11)
    at div
    at FormProvider (webpack-internal:///(app-pages-browser)/./src/contexts/FormContext.tsx:100:11)
    at PublicFormPage (webpack-internal:///(app-pages-browser)/./src/app/f/[slug]/page.tsx:29:78)
    at ClientPageRoot (webpack-internal:///(app-pages-browser)/./node_modules/next/dist/client/components/client-page.js:14:11)
    at InnerLayoutRouter (webpack-internal:///(app-pages-browser)/./node_modules/next/dist/client/components/layout-router.js:243:11)
    at RedirectErrorBoundary (webpack-internal:///(app-pages-browser)/./node_modules/next/dist/client/components/redirect-boundary.js:74:9)
    at RedirectBoundary (webpack-internal:///(app-pages-browser)/./node_modules/next/dist/client/components/redirect-boundary.js:82:11)
    at NotFoundBoundary (webpack-internal:///(app-pages-browser)/./node_modules/next/dist/client/components/not-found-boundary.js:84:11)
    at LoadingBoundary (webpack-internal:///(app-pages-browser)/./node_modules/next/dist/client/components/layout-router.js:349:11)
    at ErrorBoundary (webpack-internal:///(app-pages-browser)/./node_modules/next/dist/client/components/error-boundary.js:160:11)
    at InnerScrollAndFocusHandler (webpack-internal:///(app-pages-browser)/./node_modules/next/dist/client/components/layout-router.js:153:9)
    at ScrollAndFocusHandler (webpack-internal:///(app-pages-browser)/./node_modules/next/dist/client/components/layout-router.js:228:11)
    at RenderFromTemplateContext (webpack-internal:///(app-pages-browser)/./node_modules/next/dist/client/components/render-from-template-context.js:16:44)
    at OuterLayoutRouter (webpack-internal:///(app-pages-browser)/./node_modules/next/dist/client/components/layout-router.js:370:11)
    at FormProvider (webpack-internal:///(app-pages-browser)/./src/contexts/FormContext.tsx:100:11)
    at BranchProvider (webpack-internal:///(app-pages-browser)/./src/contexts/BranchContext.tsx:38:11)
    at OrganizationProvider (webpack-internal:///(app-pages-browser)/./src/contexts/OrganizationContext.tsx:47:11)
    at DateProvider (webpack-internal:///(app-pages-browser)/./src/contexts/DateContext.tsx:14:11)
    at AuthProvider (webpack-internal:///(app-pages-browser)/./src/contexts/AuthContext.tsx:46:11)
    at PublicFormLayout (webpack-internal:///(app-pages-browser)/./src/app/f/[slug]/layout.tsx:18:11)
    at InnerLayoutRouter (webpack-internal:///(app-pages-browser)/./node_modules/next/dist/client/components/layout-router.js:243:11)
    at RedirectErrorBoundary (webpack-internal:///(app-pages-browser)/./node_modules/next/dist/client/components/redirect-boundary.js:74:9)
    at RedirectBoundary (webpack-internal:///(app-pages-browser)/./node_modules/next/dist/client/components/redirect-boundary.js:82:11)
    at NotFoundBoundary (webpack-internal:///(app-pages-browser)/./node_modules/next/dist/client/components/not-found-boundary.js:84:11)
    at LoadingBoundary (webpack-internal:///(app-pages-browser)/./node_modules/next/dist/client/components/layout-router.js:349:11)
    at ErrorBoundary (webpack-internal:///(app-pages-browser)/./node_modules/next/dist/client/components/error-boundary.js:160:11)
    at InnerScrollAndFocusHandler (webpack-internal:///(app-pages-browser)/./node_modules/next/dist/client/components/layout-router.js:153:9)
    at ScrollAndFocusHandler (webpack-internal:///(app-pages-browser)/./node_modules/next/dist/client/components/layout-router.js:228:11)
    at RenderFromTemplateContext (webpack-internal:///(app-pages-browser)/./node_modules/next/dist/client/components/render-from-template-context.js:16:44)
    at OuterLayoutRouter (webpack-internal:///(app-pages-browser)/./node_modules/next/dist/client/components/layout-router.js:370:11)
    at InnerLayoutRouter (webpack-internal:///(app-pages-browser)/./node_modules/next/dist/client/components/layout-router.js:243:11)
    at RedirectErrorBoundary (webpack-internal:///(app-pages-browser)/./node_modules/next/dist/client/components/redirect-boundary.js:74:9)
    at RedirectBoundary (webpack-internal:///(app-pages-browser)/./node_modules/next/dist/client/components/redirect-boundary.js:82:11)
    at NotFoundErrorBoundary (webpack-internal:///(app-pages-browser)/./node_modules/next/dist/client/components/not-found-boundary.js:76:9)
    at NotFoundBoundary (webpack-internal:///(app-pages-browser)/./node_modules/next/dist/client/components/not-found-boundary.js:84:11)
    at LoadingBoundary (webpack-internal:///(app-pages-browser)/./node_modules/next/dist/client/components/layout-router.js:349:11)
    at ErrorBoundary (webpack-internal:///(app-pages-browser)/./node_modules/next/dist/client/components/error-boundary.js:160:11)
    at InnerScrollAndFocusHandler (webpack-internal:///(app-pages-browser)/./node_modules/next/dist/client/components/layout-router.js:153:9)
    at ScrollAndFocusHandler (webpack-internal:///(app-pages-browser)/./node_modules/next/dist/client/components/layout-router.js:228:11)
    at RenderFromTemplateContext (webpack-internal:///(app-pages-browser)/./node_modules/next/dist/client/components/render-from-template-context.js:16:44)
    at OuterLayoutRouter (webpack-internal:///(app-pages-browser)/./node_modules/next/dist/client/components/layout-router.js:370:11)
    at FormItemsProvider (webpack-internal:///(app-pages-browser)/./src/contexts/FormItemsContext.tsx:14:11)
    at BranchProvider (webpack-internal:///(app-pages-browser)/./src/contexts/BranchContext.tsx:38:11)
    at OrganizationProvider (webpack-internal:///(app-pages-browser)/./src/contexts/OrganizationContext.tsx:47:11)
    at AuthProvider (webpack-internal:///(app-pages-browser)/./src/contexts/AuthContext.tsx:46:11)
    at QueryClientProvider (webpack-internal:///(app-pages-browser)/./node_modules/@tanstack/react-query/build/modern/QueryClientProvider.js:27:11)
    at Providers (webpack-internal:///(app-pages-browser)/./src/app/providers.tsx:57:11)
    at DateProvider (webpack-internal:///(app-pages-browser)/./src/contexts/DateContext.tsx:14:11)
    at body
    at html
    at RootLayout (Server)
    at RedirectErrorBoundary (webpack-internal:///(app-pages-browser)/./node_modules/next/dist/client/components/redirect-boundary.js:74:9)
    at RedirectBoundary (webpack-internal:///(app-pages-browser)/./node_modules/next/dist/client/components/redirect-boundary.js:82:11)
    at NotFoundErrorBoundary (webpack-internal:///(app-pages-browser)/./node_modules/next/dist/client/components/not-found-boundary.js:76:9)
    at NotFoundBoundary (webpack-internal:///(app-pages-browser)/./node_modules/next/dist/client/components/not-found-boundary.js:84:11)
    at DevRootNotFoundBoundary (webpack-internal:///(app-pages-browser)/./node_modules/next/dist/client/components/dev-root-not-found-boundary.js:33:11)
    at ReactDevOverlay (webpack-internal:///(app-pages-browser)/./node_modules/next/dist/client/components/react-dev-overlay/app/ReactDevOverlay.js:87:9)
    at HotReload (webpack-internal:///(app-pages-browser)/./node_modules/next/dist/client/components/react-dev-overlay/app/hot-reloader-client.js:321:11)
    at Router (webpack-internal:///(app-pages-browser)/./node_modules/next/dist/client/components/app-router.js:207:11)
    at ErrorBoundaryHandler (webpack-internal:///(app-pages-browser)/./node_modules/next/dist/client/components/error-boundary.js:113:9)
    at ErrorBoundary (webpack-internal:///(app-pages-browser)/./node_modules/next/dist/client/components/error-boundary.js:160:11)
    at AppRouter (webpack-internal:///(app-pages-browser)/./node_modules/next/dist/client/components/app-router.js:585:13)
    at ServerRoot (webpack-internal:///(app-pages-browser)/./node_modules/next/dist/client/app-index.js:112:27)
    at Root (webpack-internal:///(app-pages-browser)/./node_modules/next/dist/client/app-index.js:117:11)
window.console.error @ app-index.js:33
console.error @ hydration-error-info.js:63
printWarning @ react-dom.development.js:94
error @ react-dom.development.js:68
warnOnInvalidKey @ react-dom.development.js:9977
reconcileChildrenArray @ react-dom.development.js:10014
reconcileChildFibersImpl @ react-dom.development.js:10515
reconcileChildFibers @ react-dom.development.js:10573
reconcileChildren @ react-dom.development.js:15809
updateHostComponent$1 @ react-dom.development.js:16687
beginWork$1 @ react-dom.development.js:18503
beginWork @ react-dom.development.js:26927
performUnitOfWork @ react-dom.development.js:25748
workLoopSync @ react-dom.development.js:25464
renderRootSync @ react-dom.development.js:25419
performConcurrentWorkOnRoot @ react-dom.development.js:24504
workLoop @ scheduler.development.js:256
flushWork @ scheduler.development.js:225
performWorkUntilDeadline @ scheduler.development.js:534
app-index.js:33 Warning: Encountered two children with the same key, `54aca0f1-2f00-45d4-b662-094defa9c704-2025-02-26-20:00`. Keys should be unique so that components maintain their identity across updates. Non-unique keys may cause children to be duplicated and/or omitted — the behavior is unsupported and could change in a future version.
    at div
    at div
    at div
    at div
    at div
    at div
    at div
    at div
    at div
    at PreviewContainer (webpack-internal:///(app-pages-browser)/./src/components/preview/layout/PreviewContainer.tsx:12:11)
    at ShiftsPreview (webpack-internal:///(app-pages-browser)/./src/components/preview/steps/ShiftsPreview.tsx:331:11)
    at div
    at MotionComponent (webpack-internal:///(app-pages-browser)/./node_modules/framer-motion/dist/es/motion/index.mjs:49:65)
    at PresenceChild (webpack-internal:///(app-pages-browser)/./node_modules/framer-motion/dist/es/components/AnimatePresence/PresenceChild.mjs:15:26)
    at AnimatePresence (webpack-internal:///(app-pages-browser)/./node_modules/framer-motion/dist/es/components/AnimatePresence/index.mjs:72:28)
    at div
    at div
    at div
    at main
    at FormContainer (webpack-internal:///(app-pages-browser)/./src/components/public-form/layout/FormContainer.tsx:15:11)
    at PublicFormContent (webpack-internal:///(app-pages-browser)/./src/components/public-form/layout/PublicFormContent.tsx:23:11)
    at div
    at PublicFormLayout (webpack-internal:///(app-pages-browser)/./src/components/public-form/layout/PublicFormLayout.tsx:18:11)
    at PublicFormContent (webpack-internal:///(app-pages-browser)/./src/components/public-form/PublicFormContent.tsx:22:11)
    at div
    at FormProvider (webpack-internal:///(app-pages-browser)/./src/contexts/FormContext.tsx:100:11)
    at PublicFormPage (webpack-internal:///(app-pages-browser)/./src/app/f/[slug]/page.tsx:29:78)
    at ClientPageRoot (webpack-internal:///(app-pages-browser)/./node_modules/next/dist/client/components/client-page.js:14:11)
    at InnerLayoutRouter (webpack-internal:///(app-pages-browser)/./node_modules/next/dist/client/components/layout-router.js:243:11)
    at RedirectErrorBoundary (webpack-internal:///(app-pages-browser)/./node_modules/next/dist/client/components/redirect-boundary.js:74:9)
    at RedirectBoundary (webpack-internal:///(app-pages-browser)/./node_modules/next/dist/client/components/redirect-boundary.js:82:11)
    at NotFoundBoundary (webpack-internal:///(app-pages-browser)/./node_modules/next/dist/client/components/not-found-boundary.js:84:11)
    at LoadingBoundary (webpack-internal:///(app-pages-browser)/./node_modules/next/dist/client/components/layout-router.js:349:11)
    at ErrorBoundary (webpack-internal:///(app-pages-browser)/./node_modules/next/dist/client/components/error-boundary.js:160:11)
    at InnerScrollAndFocusHandler (webpack-internal:///(app-pages-browser)/./node_modules/next/dist/client/components/layout-router.js:153:9)
    at ScrollAndFocusHandler (webpack-internal:///(app-pages-browser)/./node_modules/next/dist/client/components/layout-router.js:228:11)
    at RenderFromTemplateContext (webpack-internal:///(app-pages-browser)/./node_modules/next/dist/client/components/render-from-template-context.js:16:44)
    at OuterLayoutRouter (webpack-internal:///(app-pages-browser)/./node_modules/next/dist/client/components/layout-router.js:370:11)
    at FormProvider (webpack-internal:///(app-pages-browser)/./src/contexts/FormContext.tsx:100:11)
    at BranchProvider (webpack-internal:///(app-pages-browser)/./src/contexts/BranchContext.tsx:38:11)
    at OrganizationProvider (webpack-internal:///(app-pages-browser)/./src/contexts/OrganizationContext.tsx:47:11)
    at DateProvider (webpack-internal:///(app-pages-browser)/./src/contexts/DateContext.tsx:14:11)
    at AuthProvider (webpack-internal:///(app-pages-browser)/./src/contexts/AuthContext.tsx:46:11)
    at PublicFormLayout (webpack-internal:///(app-pages-browser)/./src/app/f/[slug]/layout.tsx:18:11)
    at InnerLayoutRouter (webpack-internal:///(app-pages-browser)/./node_modules/next/dist/client/components/layout-router.js:243:11)
    at RedirectErrorBoundary (webpack-internal:///(app-pages-browser)/./node_modules/next/dist/client/components/redirect-boundary.js:74:9)
    at RedirectBoundary (webpack-internal:///(app-pages-browser)/./node_modules/next/dist/client/components/redirect-boundary.js:82:11)
    at NotFoundBoundary (webpack-internal:///(app-pages-browser)/./node_modules/next/dist/client/components/not-found-boundary.js:84:11)
    at LoadingBoundary (webpack-internal:///(app-pages-browser)/./node_modules/next/dist/client/components/layout-router.js:349:11)
    at ErrorBoundary (webpack-internal:///(app-pages-browser)/./node_modules/next/dist/client/components/error-boundary.js:160:11)
    at InnerScrollAndFocusHandler (webpack-internal:///(app-pages-browser)/./node_modules/next/dist/client/components/layout-router.js:153:9)
    at ScrollAndFocusHandler (webpack-internal:///(app-pages-browser)/./node_modules/next/dist/client/components/layout-router.js:228:11)
    at RenderFromTemplateContext (webpack-internal:///(app-pages-browser)/./node_modules/next/dist/client/components/render-from-template-context.js:16:44)
    at OuterLayoutRouter (webpack-internal:///(app-pages-browser)/./node_modules/next/dist/client/components/layout-router.js:370:11)
    at InnerLayoutRouter (webpack-internal:///(app-pages-browser)/./node_modules/next/dist/client/components/layout-router.js:243:11)
    at RedirectErrorBoundary (webpack-internal:///(app-pages-browser)/./node_modules/next/dist/client/components/redirect-boundary.js:74:9)
    at RedirectBoundary (webpack-internal:///(app-pages-browser)/./node_modules/next/dist/client/components/redirect-boundary.js:82:11)
    at NotFoundErrorBoundary (webpack-internal:///(app-pages-browser)/./node_modules/next/dist/client/components/not-found-boundary.js:76:9)
    at NotFoundBoundary (webpack-internal:///(app-pages-browser)/./node_modules/next/dist/client/components/not-found-boundary.js:84:11)
    at LoadingBoundary (webpack-internal:///(app-pages-browser)/./node_modules/next/dist/client/components/layout-router.js:349:11)
    at ErrorBoundary (webpack-internal:///(app-pages-browser)/./node_modules/next/dist/client/components/error-boundary.js:160:11)
    at InnerScrollAndFocusHandler (webpack-internal:///(app-pages-browser)/./node_modules/next/dist/client/components/layout-router.js:153:9)
    at ScrollAndFocusHandler (webpack-internal:///(app-pages-browser)/./node_modules/next/dist/client/components/layout-router.js:228:11)
    at RenderFromTemplateContext (webpack-internal:///(app-pages-browser)/./node_modules/next/dist/client/components/render-from-template-context.js:16:44)
    at OuterLayoutRouter (webpack-internal:///(app-pages-browser)/./node_modules/next/dist/client/components/layout-router.js:370:11)
    at FormItemsProvider (webpack-internal:///(app-pages-browser)/./src/contexts/FormItemsContext.tsx:14:11)
    at BranchProvider (webpack-internal:///(app-pages-browser)/./src/contexts/BranchContext.tsx:38:11)
    at OrganizationProvider (webpack-internal:///(app-pages-browser)/./src/contexts/OrganizationContext.tsx:47:11)
    at AuthProvider (webpack-internal:///(app-pages-browser)/./src/contexts/AuthContext.tsx:46:11)
    at QueryClientProvider (webpack-internal:///(app-pages-browser)/./node_modules/@tanstack/react-query/build/modern/QueryClientProvider.js:27:11)
    at Providers (webpack-internal:///(app-pages-browser)/./src/app/providers.tsx:57:11)
    at DateProvider (webpack-internal:///(app-pages-browser)/./src/contexts/DateContext.tsx:14:11)
    at body
    at html
    at RootLayout (Server)
    at RedirectErrorBoundary (webpack-internal:///(app-pages-browser)/./node_modules/next/dist/client/components/redirect-boundary.js:74:9)
    at RedirectBoundary (webpack-internal:///(app-pages-browser)/./node_modules/next/dist/client/components/redirect-boundary.js:82:11)
    at NotFoundErrorBoundary (webpack-internal:///(app-pages-browser)/./node_modules/next/dist/client/components/not-found-boundary.js:76:9)
    at NotFoundBoundary (webpack-internal:///(app-pages-browser)/./node_modules/next/dist/client/components/not-found-boundary.js:84:11)
    at DevRootNotFoundBoundary (webpack-internal:///(app-pages-browser)/./node_modules/next/dist/client/components/dev-root-not-found-boundary.js:33:11)
    at ReactDevOverlay (webpack-internal:///(app-pages-browser)/./node_modules/next/dist/client/components/react-dev-overlay/app/ReactDevOverlay.js:87:9)
    at HotReload (webpack-internal:///(app-pages-browser)/./node_modules/next/dist/client/components/react-dev-overlay/app/hot-reloader-client.js:321:11)
    at Router (webpack-internal:///(app-pages-browser)/./node_modules/next/dist/client/components/app-router.js:207:11)
    at ErrorBoundaryHandler (webpack-internal:///(app-pages-browser)/./node_modules/next/dist/client/components/error-boundary.js:113:9)
    at ErrorBoundary (webpack-internal:///(app-pages-browser)/./node_modules/next/dist/client/components/error-boundary.js:160:11)
    at AppRouter (webpack-internal:///(app-pages-browser)/./node_modules/next/dist/client/components/app-router.js:585:13)
    at ServerRoot (webpack-internal:///(app-pages-browser)/./node_modules/next/dist/client/app-index.js:112:27)
    at Root (webpack-internal:///(app-pages-browser)/./node_modules/next/dist/client/app-index.js:117:11)
window.console.error @ app-index.js:33
console.error @ hydration-error-info.js:63
printWarning @ react-dom.development.js:94
error @ react-dom.development.js:68
warnOnInvalidKey @ react-dom.development.js:9977
reconcileChildrenArray @ react-dom.development.js:10014
reconcileChildFibersImpl @ react-dom.development.js:10515
reconcileChildFibers @ react-dom.development.js:10573
reconcileChildren @ react-dom.development.js:15809
updateHostComponent$1 @ react-dom.development.js:16687
beginWork$1 @ react-dom.development.js:18503
beginWork @ react-dom.development.js:26927
performUnitOfWork @ react-dom.development.js:25748
workLoopSync @ react-dom.development.js:25464
renderRootSync @ react-dom.development.js:25419
performConcurrentWorkOnRoot @ react-dom.development.js:24504
workLoop @ scheduler.development.js:256
flushWork @ scheduler.development.js:225
performWorkUntilDeadline @ scheduler.development.js:534
app-index.js:33 Warning: Encountered two children with the same key, `562b18bd-612d-4c20-b9ad-c31a1aea44a2-2025-02-26-09:00`. Keys should be unique so that components maintain their identity across updates. Non-unique keys may cause children to be duplicated and/or omitted — the behavior is unsupported and could change in a future version.
    at div
    at div
    at div
    at div
    at div
    at div
    at div
    at div
    at div
    at PreviewContainer (webpack-internal:///(app-pages-browser)/./src/components/preview/layout/PreviewContainer.tsx:12:11)
    at ShiftsPreview (webpack-internal:///(app-pages-browser)/./src/components/preview/steps/ShiftsPreview.tsx:331:11)
    at div
    at MotionComponent (webpack-internal:///(app-pages-browser)/./node_modules/framer-motion/dist/es/motion/index.mjs:49:65)
    at PresenceChild (webpack-internal:///(app-pages-browser)/./node_modules/framer-motion/dist/es/components/AnimatePresence/PresenceChild.mjs:15:26)
    at AnimatePresence (webpack-internal:///(app-pages-browser)/./node_modules/framer-motion/dist/es/components/AnimatePresence/index.mjs:72:28)
    at div
    at div
    at div
    at main
    at FormContainer (webpack-internal:///(app-pages-browser)/./src/components/public-form/layout/FormContainer.tsx:15:11)
    at PublicFormContent (webpack-internal:///(app-pages-browser)/./src/components/public-form/layout/PublicFormContent.tsx:23:11)
    at div
    at PublicFormLayout (webpack-internal:///(app-pages-browser)/./src/components/public-form/layout/PublicFormLayout.tsx:18:11)
    at PublicFormContent (webpack-internal:///(app-pages-browser)/./src/components/public-form/PublicFormContent.tsx:22:11)
    at div
    at FormProvider (webpack-internal:///(app-pages-browser)/./src/contexts/FormContext.tsx:100:11)
    at PublicFormPage (webpack-internal:///(app-pages-browser)/./src/app/f/[slug]/page.tsx:29:78)
    at ClientPageRoot (webpack-internal:///(app-pages-browser)/./node_modules/next/dist/client/components/client-page.js:14:11)
    at InnerLayoutRouter (webpack-internal:///(app-pages-browser)/./node_modules/next/dist/client/components/layout-router.js:243:11)
    at RedirectErrorBoundary (webpack-internal:///(app-pages-browser)/./node_modules/next/dist/client/components/redirect-boundary.js:74:9)
    at RedirectBoundary (webpack-internal:///(app-pages-browser)/./node_modules/next/dist/client/components/redirect-boundary.js:82:11)
    at NotFoundBoundary (webpack-internal:///(app-pages-browser)/./node_modules/next/dist/client/components/not-found-boundary.js:84:11)
    at LoadingBoundary (webpack-internal:///(app-pages-browser)/./node_modules/next/dist/client/components/layout-router.js:349:11)
    at ErrorBoundary (webpack-internal:///(app-pages-browser)/./node_modules/next/dist/client/components/error-boundary.js:160:11)
    at InnerScrollAndFocusHandler (webpack-internal:///(app-pages-browser)/./node_modules/next/dist/client/components/layout-router.js:153:9)
    at ScrollAndFocusHandler (webpack-internal:///(app-pages-browser)/./node_modules/next/dist/client/components/layout-router.js:228:11)
    at RenderFromTemplateContext (webpack-internal:///(app-pages-browser)/./node_modules/next/dist/client/components/render-from-template-context.js:16:44)
    at OuterLayoutRouter (webpack-internal:///(app-pages-browser)/./node_modules/next/dist/client/components/layout-router.js:370:11)
    at FormProvider (webpack-internal:///(app-pages-browser)/./src/contexts/FormContext.tsx:100:11)
    at BranchProvider (webpack-internal:///(app-pages-browser)/./src/contexts/BranchContext.tsx:38:11)
    at OrganizationProvider (webpack-internal:///(app-pages-browser)/./src/contexts/OrganizationContext.tsx:47:11)
    at DateProvider (webpack-internal:///(app-pages-browser)/./src/contexts/DateContext.tsx:14:11)
    at AuthProvider (webpack-internal:///(app-pages-browser)/./src/contexts/AuthContext.tsx:46:11)
    at PublicFormLayout (webpack-internal:///(app-pages-browser)/./src/app/f/[slug]/layout.tsx:18:11)
    at InnerLayoutRouter (webpack-internal:///(app-pages-browser)/./node_modules/next/dist/client/components/layout-router.js:243:11)
    at RedirectErrorBoundary (webpack-internal:///(app-pages-browser)/./node_modules/next/dist/client/components/redirect-boundary.js:74:9)
    at RedirectBoundary (webpack-internal:///(app-pages-browser)/./node_modules/next/dist/client/components/redirect-boundary.js:82:11)
    at NotFoundBoundary (webpack-internal:///(app-pages-browser)/./node_modules/next/dist/client/components/not-found-boundary.js:84:11)
    at LoadingBoundary (webpack-internal:///(app-pages-browser)/./node_modules/next/dist/client/components/layout-router.js:349:11)
    at ErrorBoundary (webpack-internal:///(app-pages-browser)/./node_modules/next/dist/client/components/error-boundary.js:160:11)
    at InnerScrollAndFocusHandler (webpack-internal:///(app-pages-browser)/./node_modules/next/dist/client/components/layout-router.js:153:9)
    at ScrollAndFocusHandler (webpack-internal:///(app-pages-browser)/./node_modules/next/dist/client/components/layout-router.js:228:11)
    at RenderFromTemplateContext (webpack-internal:///(app-pages-browser)/./node_modules/next/dist/client/components/render-from-template-context.js:16:44)
    at OuterLayoutRouter (webpack-internal:///(app-pages-browser)/./node_modules/next/dist/client/components/layout-router.js:370:11)
    at InnerLayoutRouter (webpack-internal:///(app-pages-browser)/./node_modules/next/dist/client/components/layout-router.js:243:11)
    at RedirectErrorBoundary (webpack-internal:///(app-pages-browser)/./node_modules/next/dist/client/components/redirect-boundary.js:74:9)
    at RedirectBoundary (webpack-internal:///(app-pages-browser)/./node_modules/next/dist/client/components/redirect-boundary.js:82:11)
    at NotFoundErrorBoundary (webpack-internal:///(app-pages-browser)/./node_modules/next/dist/client/components/not-found-boundary.js:76:9)
    at NotFoundBoundary (webpack-internal:///(app-pages-browser)/./node_modules/next/dist/client/components/not-found-boundary.js:84:11)
    at LoadingBoundary (webpack-internal:///(app-pages-browser)/./node_modules/next/dist/client/components/layout-router.js:349:11)
    at ErrorBoundary (webpack-internal:///(app-pages-browser)/./node_modules/next/dist/client/components/error-boundary.js:160:11)
    at InnerScrollAndFocusHandler (webpack-internal:///(app-pages-browser)/./node_modules/next/dist/client/components/layout-router.js:153:9)
    at ScrollAndFocusHandler (webpack-internal:///(app-pages-browser)/./node_modules/next/dist/client/components/layout-router.js:228:11)
    at RenderFromTemplateContext (webpack-internal:///(app-pages-browser)/./node_modules/next/dist/client/components/render-from-template-context.js:16:44)
    at OuterLayoutRouter (webpack-internal:///(app-pages-browser)/./node_modules/next/dist/client/components/layout-router.js:370:11)
    at FormItemsProvider (webpack-internal:///(app-pages-browser)/./src/contexts/FormItemsContext.tsx:14:11)
    at BranchProvider (webpack-internal:///(app-pages-browser)/./src/contexts/BranchContext.tsx:38:11)
    at OrganizationProvider (webpack-internal:///(app-pages-browser)/./src/contexts/OrganizationContext.tsx:47:11)
    at AuthProvider (webpack-internal:///(app-pages-browser)/./src/contexts/AuthContext.tsx:46:11)
    at QueryClientProvider (webpack-internal:///(app-pages-browser)/./node_modules/@tanstack/react-query/build/modern/QueryClientProvider.js:27:11)
    at Providers (webpack-internal:///(app-pages-browser)/./src/app/providers.tsx:57:11)
    at DateProvider (webpack-internal:///(app-pages-browser)/./src/contexts/DateContext.tsx:14:11)
    at body
    at html
    at RootLayout (Server)
    at RedirectErrorBoundary (webpack-internal:///(app-pages-browser)/./node_modules/next/dist/client/components/redirect-boundary.js:74:9)
    at RedirectBoundary (webpack-internal:///(app-pages-browser)/./node_modules/next/dist/client/components/redirect-boundary.js:82:11)
    at NotFoundErrorBoundary (webpack-internal:///(app-pages-browser)/./node_modules/next/dist/client/components/not-found-boundary.js:76:9)
    at NotFoundBoundary (webpack-internal:///(app-pages-browser)/./node_modules/next/dist/client/components/not-found-boundary.js:84:11)
    at DevRootNotFoundBoundary (webpack-internal:///(app-pages-browser)/./node_modules/next/dist/client/components/dev-root-not-found-boundary.js:33:11)
    at ReactDevOverlay (webpack-internal:///(app-pages-browser)/./node_modules/next/dist/client/components/react-dev-overlay/app/ReactDevOverlay.js:87:9)
    at HotReload (webpack-internal:///(app-pages-browser)/./node_modules/next/dist/client/components/react-dev-overlay/app/hot-reloader-client.js:321:11)
    at Router (webpack-internal:///(app-pages-browser)/./node_modules/next/dist/client/components/app-router.js:207:11)
    at ErrorBoundaryHandler (webpack-internal:///(app-pages-browser)/./node_modules/next/dist/client/components/error-boundary.js:113:9)
    at ErrorBoundary (webpack-internal:///(app-pages-browser)/./node_modules/next/dist/client/components/error-boundary.js:160:11)
    at AppRouter (webpack-internal:///(app-pages-browser)/./node_modules/next/dist/client/components/app-router.js:585:13)
    at ServerRoot (webpack-internal:///(app-pages-browser)/./node_modules/next/dist/client/app-index.js:112:27)
    at Root (webpack-internal:///(app-pages-browser)/./node_modules/next/dist/client/app-index.js:117:11)
window.console.error @ app-index.js:33
console.error @ hydration-error-info.js:63
printWarning @ react-dom.development.js:94
error @ react-dom.development.js:68
warnOnInvalidKey @ react-dom.development.js:9977
reconcileChildrenArray @ react-dom.development.js:10014
reconcileChildFibersImpl @ react-dom.development.js:10515
reconcileChildFibers @ react-dom.development.js:10573
reconcileChildren @ react-dom.development.js:15809
updateHostComponent$1 @ react-dom.development.js:16687
beginWork$1 @ react-dom.development.js:18503
beginWork @ react-dom.development.js:26927
performUnitOfWork @ react-dom.development.js:25748
workLoopSync @ react-dom.development.js:25464
renderRootSync @ react-dom.development.js:25419
performConcurrentWorkOnRoot @ react-dom.development.js:24504
workLoop @ scheduler.development.js:256
flushWork @ scheduler.development.js:225
performWorkUntilDeadline @ scheduler.development.js:534
ShiftsPreview.tsx:418 ShiftsPreview - Estado: {loadingSlots: false, slotsLength: 67, error: null, params: {…}}
index.mjs:174 You're attempting to animate multiple children within AnimatePresence, but its mode is set to "wait". This will lead to odd visual behaviour.
AnimatePresence @ index.mjs:174
renderWithHooks @ react-dom.development.js:11121
updateFunctionComponent @ react-dom.development.js:16290
beginWork$1 @ react-dom.development.js:18472
beginWork @ react-dom.development.js:26927
performUnitOfWork @ react-dom.development.js:25748
workLoopSync @ react-dom.development.js:25464
renderRootSync @ react-dom.development.js:25419
performConcurrentWorkOnRoot @ react-dom.development.js:24504
workLoop @ scheduler.development.js:256
flushWork @ scheduler.development.js:225
performWorkUntilDeadline @ scheduler.development.js:534
index.mjs:174 You're attempting to animate multiple children within AnimatePresence, but its mode is set to "wait". This will lead to odd visual behaviour.
AnimatePresence @ index.mjs:174
renderWithHooksAgain @ react-dom.development.js:11272
renderWithHooks @ react-dom.development.js:11135
updateFunctionComponent @ react-dom.development.js:16290
beginWork$1 @ react-dom.development.js:18472
beginWork @ react-dom.development.js:26927
performUnitOfWork @ react-dom.development.js:25748
workLoopSync @ react-dom.development.js:25464
renderRootSync @ react-dom.development.js:25419
performConcurrentWorkOnRoot @ react-dom.development.js:24504
workLoop @ scheduler.development.js:256
flushWork @ scheduler.development.js:225
performWorkUntilDeadline @ scheduler.development.js:534
app-index.js:33 Warning: Encountered two children with the same key, `54aca0f1-2f00-45d4-b662-094defa9c704-2025-02-26-10:00`. Keys should be unique so that components maintain their identity across updates. Non-unique keys may cause children to be duplicated and/or omitted — the behavior is unsupported and could change in a future version.
    at div
    at div
    at div
    at div
    at div
    at div
    at div
    at div
    at div
    at PreviewContainer (webpack-internal:///(app-pages-browser)/./src/components/preview/layout/PreviewContainer.tsx:12:11)
    at ShiftsPreview (webpack-internal:///(app-pages-browser)/./src/components/preview/steps/ShiftsPreview.tsx:331:11)
    at div
    at MotionComponent (webpack-internal:///(app-pages-browser)/./node_modules/framer-motion/dist/es/motion/index.mjs:49:65)
    at PresenceChild (webpack-internal:///(app-pages-browser)/./node_modules/framer-motion/dist/es/components/AnimatePresence/PresenceChild.mjs:15:26)
    at AnimatePresence (webpack-internal:///(app-pages-browser)/./node_modules/framer-motion/dist/es/components/AnimatePresence/index.mjs:72:28)
    at div
    at div
    at div
    at main
    at FormContainer (webpack-internal:///(app-pages-browser)/./src/components/public-form/layout/FormContainer.tsx:15:11)
    at PublicFormContent (webpack-internal:///(app-pages-browser)/./src/components/public-form/layout/PublicFormContent.tsx:23:11)
    at div
    at PublicFormLayout (webpack-internal:///(app-pages-browser)/./src/components/public-form/layout/PublicFormLayout.tsx:18:11)
    at PublicFormContent (webpack-internal:///(app-pages-browser)/./src/components/public-form/PublicFormContent.tsx:22:11)
    at div
    at FormProvider (webpack-internal:///(app-pages-browser)/./src/contexts/FormContext.tsx:100:11)
    at PublicFormPage (webpack-internal:///(app-pages-browser)/./src/app/f/[slug]/page.tsx:29:78)
    at ClientPageRoot (webpack-internal:///(app-pages-browser)/./node_modules/next/dist/client/components/client-page.js:14:11)
    at InnerLayoutRouter (webpack-internal:///(app-pages-browser)/./node_modules/next/dist/client/components/layout-router.js:243:11)
    at RedirectErrorBoundary (webpack-internal:///(app-pages-browser)/./node_modules/next/dist/client/components/redirect-boundary.js:74:9)
    at RedirectBoundary (webpack-internal:///(app-pages-browser)/./node_modules/next/dist/client/components/redirect-boundary.js:82:11)
    at NotFoundBoundary (webpack-internal:///(app-pages-browser)/./node_modules/next/dist/client/components/not-found-boundary.js:84:11)
    at LoadingBoundary (webpack-internal:///(app-pages-browser)/./node_modules/next/dist/client/components/layout-router.js:349:11)
    at ErrorBoundary (webpack-internal:///(app-pages-browser)/./node_modules/next/dist/client/components/error-boundary.js:160:11)
    at InnerScrollAndFocusHandler (webpack-internal:///(app-pages-browser)/./node_modules/next/dist/client/components/layout-router.js:153:9)
    at ScrollAndFocusHandler (webpack-internal:///(app-pages-browser)/./node_modules/next/dist/client/components/layout-router.js:228:11)
    at RenderFromTemplateContext (webpack-internal:///(app-pages-browser)/./node_modules/next/dist/client/components/render-from-template-context.js:16:44)
    at OuterLayoutRouter (webpack-internal:///(app-pages-browser)/./node_modules/next/dist/client/components/layout-router.js:370:11)
    at FormProvider (webpack-internal:///(app-pages-browser)/./src/contexts/FormContext.tsx:100:11)
    at BranchProvider (webpack-internal:///(app-pages-browser)/./src/contexts/BranchContext.tsx:38:11)
    at OrganizationProvider (webpack-internal:///(app-pages-browser)/./src/contexts/OrganizationContext.tsx:47:11)
    at DateProvider (webpack-internal:///(app-pages-browser)/./src/contexts/DateContext.tsx:14:11)
    at AuthProvider (webpack-internal:///(app-pages-browser)/./src/contexts/AuthContext.tsx:46:11)
    at PublicFormLayout (webpack-internal:///(app-pages-browser)/./src/app/f/[slug]/layout.tsx:18:11)
    at InnerLayoutRouter (webpack-internal:///(app-pages-browser)/./node_modules/next/dist/client/components/layout-router.js:243:11)
    at RedirectErrorBoundary (webpack-internal:///(app-pages-browser)/./node_modules/next/dist/client/components/redirect-boundary.js:74:9)
    at RedirectBoundary (webpack-internal:///(app-pages-browser)/./node_modules/next/dist/client/components/redirect-boundary.js:82:11)
    at NotFoundBoundary (webpack-internal:///(app-pages-browser)/./node_modules/next/dist/client/components/not-found-boundary.js:84:11)
    at LoadingBoundary (webpack-internal:///(app-pages-browser)/./node_modules/next/dist/client/components/layout-router.js:349:11)
    at ErrorBoundary (webpack-internal:///(app-pages-browser)/./node_modules/next/dist/client/components/error-boundary.js:160:11)
    at InnerScrollAndFocusHandler (webpack-internal:///(app-pages-browser)/./node_modules/next/dist/client/components/layout-router.js:153:9)
    at ScrollAndFocusHandler (webpack-internal:///(app-pages-browser)/./node_modules/next/dist/client/components/layout-router.js:228:11)
    at RenderFromTemplateContext (webpack-internal:///(app-pages-browser)/./node_modules/next/dist/client/components/render-from-template-context.js:16:44)
    at OuterLayoutRouter (webpack-internal:///(app-pages-browser)/./node_modules/next/dist/client/components/layout-router.js:370:11)
    at InnerLayoutRouter (webpack-internal:///(app-pages-browser)/./node_modules/next/dist/client/components/layout-router.js:243:11)
    at RedirectErrorBoundary (webpack-internal:///(app-pages-browser)/./node_modules/next/dist/client/components/redirect-boundary.js:74:9)
    at RedirectBoundary (webpack-internal:///(app-pages-browser)/./node_modules/next/dist/client/components/redirect-boundary.js:82:11)
    at NotFoundErrorBoundary (webpack-internal:///(app-pages-browser)/./node_modules/next/dist/client/components/not-found-boundary.js:76:9)
    at NotFoundBoundary (webpack-internal:///(app-pages-browser)/./node_modules/next/dist/client/components/not-found-boundary.js:84:11)
    at LoadingBoundary (webpack-internal:///(app-pages-browser)/./node_modules/next/dist/client/components/layout-router.js:349:11)
    at ErrorBoundary (webpack-internal:///(app-pages-browser)/./node_modules/next/dist/client/components/error-boundary.js:160:11)
    at InnerScrollAndFocusHandler (webpack-internal:///(app-pages-browser)/./node_modules/next/dist/client/components/layout-router.js:153:9)
    at ScrollAndFocusHandler (webpack-internal:///(app-pages-browser)/./node_modules/next/dist/client/components/layout-router.js:228:11)
    at RenderFromTemplateContext (webpack-internal:///(app-pages-browser)/./node_modules/next/dist/client/components/render-from-template-context.js:16:44)
    at OuterLayoutRouter (webpack-internal:///(app-pages-browser)/./node_modules/next/dist/client/components/layout-router.js:370:11)
    at FormItemsProvider (webpack-internal:///(app-pages-browser)/./src/contexts/FormItemsContext.tsx:14:11)
    at BranchProvider (webpack-internal:///(app-pages-browser)/./src/contexts/BranchContext.tsx:38:11)
    at OrganizationProvider (webpack-internal:///(app-pages-browser)/./src/contexts/OrganizationContext.tsx:47:11)
    at AuthProvider (webpack-internal:///(app-pages-browser)/./src/contexts/AuthContext.tsx:46:11)
    at QueryClientProvider (webpack-internal:///(app-pages-browser)/./node_modules/@tanstack/react-query/build/modern/QueryClientProvider.js:27:11)
    at Providers (webpack-internal:///(app-pages-browser)/./src/app/providers.tsx:57:11)
    at DateProvider (webpack-internal:///(app-pages-browser)/./src/contexts/DateContext.tsx:14:11)
    at body
    at html
    at RootLayout (Server)
    at RedirectErrorBoundary (webpack-internal:///(app-pages-browser)/./node_modules/next/dist/client/components/redirect-boundary.js:74:9)
    at RedirectBoundary (webpack-internal:///(app-pages-browser)/./node_modules/next/dist/client/components/redirect-boundary.js:82:11)
    at NotFoundErrorBoundary (webpack-internal:///(app-pages-browser)/./node_modules/next/dist/client/components/not-found-boundary.js:76:9)
    at NotFoundBoundary (webpack-internal:///(app-pages-browser)/./node_modules/next/dist/client/components/not-found-boundary.js:84:11)
    at DevRootNotFoundBoundary (webpack-internal:///(app-pages-browser)/./node_modules/next/dist/client/components/dev-root-not-found-boundary.js:33:11)
    at ReactDevOverlay (webpack-internal:///(app-pages-browser)/./node_modules/next/dist/client/components/react-dev-overlay/app/ReactDevOverlay.js:87:9)
    at HotReload (webpack-internal:///(app-pages-browser)/./node_modules/next/dist/client/components/react-dev-overlay/app/hot-reloader-client.js:321:11)
    at Router (webpack-internal:///(app-pages-browser)/./node_modules/next/dist/client/components/app-router.js:207:11)
    at ErrorBoundaryHandler (webpack-internal:///(app-pages-browser)/./node_modules/next/dist/client/components/error-boundary.js:113:9)
    at ErrorBoundary (webpack-internal:///(app-pages-browser)/./node_modules/next/dist/client/components/error-boundary.js:160:11)
    at AppRouter (webpack-internal:///(app-pages-browser)/./node_modules/next/dist/client/components/app-router.js:585:13)
    at ServerRoot (webpack-internal:///(app-pages-browser)/./node_modules/next/dist/client/app-index.js:112:27)
    at Root (webpack-internal:///(app-pages-browser)/./node_modules/next/dist/client/app-index.js:117:11)
window.console.error @ app-index.js:33
console.error @ hydration-error-info.js:63
printWarning @ react-dom.development.js:94
error @ react-dom.development.js:68
warnOnInvalidKey @ react-dom.development.js:9977
reconcileChildrenArray @ react-dom.development.js:10014
reconcileChildFibersImpl @ react-dom.development.js:10515
reconcileChildFibers @ react-dom.development.js:10573
reconcileChildren @ react-dom.development.js:15809
updateHostComponent$1 @ react-dom.development.js:16687
beginWork$1 @ react-dom.development.js:18503
beginWork @ react-dom.development.js:26927
performUnitOfWork @ react-dom.development.js:25748
workLoopSync @ react-dom.development.js:25464
renderRootSync @ react-dom.development.js:25419
performConcurrentWorkOnRoot @ react-dom.development.js:24504
workLoop @ scheduler.development.js:256
flushWork @ scheduler.development.js:225
performWorkUntilDeadline @ scheduler.development.js:534
app-index.js:33 Warning: Encountered two children with the same key, `54aca0f1-2f00-45d4-b662-094defa9c704-2025-02-26-18:00`. Keys should be unique so that components maintain their identity across updates. Non-unique keys may cause children to be duplicated and/or omitted — the behavior is unsupported and could change in a future version.
    at div
    at div
    at div
    at div
    at div
    at div
    at div
    at div
    at div
    at PreviewContainer (webpack-internal:///(app-pages-browser)/./src/components/preview/layout/PreviewContainer.tsx:12:11)
    at ShiftsPreview (webpack-internal:///(app-pages-browser)/./src/components/preview/steps/ShiftsPreview.tsx:331:11)
    at div
    at MotionComponent (webpack-internal:///(app-pages-browser)/./node_modules/framer-motion/dist/es/motion/index.mjs:49:65)
    at PresenceChild (webpack-internal:///(app-pages-browser)/./node_modules/framer-motion/dist/es/components/AnimatePresence/PresenceChild.mjs:15:26)
    at AnimatePresence (webpack-internal:///(app-pages-browser)/./node_modules/framer-motion/dist/es/components/AnimatePresence/index.mjs:72:28)
    at div
    at div
    at div
    at main
    at FormContainer (webpack-internal:///(app-pages-browser)/./src/components/public-form/layout/FormContainer.tsx:15:11)
    at PublicFormContent (webpack-internal:///(app-pages-browser)/./src/components/public-form/layout/PublicFormContent.tsx:23:11)
    at div
    at PublicFormLayout (webpack-internal:///(app-pages-browser)/./src/components/public-form/layout/PublicFormLayout.tsx:18:11)
    at PublicFormContent (webpack-internal:///(app-pages-browser)/./src/components/public-form/PublicFormContent.tsx:22:11)
    at div
    at FormProvider (webpack-internal:///(app-pages-browser)/./src/contexts/FormContext.tsx:100:11)
    at PublicFormPage (webpack-internal:///(app-pages-browser)/./src/app/f/[slug]/page.tsx:29:78)
    at ClientPageRoot (webpack-internal:///(app-pages-browser)/./node_modules/next/dist/client/components/client-page.js:14:11)
    at InnerLayoutRouter (webpack-internal:///(app-pages-browser)/./node_modules/next/dist/client/components/layout-router.js:243:11)
    at RedirectErrorBoundary (webpack-internal:///(app-pages-browser)/./node_modules/next/dist/client/components/redirect-boundary.js:74:9)
    at RedirectBoundary (webpack-internal:///(app-pages-browser)/./node_modules/next/dist/client/components/redirect-boundary.js:82:11)
    at NotFoundBoundary (webpack-internal:///(app-pages-browser)/./node_modules/next/dist/client/components/not-found-boundary.js:84:11)
    at LoadingBoundary (webpack-internal:///(app-pages-browser)/./node_modules/next/dist/client/components/layout-router.js:349:11)
    at ErrorBoundary (webpack-internal:///(app-pages-browser)/./node_modules/next/dist/client/components/error-boundary.js:160:11)
    at InnerScrollAndFocusHandler (webpack-internal:///(app-pages-browser)/./node_modules/next/dist/client/components/layout-router.js:153:9)
    at ScrollAndFocusHandler (webpack-internal:///(app-pages-browser)/./node_modules/next/dist/client/components/layout-router.js:228:11)
    at RenderFromTemplateContext (webpack-internal:///(app-pages-browser)/./node_modules/next/dist/client/components/render-from-template-context.js:16:44)
    at OuterLayoutRouter (webpack-internal:///(app-pages-browser)/./node_modules/next/dist/client/components/layout-router.js:370:11)
    at FormProvider (webpack-internal:///(app-pages-browser)/./src/contexts/FormContext.tsx:100:11)
    at BranchProvider (webpack-internal:///(app-pages-browser)/./src/contexts/BranchContext.tsx:38:11)
    at OrganizationProvider (webpack-internal:///(app-pages-browser)/./src/contexts/OrganizationContext.tsx:47:11)
    at DateProvider (webpack-internal:///(app-pages-browser)/./src/contexts/DateContext.tsx:14:11)
    at AuthProvider (webpack-internal:///(app-pages-browser)/./src/contexts/AuthContext.tsx:46:11)
    at PublicFormLayout (webpack-internal:///(app-pages-browser)/./src/app/f/[slug]/layout.tsx:18:11)
    at InnerLayoutRouter (webpack-internal:///(app-pages-browser)/./node_modules/next/dist/client/components/layout-router.js:243:11)
    at RedirectErrorBoundary (webpack-internal:///(app-pages-browser)/./node_modules/next/dist/client/components/redirect-boundary.js:74:9)
    at RedirectBoundary (webpack-internal:///(app-pages-browser)/./node_modules/next/dist/client/components/redirect-boundary.js:82:11)
    at NotFoundBoundary (webpack-internal:///(app-pages-browser)/./node_modules/next/dist/client/components/not-found-boundary.js:84:11)
    at LoadingBoundary (webpack-internal:///(app-pages-browser)/./node_modules/next/dist/client/components/layout-router.js:349:11)
    at ErrorBoundary (webpack-internal:///(app-pages-browser)/./node_modules/next/dist/client/components/error-boundary.js:160:11)
    at InnerScrollAndFocusHandler (webpack-internal:///(app-pages-browser)/./node_modules/next/dist/client/components/layout-router.js:153:9)
    at ScrollAndFocusHandler (webpack-internal:///(app-pages-browser)/./node_modules/next/dist/client/components/layout-router.js:228:11)
    at RenderFromTemplateContext (webpack-internal:///(app-pages-browser)/./node_modules/next/dist/client/components/render-from-template-context.js:16:44)
    at OuterLayoutRouter (webpack-internal:///(app-pages-browser)/./node_modules/next/dist/client/components/layout-router.js:370:11)
    at InnerLayoutRouter (webpack-internal:///(app-pages-browser)/./node_modules/next/dist/client/components/layout-router.js:243:11)
    at RedirectErrorBoundary (webpack-internal:///(app-pages-browser)/./node_modules/next/dist/client/components/redirect-boundary.js:74:9)
    at RedirectBoundary (webpack-internal:///(app-pages-browser)/./node_modules/next/dist/client/components/redirect-boundary.js:82:11)
    at NotFoundErrorBoundary (webpack-internal:///(app-pages-browser)/./node_modules/next/dist/client/components/not-found-boundary.js:76:9)
    at NotFoundBoundary (webpack-internal:///(app-pages-browser)/./node_modules/next/dist/client/components/not-found-boundary.js:84:11)
    at LoadingBoundary (webpack-internal:///(app-pages-browser)/./node_modules/next/dist/client/components/layout-router.js:349:11)
    at ErrorBoundary (webpack-internal:///(app-pages-browser)/./node_modules/next/dist/client/components/error-boundary.js:160:11)
    at InnerScrollAndFocusHandler (webpack-internal:///(app-pages-browser)/./node_modules/next/dist/client/components/layout-router.js:153:9)
    at ScrollAndFocusHandler (webpack-internal:///(app-pages-browser)/./node_modules/next/dist/client/components/layout-router.js:228:11)
    at RenderFromTemplateContext (webpack-internal:///(app-pages-browser)/./node_modules/next/dist/client/components/render-from-template-context.js:16:44)
    at OuterLayoutRouter (webpack-internal:///(app-pages-browser)/./node_modules/next/dist/client/components/layout-router.js:370:11)
    at FormItemsProvider (webpack-internal:///(app-pages-browser)/./src/contexts/FormItemsContext.tsx:14:11)
    at BranchProvider (webpack-internal:///(app-pages-browser)/./src/contexts/BranchContext.tsx:38:11)
    at OrganizationProvider (webpack-internal:///(app-pages-browser)/./src/contexts/OrganizationContext.tsx:47:11)
    at AuthProvider (webpack-internal:///(app-pages-browser)/./src/contexts/AuthContext.tsx:46:11)
    at QueryClientProvider (webpack-internal:///(app-pages-browser)/./node_modules/@tanstack/react-query/build/modern/QueryClientProvider.js:27:11)
    at Providers (webpack-internal:///(app-pages-browser)/./src/app/providers.tsx:57:11)
    at DateProvider (webpack-internal:///(app-pages-browser)/./src/contexts/DateContext.tsx:14:11)
    at body
    at html
    at RootLayout (Server)
    at RedirectErrorBoundary (webpack-internal:///(app-pages-browser)/./node_modules/next/dist/client/components/redirect-boundary.js:74:9)
    at RedirectBoundary (webpack-internal:///(app-pages-browser)/./node_modules/next/dist/client/components/redirect-boundary.js:82:11)
    at NotFoundErrorBoundary (webpack-internal:///(app-pages-browser)/./node_modules/next/dist/client/components/not-found-boundary.js:76:9)
    at NotFoundBoundary (webpack-internal:///(app-pages-browser)/./node_modules/next/dist/client/components/not-found-boundary.js:84:11)
    at DevRootNotFoundBoundary (webpack-internal:///(app-pages-browser)/./node_modules/next/dist/client/components/dev-root-not-found-boundary.js:33:11)
    at ReactDevOverlay (webpack-internal:///(app-pages-browser)/./node_modules/next/dist/client/components/react-dev-overlay/app/ReactDevOverlay.js:87:9)
    at HotReload (webpack-internal:///(app-pages-browser)/./node_modules/next/dist/client/components/react-dev-overlay/app/hot-reloader-client.js:321:11)
    at Router (webpack-internal:///(app-pages-browser)/./node_modules/next/dist/client/components/app-router.js:207:11)
    at ErrorBoundaryHandler (webpack-internal:///(app-pages-browser)/./node_modules/next/dist/client/components/error-boundary.js:113:9)
    at ErrorBoundary (webpack-internal:///(app-pages-browser)/./node_modules/next/dist/client/components/error-boundary.js:160:11)
    at AppRouter (webpack-internal:///(app-pages-browser)/./node_modules/next/dist/client/components/app-router.js:585:13)
    at ServerRoot (webpack-internal:///(app-pages-browser)/./node_modules/next/dist/client/app-index.js:112:27)
    at Root (webpack-internal:///(app-pages-browser)/./node_modules/next/dist/client/app-index.js:117:11)
window.console.error @ app-index.js:33
console.error @ hydration-error-info.js:63
printWarning @ react-dom.development.js:94
error @ react-dom.development.js:68
warnOnInvalidKey @ react-dom.development.js:9977
reconcileChildrenArray @ react-dom.development.js:10014
reconcileChildFibersImpl @ react-dom.development.js:10515
reconcileChildFibers @ react-dom.development.js:10573
reconcileChildren @ react-dom.development.js:15809
updateHostComponent$1 @ react-dom.development.js:16687
beginWork$1 @ react-dom.development.js:18503
beginWork @ react-dom.development.js:26927
performUnitOfWork @ react-dom.development.js:25748
workLoopSync @ react-dom.development.js:25464
renderRootSync @ react-dom.development.js:25419
performConcurrentWorkOnRoot @ react-dom.development.js:24504
workLoop @ scheduler.development.js:256
flushWork @ scheduler.development.js:225
performWorkUntilDeadline @ scheduler.development.js:534
app-index.js:33 Warning: Encountered two children with the same key, `54aca0f1-2f00-45d4-b662-094defa9c704-2025-02-26-18:30`. Keys should be unique so that components maintain their identity across updates. Non-unique keys may cause children to be duplicated and/or omitted — the behavior is unsupported and could change in a future version.
    at div
    at div
    at div
    at div
    at div
    at div
    at div
    at div
    at div
    at PreviewContainer (webpack-internal:///(app-pages-browser)/./src/components/preview/layout/PreviewContainer.tsx:12:11)
    at ShiftsPreview (webpack-internal:///(app-pages-browser)/./src/components/preview/steps/ShiftsPreview.tsx:331:11)
    at div
    at MotionComponent (webpack-internal:///(app-pages-browser)/./node_modules/framer-motion/dist/es/motion/index.mjs:49:65)
    at PresenceChild (webpack-internal:///(app-pages-browser)/./node_modules/framer-motion/dist/es/components/AnimatePresence/PresenceChild.mjs:15:26)
    at AnimatePresence (webpack-internal:///(app-pages-browser)/./node_modules/framer-motion/dist/es/components/AnimatePresence/index.mjs:72:28)
    at div
    at div
    at div
    at main
    at FormContainer (webpack-internal:///(app-pages-browser)/./src/components/public-form/layout/FormContainer.tsx:15:11)
    at PublicFormContent (webpack-internal:///(app-pages-browser)/./src/components/public-form/layout/PublicFormContent.tsx:23:11)
    at div
    at PublicFormLayout (webpack-internal:///(app-pages-browser)/./src/components/public-form/layout/PublicFormLayout.tsx:18:11)
    at PublicFormContent (webpack-internal:///(app-pages-browser)/./src/components/public-form/PublicFormContent.tsx:22:11)
    at div
    at FormProvider (webpack-internal:///(app-pages-browser)/./src/contexts/FormContext.tsx:100:11)
    at PublicFormPage (webpack-internal:///(app-pages-browser)/./src/app/f/[slug]/page.tsx:29:78)
    at ClientPageRoot (webpack-internal:///(app-pages-browser)/./node_modules/next/dist/client/components/client-page.js:14:11)
    at InnerLayoutRouter (webpack-internal:///(app-pages-browser)/./node_modules/next/dist/client/components/layout-router.js:243:11)
    at RedirectErrorBoundary (webpack-internal:///(app-pages-browser)/./node_modules/next/dist/client/components/redirect-boundary.js:74:9)
    at RedirectBoundary (webpack-internal:///(app-pages-browser)/./node_modules/next/dist/client/components/redirect-boundary.js:82:11)
    at NotFoundBoundary (webpack-internal:///(app-pages-browser)/./node_modules/next/dist/client/components/not-found-boundary.js:84:11)
    at LoadingBoundary (webpack-internal:///(app-pages-browser)/./node_modules/next/dist/client/components/layout-router.js:349:11)
    at ErrorBoundary (webpack-internal:///(app-pages-browser)/./node_modules/next/dist/client/components/error-boundary.js:160:11)
    at InnerScrollAndFocusHandler (webpack-internal:///(app-pages-browser)/./node_modules/next/dist/client/components/layout-router.js:153:9)
    at ScrollAndFocusHandler (webpack-internal:///(app-pages-browser)/./node_modules/next/dist/client/components/layout-router.js:228:11)
    at RenderFromTemplateContext (webpack-internal:///(app-pages-browser)/./node_modules/next/dist/client/components/render-from-template-context.js:16:44)
    at OuterLayoutRouter (webpack-internal:///(app-pages-browser)/./node_modules/next/dist/client/components/layout-router.js:370:11)
    at FormProvider (webpack-internal:///(app-pages-browser)/./src/contexts/FormContext.tsx:100:11)
    at BranchProvider (webpack-internal:///(app-pages-browser)/./src/contexts/BranchContext.tsx:38:11)
    at OrganizationProvider (webpack-internal:///(app-pages-browser)/./src/contexts/OrganizationContext.tsx:47:11)
    at DateProvider (webpack-internal:///(app-pages-browser)/./src/contexts/DateContext.tsx:14:11)
    at AuthProvider (webpack-internal:///(app-pages-browser)/./src/contexts/AuthContext.tsx:46:11)
    at PublicFormLayout (webpack-internal:///(app-pages-browser)/./src/app/f/[slug]/layout.tsx:18:11)
    at InnerLayoutRouter (webpack-internal:///(app-pages-browser)/./node_modules/next/dist/client/components/layout-router.js:243:11)
    at RedirectErrorBoundary (webpack-internal:///(app-pages-browser)/./node_modules/next/dist/client/components/redirect-boundary.js:74:9)
    at RedirectBoundary (webpack-internal:///(app-pages-browser)/./node_modules/next/dist/client/components/redirect-boundary.js:82:11)
    at NotFoundBoundary (webpack-internal:///(app-pages-browser)/./node_modules/next/dist/client/components/not-found-boundary.js:84:11)
    at LoadingBoundary (webpack-internal:///(app-pages-browser)/./node_modules/next/dist/client/components/layout-router.js:349:11)
    at ErrorBoundary (webpack-internal:///(app-pages-browser)/./node_modules/next/dist/client/components/error-boundary.js:160:11)
    at InnerScrollAndFocusHandler (webpack-internal:///(app-pages-browser)/./node_modules/next/dist/client/components/layout-router.js:153:9)
    at ScrollAndFocusHandler (webpack-internal:///(app-pages-browser)/./node_modules/next/dist/client/components/layout-router.js:228:11)
    at RenderFromTemplateContext (webpack-internal:///(app-pages-browser)/./node_modules/next/dist/client/components/render-from-template-context.js:16:44)
    at OuterLayoutRouter (webpack-internal:///(app-pages-browser)/./node_modules/next/dist/client/components/layout-router.js:370:11)
    at InnerLayoutRouter (webpack-internal:///(app-pages-browser)/./node_modules/next/dist/client/components/layout-router.js:243:11)
    at RedirectErrorBoundary (webpack-internal:///(app-pages-browser)/./node_modules/next/dist/client/components/redirect-boundary.js:74:9)
    at RedirectBoundary (webpack-internal:///(app-pages-browser)/./node_modules/next/dist/client/components/redirect-boundary.js:82:11)
    at NotFoundErrorBoundary (webpack-internal:///(app-pages-browser)/./node_modules/next/dist/client/components/not-found-boundary.js:76:9)
    at NotFoundBoundary (webpack-internal:///(app-pages-browser)/./node_modules/next/dist/client/components/not-found-boundary.js:84:11)
    at LoadingBoundary (webpack-internal:///(app-pages-browser)/./node_modules/next/dist/client/components/layout-router.js:349:11)
    at ErrorBoundary (webpack-internal:///(app-pages-browser)/./node_modules/next/dist/client/components/error-boundary.js:160:11)
    at InnerScrollAndFocusHandler (webpack-internal:///(app-pages-browser)/./node_modules/next/dist/client/components/layout-router.js:153:9)
    at ScrollAndFocusHandler (webpack-internal:///(app-pages-browser)/./node_modules/next/dist/client/components/layout-router.js:228:11)
    at RenderFromTemplateContext (webpack-internal:///(app-pages-browser)/./node_modules/next/dist/client/components/render-from-template-context.js:16:44)
    at OuterLayoutRouter (webpack-internal:///(app-pages-browser)/./node_modules/next/dist/client/components/layout-router.js:370:11)
    at FormItemsProvider (webpack-internal:///(app-pages-browser)/./src/contexts/FormItemsContext.tsx:14:11)
    at BranchProvider (webpack-internal:///(app-pages-browser)/./src/contexts/BranchContext.tsx:38:11)
    at OrganizationProvider (webpack-internal:///(app-pages-browser)/./src/contexts/OrganizationContext.tsx:47:11)
    at AuthProvider (webpack-internal:///(app-pages-browser)/./src/contexts/AuthContext.tsx:46:11)
    at QueryClientProvider (webpack-internal:///(app-pages-browser)/./node_modules/@tanstack/react-query/build/modern/QueryClientProvider.js:27:11)
    at Providers (webpack-internal:///(app-pages-browser)/./src/app/providers.tsx:57:11)
    at DateProvider (webpack-internal:///(app-pages-browser)/./src/contexts/DateContext.tsx:14:11)
    at body
    at html
    at RootLayout (Server)
    at RedirectErrorBoundary (webpack-internal:///(app-pages-browser)/./node_modules/next/dist/client/components/redirect-boundary.js:74:9)
    at RedirectBoundary (webpack-internal:///(app-pages-browser)/./node_modules/next/dist/client/components/redirect-boundary.js:82:11)
    at NotFoundErrorBoundary (webpack-internal:///(app-pages-browser)/./node_modules/next/dist/client/components/not-found-boundary.js:76:9)
    at NotFoundBoundary (webpack-internal:///(app-pages-browser)/./node_modules/next/dist/client/components/not-found-boundary.js:84:11)
    at DevRootNotFoundBoundary (webpack-internal:///(app-pages-browser)/./node_modules/next/dist/client/components/dev-root-not-found-boundary.js:33:11)
    at ReactDevOverlay (webpack-internal:///(app-pages-browser)/./node_modules/next/dist/client/components/react-dev-overlay/app/ReactDevOverlay.js:87:9)
    at HotReload (webpack-internal:///(app-pages-browser)/./node_modules/next/dist/client/components/react-dev-overlay/app/hot-reloader-client.js:321:11)
    at Router (webpack-internal:///(app-pages-browser)/./node_modules/next/dist/client/components/app-router.js:207:11)
    at ErrorBoundaryHandler (webpack-internal:///(app-pages-browser)/./node_modules/next/dist/client/components/error-boundary.js:113:9)
    at ErrorBoundary (webpack-internal:///(app-pages-browser)/./node_modules/next/dist/client/components/error-boundary.js:160:11)
    at AppRouter (webpack-internal:///(app-pages-browser)/./node_modules/next/dist/client/components/app-router.js:585:13)
    at ServerRoot (webpack-internal:///(app-pages-browser)/./node_modules/next/dist/client/app-index.js:112:27)
    at Root (webpack-internal:///(app-pages-browser)/./node_modules/next/dist/client/app-index.js:117:11)
window.console.error @ app-index.js:33
console.error @ hydration-error-info.js:63
printWarning @ react-dom.development.js:94
error @ react-dom.development.js:68
warnOnInvalidKey @ react-dom.development.js:9977
reconcileChildrenArray @ react-dom.development.js:10014
reconcileChildFibersImpl @ react-dom.development.js:10515
reconcileChildFibers @ react-dom.development.js:10573
reconcileChildren @ react-dom.development.js:15809
updateHostComponent$1 @ react-dom.development.js:16687
beginWork$1 @ react-dom.development.js:18503
beginWork @ react-dom.development.js:26927
performUnitOfWork @ react-dom.development.js:25748
workLoopSync @ react-dom.development.js:25464
renderRootSync @ react-dom.development.js:25419
performConcurrentWorkOnRoot @ react-dom.development.js:24504
workLoop @ scheduler.development.js:256
flushWork @ scheduler.development.js:225
performWorkUntilDeadline @ scheduler.development.js:534
app-index.js:33 Warning: Encountered two children with the same key, `54aca0f1-2f00-45d4-b662-094defa9c704-2025-02-26-19:00`. Keys should be unique so that components maintain their identity across updates. Non-unique keys may cause children to be duplicated and/or omitted — the behavior is unsupported and could change in a future version.
    at div
    at div
    at div
    at div
    at div
    at div
    at div
    at div
    at div
    at PreviewContainer (webpack-internal:///(app-pages-browser)/./src/components/preview/layout/PreviewContainer.tsx:12:11)
    at ShiftsPreview (webpack-internal:///(app-pages-browser)/./src/components/preview/steps/ShiftsPreview.tsx:331:11)
    at div
    at MotionComponent (webpack-internal:///(app-pages-browser)/./node_modules/framer-motion/dist/es/motion/index.mjs:49:65)
    at PresenceChild (webpack-internal:///(app-pages-browser)/./node_modules/framer-motion/dist/es/components/AnimatePresence/PresenceChild.mjs:15:26)
    at AnimatePresence (webpack-internal:///(app-pages-browser)/./node_modules/framer-motion/dist/es/components/AnimatePresence/index.mjs:72:28)
    at div
    at div
    at div
    at main
    at FormContainer (webpack-internal:///(app-pages-browser)/./src/components/public-form/layout/FormContainer.tsx:15:11)
    at PublicFormContent (webpack-internal:///(app-pages-browser)/./src/components/public-form/layout/PublicFormContent.tsx:23:11)
    at div
    at PublicFormLayout (webpack-internal:///(app-pages-browser)/./src/components/public-form/layout/PublicFormLayout.tsx:18:11)
    at PublicFormContent (webpack-internal:///(app-pages-browser)/./src/components/public-form/PublicFormContent.tsx:22:11)
    at div
    at FormProvider (webpack-internal:///(app-pages-browser)/./src/contexts/FormContext.tsx:100:11)
    at PublicFormPage (webpack-internal:///(app-pages-browser)/./src/app/f/[slug]/page.tsx:29:78)
    at ClientPageRoot (webpack-internal:///(app-pages-browser)/./node_modules/next/dist/client/components/client-page.js:14:11)
    at InnerLayoutRouter (webpack-internal:///(app-pages-browser)/./node_modules/next/dist/client/components/layout-router.js:243:11)
    at RedirectErrorBoundary (webpack-internal:///(app-pages-browser)/./node_modules/next/dist/client/components/redirect-boundary.js:74:9)
    at RedirectBoundary (webpack-internal:///(app-pages-browser)/./node_modules/next/dist/client/components/redirect-boundary.js:82:11)
    at NotFoundBoundary (webpack-internal:///(app-pages-browser)/./node_modules/next/dist/client/components/not-found-boundary.js:84:11)
    at LoadingBoundary (webpack-internal:///(app-pages-browser)/./node_modules/next/dist/client/components/layout-router.js:349:11)
    at ErrorBoundary (webpack-internal:///(app-pages-browser)/./node_modules/next/dist/client/components/error-boundary.js:160:11)
    at InnerScrollAndFocusHandler (webpack-internal:///(app-pages-browser)/./node_modules/next/dist/client/components/layout-router.js:153:9)
    at ScrollAndFocusHandler (webpack-internal:///(app-pages-browser)/./node_modules/next/dist/client/components/layout-router.js:228:11)
    at RenderFromTemplateContext (webpack-internal:///(app-pages-browser)/./node_modules/next/dist/client/components/render-from-template-context.js:16:44)
    at OuterLayoutRouter (webpack-internal:///(app-pages-browser)/./node_modules/next/dist/client/components/layout-router.js:370:11)
    at FormProvider (webpack-internal:///(app-pages-browser)/./src/contexts/FormContext.tsx:100:11)
    at BranchProvider (webpack-internal:///(app-pages-browser)/./src/contexts/BranchContext.tsx:38:11)
    at OrganizationProvider (webpack-internal:///(app-pages-browser)/./src/contexts/OrganizationContext.tsx:47:11)
    at DateProvider (webpack-internal:///(app-pages-browser)/./src/contexts/DateContext.tsx:14:11)
    at AuthProvider (webpack-internal:///(app-pages-browser)/./src/contexts/AuthContext.tsx:46:11)
    at PublicFormLayout (webpack-internal:///(app-pages-browser)/./src/app/f/[slug]/layout.tsx:18:11)
    at InnerLayoutRouter (webpack-internal:///(app-pages-browser)/./node_modules/next/dist/client/components/layout-router.js:243:11)
    at RedirectErrorBoundary (webpack-internal:///(app-pages-browser)/./node_modules/next/dist/client/components/redirect-boundary.js:74:9)
    at RedirectBoundary (webpack-internal:///(app-pages-browser)/./node_modules/next/dist/client/components/redirect-boundary.js:82:11)
    at NotFoundBoundary (webpack-internal:///(app-pages-browser)/./node_modules/next/dist/client/components/not-found-boundary.js:84:11)
    at LoadingBoundary (webpack-internal:///(app-pages-browser)/./node_modules/next/dist/client/components/layout-router.js:349:11)
    at ErrorBoundary (webpack-internal:///(app-pages-browser)/./node_modules/next/dist/client/components/error-boundary.js:160:11)
    at InnerScrollAndFocusHandler (webpack-internal:///(app-pages-browser)/./node_modules/next/dist/client/components/layout-router.js:153:9)
    at ScrollAndFocusHandler (webpack-internal:///(app-pages-browser)/./node_modules/next/dist/client/components/layout-router.js:228:11)
    at RenderFromTemplateContext (webpack-internal:///(app-pages-browser)/./node_modules/next/dist/client/components/render-from-template-context.js:16:44)
    at OuterLayoutRouter (webpack-internal:///(app-pages-browser)/./node_modules/next/dist/client/components/layout-router.js:370:11)
    at InnerLayoutRouter (webpack-internal:///(app-pages-browser)/./node_modules/next/dist/client/components/layout-router.js:243:11)
    at RedirectErrorBoundary (webpack-internal:///(app-pages-browser)/./node_modules/next/dist/client/components/redirect-boundary.js:74:9)
    at RedirectBoundary (webpack-internal:///(app-pages-browser)/./node_modules/next/dist/client/components/redirect-boundary.js:82:11)
    at NotFoundErrorBoundary (webpack-internal:///(app-pages-browser)/./node_modules/next/dist/client/components/not-found-boundary.js:76:9)
    at NotFoundBoundary (webpack-internal:///(app-pages-browser)/./node_modules/next/dist/client/components/not-found-boundary.js:84:11)
    at LoadingBoundary (webpack-internal:///(app-pages-browser)/./node_modules/next/dist/client/components/layout-router.js:349:11)
    at ErrorBoundary (webpack-internal:///(app-pages-browser)/./node_modules/next/dist/client/components/error-boundary.js:160:11)
    at InnerScrollAndFocusHandler (webpack-internal:///(app-pages-browser)/./node_modules/next/dist/client/components/layout-router.js:153:9)
    at ScrollAndFocusHandler (webpack-internal:///(app-pages-browser)/./node_modules/next/dist/client/components/layout-router.js:228:11)
    at RenderFromTemplateContext (webpack-internal:///(app-pages-browser)/./node_modules/next/dist/client/components/render-from-template-context.js:16:44)
    at OuterLayoutRouter (webpack-internal:///(app-pages-browser)/./node_modules/next/dist/client/components/layout-router.js:370:11)
    at FormItemsProvider (webpack-internal:///(app-pages-browser)/./src/contexts/FormItemsContext.tsx:14:11)
    at BranchProvider (webpack-internal:///(app-pages-browser)/./src/contexts/BranchContext.tsx:38:11)
    at OrganizationProvider (webpack-internal:///(app-pages-browser)/./src/contexts/OrganizationContext.tsx:47:11)
    at AuthProvider (webpack-internal:///(app-pages-browser)/./src/contexts/AuthContext.tsx:46:11)
    at QueryClientProvider (webpack-internal:///(app-pages-browser)/./node_modules/@tanstack/react-query/build/modern/QueryClientProvider.js:27:11)
    at Providers (webpack-internal:///(app-pages-browser)/./src/app/providers.tsx:57:11)
    at DateProvider (webpack-internal:///(app-pages-browser)/./src/contexts/DateContext.tsx:14:11)
    at body
    at html
    at RootLayout (Server)
    at RedirectErrorBoundary (webpack-internal:///(app-pages-browser)/./node_modules/next/dist/client/components/redirect-boundary.js:74:9)
    at RedirectBoundary (webpack-internal:///(app-pages-browser)/./node_modules/next/dist/client/components/redirect-boundary.js:82:11)
    at NotFoundErrorBoundary (webpack-internal:///(app-pages-browser)/./node_modules/next/dist/client/components/not-found-boundary.js:76:9)
    at NotFoundBoundary (webpack-internal:///(app-pages-browser)/./node_modules/next/dist/client/components/not-found-boundary.js:84:11)
    at DevRootNotFoundBoundary (webpack-internal:///(app-pages-browser)/./node_modules/next/dist/client/components/dev-root-not-found-boundary.js:33:11)
    at ReactDevOverlay (webpack-internal:///(app-pages-browser)/./node_modules/next/dist/client/components/react-dev-overlay/app/ReactDevOverlay.js:87:9)
    at HotReload (webpack-internal:///(app-pages-browser)/./node_modules/next/dist/client/components/react-dev-overlay/app/hot-reloader-client.js:321:11)
    at Router (webpack-internal:///(app-pages-browser)/./node_modules/next/dist/client/components/app-router.js:207:11)
    at ErrorBoundaryHandler (webpack-internal:///(app-pages-browser)/./node_modules/next/dist/client/components/error-boundary.js:113:9)
    at ErrorBoundary (webpack-internal:///(app-pages-browser)/./node_modules/next/dist/client/components/error-boundary.js:160:11)
    at AppRouter (webpack-internal:///(app-pages-browser)/./node_modules/next/dist/client/components/app-router.js:585:13)
    at ServerRoot (webpack-internal:///(app-pages-browser)/./node_modules/next/dist/client/app-index.js:112:27)
    at Root (webpack-internal:///(app-pages-browser)/./node_modules/next/dist/client/app-index.js:117:11)
window.console.error @ app-index.js:33
console.error @ hydration-error-info.js:63
printWarning @ react-dom.development.js:94
error @ react-dom.development.js:68
warnOnInvalidKey @ react-dom.development.js:9977
reconcileChildrenArray @ react-dom.development.js:10014
reconcileChildFibersImpl @ react-dom.development.js:10515
reconcileChildFibers @ react-dom.development.js:10573
reconcileChildren @ react-dom.development.js:15809
updateHostComponent$1 @ react-dom.development.js:16687
beginWork$1 @ react-dom.development.js:18503
beginWork @ react-dom.development.js:26927
performUnitOfWork @ react-dom.development.js:25748
workLoopSync @ react-dom.development.js:25464
renderRootSync @ react-dom.development.js:25419
performConcurrentWorkOnRoot @ react-dom.development.js:24504
workLoop @ scheduler.development.js:256
flushWork @ scheduler.development.js:225
performWorkUntilDeadline @ scheduler.development.js:534
app-index.js:33 Warning: Encountered two children with the same key, `54aca0f1-2f00-45d4-b662-094defa9c704-2025-02-26-19:30`. Keys should be unique so that components maintain their identity across updates. Non-unique keys may cause children to be duplicated and/or omitted — the behavior is unsupported and could change in a future version.
    at div
    at div
    at div
    at div
    at div
    at div
    at div
    at div
    at div
    at PreviewContainer (webpack-internal:///(app-pages-browser)/./src/components/preview/layout/PreviewContainer.tsx:12:11)
    at ShiftsPreview (webpack-internal:///(app-pages-browser)/./src/components/preview/steps/ShiftsPreview.tsx:331:11)
    at div
    at MotionComponent (webpack-internal:///(app-pages-browser)/./node_modules/framer-motion/dist/es/motion/index.mjs:49:65)
    at PresenceChild (webpack-internal:///(app-pages-browser)/./node_modules/framer-motion/dist/es/components/AnimatePresence/PresenceChild.mjs:15:26)
    at AnimatePresence (webpack-internal:///(app-pages-browser)/./node_modules/framer-motion/dist/es/components/AnimatePresence/index.mjs:72:28)
    at div
    at div
    at div
    at main
    at FormContainer (webpack-internal:///(app-pages-browser)/./src/components/public-form/layout/FormContainer.tsx:15:11)
    at PublicFormContent (webpack-internal:///(app-pages-browser)/./src/components/public-form/layout/PublicFormContent.tsx:23:11)
    at div
    at PublicFormLayout (webpack-internal:///(app-pages-browser)/./src/components/public-form/layout/PublicFormLayout.tsx:18:11)
    at PublicFormContent (webpack-internal:///(app-pages-browser)/./src/components/public-form/PublicFormContent.tsx:22:11)
    at div
    at FormProvider (webpack-internal:///(app-pages-browser)/./src/contexts/FormContext.tsx:100:11)
    at PublicFormPage (webpack-internal:///(app-pages-browser)/./src/app/f/[slug]/page.tsx:29:78)
    at ClientPageRoot (webpack-internal:///(app-pages-browser)/./node_modules/next/dist/client/components/client-page.js:14:11)
    at InnerLayoutRouter (webpack-internal:///(app-pages-browser)/./node_modules/next/dist/client/components/layout-router.js:243:11)
    at RedirectErrorBoundary (webpack-internal:///(app-pages-browser)/./node_modules/next/dist/client/components/redirect-boundary.js:74:9)
    at RedirectBoundary (webpack-internal:///(app-pages-browser)/./node_modules/next/dist/client/components/redirect-boundary.js:82:11)
    at NotFoundBoundary (webpack-internal:///(app-pages-browser)/./node_modules/next/dist/client/components/not-found-boundary.js:84:11)
    at LoadingBoundary (webpack-internal:///(app-pages-browser)/./node_modules/next/dist/client/components/layout-router.js:349:11)
    at ErrorBoundary (webpack-internal:///(app-pages-browser)/./node_modules/next/dist/client/components/error-boundary.js:160:11)
    at InnerScrollAndFocusHandler (webpack-internal:///(app-pages-browser)/./node_modules/next/dist/client/components/layout-router.js:153:9)
    at ScrollAndFocusHandler (webpack-internal:///(app-pages-browser)/./node_modules/next/dist/client/components/layout-router.js:228:11)
    at RenderFromTemplateContext (webpack-internal:///(app-pages-browser)/./node_modules/next/dist/client/components/render-from-template-context.js:16:44)
    at OuterLayoutRouter (webpack-internal:///(app-pages-browser)/./node_modules/next/dist/client/components/layout-router.js:370:11)
    at FormProvider (webpack-internal:///(app-pages-browser)/./src/contexts/FormContext.tsx:100:11)
    at BranchProvider (webpack-internal:///(app-pages-browser)/./src/contexts/BranchContext.tsx:38:11)
    at OrganizationProvider (webpack-internal:///(app-pages-browser)/./src/contexts/OrganizationContext.tsx:47:11)
    at DateProvider (webpack-internal:///(app-pages-browser)/./src/contexts/DateContext.tsx:14:11)
    at AuthProvider (webpack-internal:///(app-pages-browser)/./src/contexts/AuthContext.tsx:46:11)
    at PublicFormLayout (webpack-internal:///(app-pages-browser)/./src/app/f/[slug]/layout.tsx:18:11)
    at InnerLayoutRouter (webpack-internal:///(app-pages-browser)/./node_modules/next/dist/client/components/layout-router.js:243:11)
    at RedirectErrorBoundary (webpack-internal:///(app-pages-browser)/./node_modules/next/dist/client/components/redirect-boundary.js:74:9)
    at RedirectBoundary (webpack-internal:///(app-pages-browser)/./node_modules/next/dist/client/components/redirect-boundary.js:82:11)
    at NotFoundBoundary (webpack-internal:///(app-pages-browser)/./node_modules/next/dist/client/components/not-found-boundary.js:84:11)
    at LoadingBoundary (webpack-internal:///(app-pages-browser)/./node_modules/next/dist/client/components/layout-router.js:349:11)
    at ErrorBoundary (webpack-internal:///(app-pages-browser)/./node_modules/next/dist/client/components/error-boundary.js:160:11)
    at InnerScrollAndFocusHandler (webpack-internal:///(app-pages-browser)/./node_modules/next/dist/client/components/layout-router.js:153:9)
    at ScrollAndFocusHandler (webpack-internal:///(app-pages-browser)/./node_modules/next/dist/client/components/layout-router.js:228:11)
    at RenderFromTemplateContext (webpack-internal:///(app-pages-browser)/./node_modules/next/dist/client/components/render-from-template-context.js:16:44)
    at OuterLayoutRouter (webpack-internal:///(app-pages-browser)/./node_modules/next/dist/client/components/layout-router.js:370:11)
    at InnerLayoutRouter (webpack-internal:///(app-pages-browser)/./node_modules/next/dist/client/components/layout-router.js:243:11)
    at RedirectErrorBoundary (webpack-internal:///(app-pages-browser)/./node_modules/next/dist/client/components/redirect-boundary.js:74:9)
    at RedirectBoundary (webpack-internal:///(app-pages-browser)/./node_modules/next/dist/client/components/redirect-boundary.js:82:11)
    at NotFoundErrorBoundary (webpack-internal:///(app-pages-browser)/./node_modules/next/dist/client/components/not-found-boundary.js:76:9)
    at NotFoundBoundary (webpack-internal:///(app-pages-browser)/./node_modules/next/dist/client/components/not-found-boundary.js:84:11)
    at LoadingBoundary (webpack-internal:///(app-pages-browser)/./node_modules/next/dist/client/components/layout-router.js:349:11)
    at ErrorBoundary (webpack-internal:///(app-pages-browser)/./node_modules/next/dist/client/components/error-boundary.js:160:11)
    at InnerScrollAndFocusHandler (webpack-internal:///(app-pages-browser)/./node_modules/next/dist/client/components/layout-router.js:153:9)
    at ScrollAndFocusHandler (webpack-internal:///(app-pages-browser)/./node_modules/next/dist/client/components/layout-router.js:228:11)
    at RenderFromTemplateContext (webpack-internal:///(app-pages-browser)/./node_modules/next/dist/client/components/render-from-template-context.js:16:44)
    at OuterLayoutRouter (webpack-internal:///(app-pages-browser)/./node_modules/next/dist/client/components/layout-router.js:370:11)
    at FormItemsProvider (webpack-internal:///(app-pages-browser)/./src/contexts/FormItemsContext.tsx:14:11)
    at BranchProvider (webpack-internal:///(app-pages-browser)/./src/contexts/BranchContext.tsx:38:11)
    at OrganizationProvider (webpack-internal:///(app-pages-browser)/./src/contexts/OrganizationContext.tsx:47:11)
    at AuthProvider (webpack-internal:///(app-pages-browser)/./src/contexts/AuthContext.tsx:46:11)
    at QueryClientProvider (webpack-internal:///(app-pages-browser)/./node_modules/@tanstack/react-query/build/modern/QueryClientProvider.js:27:11)
    at Providers (webpack-internal:///(app-pages-browser)/./src/app/providers.tsx:57:11)
    at DateProvider (webpack-internal:///(app-pages-browser)/./src/contexts/DateContext.tsx:14:11)
    at body
    at html
    at RootLayout (Server)
    at RedirectErrorBoundary (webpack-internal:///(app-pages-browser)/./node_modules/next/dist/client/components/redirect-boundary.js:74:9)
    at RedirectBoundary (webpack-internal:///(app-pages-browser)/./node_modules/next/dist/client/components/redirect-boundary.js:82:11)
    at NotFoundErrorBoundary (webpack-internal:///(app-pages-browser)/./node_modules/next/dist/client/components/not-found-boundary.js:76:9)
    at NotFoundBoundary (webpack-internal:///(app-pages-browser)/./node_modules/next/dist/client/components/not-found-boundary.js:84:11)
    at DevRootNotFoundBoundary (webpack-internal:///(app-pages-browser)/./node_modules/next/dist/client/components/dev-root-not-found-boundary.js:33:11)
    at ReactDevOverlay (webpack-internal:///(app-pages-browser)/./node_modules/next/dist/client/components/react-dev-overlay/app/ReactDevOverlay.js:87:9)
    at HotReload (webpack-internal:///(app-pages-browser)/./node_modules/next/dist/client/components/react-dev-overlay/app/hot-reloader-client.js:321:11)
    at Router (webpack-internal:///(app-pages-browser)/./node_modules/next/dist/client/components/app-router.js:207:11)
    at ErrorBoundaryHandler (webpack-internal:///(app-pages-browser)/./node_modules/next/dist/client/components/error-boundary.js:113:9)
    at ErrorBoundary (webpack-internal:///(app-pages-browser)/./node_modules/next/dist/client/components/error-boundary.js:160:11)
    at AppRouter (webpack-internal:///(app-pages-browser)/./node_modules/next/dist/client/components/app-router.js:585:13)
    at ServerRoot (webpack-internal:///(app-pages-browser)/./node_modules/next/dist/client/app-index.js:112:27)
    at Root (webpack-internal:///(app-pages-browser)/./node_modules/next/dist/client/app-index.js:117:11)
window.console.error @ app-index.js:33
console.error @ hydration-error-info.js:63
printWarning @ react-dom.development.js:94
error @ react-dom.development.js:68
warnOnInvalidKey @ react-dom.development.js:9977
reconcileChildrenArray @ react-dom.development.js:10014
reconcileChildFibersImpl @ react-dom.development.js:10515
reconcileChildFibers @ react-dom.development.js:10573
reconcileChildren @ react-dom.development.js:15809
updateHostComponent$1 @ react-dom.development.js:16687
beginWork$1 @ react-dom.development.js:18503
beginWork @ react-dom.development.js:26927
performUnitOfWork @ react-dom.development.js:25748
workLoopSync @ react-dom.development.js:25464
renderRootSync @ react-dom.development.js:25419
performConcurrentWorkOnRoot @ react-dom.development.js:24504
workLoop @ scheduler.development.js:256
flushWork @ scheduler.development.js:225
performWorkUntilDeadline @ scheduler.development.js:534
app-index.js:33 Warning: Encountered two children with the same key, `54aca0f1-2f00-45d4-b662-094defa9c704-2025-02-26-20:00`. Keys should be unique so that components maintain their identity across updates. Non-unique keys may cause children to be duplicated and/or omitted — the behavior is unsupported and could change in a future version.
    at div
    at div
    at div
    at div
    at div
    at div
    at div
    at div
    at div
    at PreviewContainer (webpack-internal:///(app-pages-browser)/./src/components/preview/layout/PreviewContainer.tsx:12:11)
    at ShiftsPreview (webpack-internal:///(app-pages-browser)/./src/components/preview/steps/ShiftsPreview.tsx:331:11)
    at div
    at MotionComponent (webpack-internal:///(app-pages-browser)/./node_modules/framer-motion/dist/es/motion/index.mjs:49:65)
    at PresenceChild (webpack-internal:///(app-pages-browser)/./node_modules/framer-motion/dist/es/components/AnimatePresence/PresenceChild.mjs:15:26)
    at AnimatePresence (webpack-internal:///(app-pages-browser)/./node_modules/framer-motion/dist/es/components/AnimatePresence/index.mjs:72:28)
    at div
    at div
    at div
    at main
    at FormContainer (webpack-internal:///(app-pages-browser)/./src/components/public-form/layout/FormContainer.tsx:15:11)
    at PublicFormContent (webpack-internal:///(app-pages-browser)/./src/components/public-form/layout/PublicFormContent.tsx:23:11)
    at div
    at PublicFormLayout (webpack-internal:///(app-pages-browser)/./src/components/public-form/layout/PublicFormLayout.tsx:18:11)
    at PublicFormContent (webpack-internal:///(app-pages-browser)/./src/components/public-form/PublicFormContent.tsx:22:11)
    at div
    at FormProvider (webpack-internal:///(app-pages-browser)/./src/contexts/FormContext.tsx:100:11)
    at PublicFormPage (webpack-internal:///(app-pages-browser)/./src/app/f/[slug]/page.tsx:29:78)
    at ClientPageRoot (webpack-internal:///(app-pages-browser)/./node_modules/next/dist/client/components/client-page.js:14:11)
    at InnerLayoutRouter (webpack-internal:///(app-pages-browser)/./node_modules/next/dist/client/components/layout-router.js:243:11)
    at RedirectErrorBoundary (webpack-internal:///(app-pages-browser)/./node_modules/next/dist/client/components/redirect-boundary.js:74:9)
    at RedirectBoundary (webpack-internal:///(app-pages-browser)/./node_modules/next/dist/client/components/redirect-boundary.js:82:11)
    at NotFoundBoundary (webpack-internal:///(app-pages-browser)/./node_modules/next/dist/client/components/not-found-boundary.js:84:11)
    at LoadingBoundary (webpack-internal:///(app-pages-browser)/./node_modules/next/dist/client/components/layout-router.js:349:11)
    at ErrorBoundary (webpack-internal:///(app-pages-browser)/./node_modules/next/dist/client/components/error-boundary.js:160:11)
    at InnerScrollAndFocusHandler (webpack-internal:///(app-pages-browser)/./node_modules/next/dist/client/components/layout-router.js:153:9)
    at ScrollAndFocusHandler (webpack-internal:///(app-pages-browser)/./node_modules/next/dist/client/components/layout-router.js:228:11)
    at RenderFromTemplateContext (webpack-internal:///(app-pages-browser)/./node_modules/next/dist/client/components/render-from-template-context.js:16:44)
    at OuterLayoutRouter (webpack-internal:///(app-pages-browser)/./node_modules/next/dist/client/components/layout-router.js:370:11)
    at FormProvider (webpack-internal:///(app-pages-browser)/./src/contexts/FormContext.tsx:100:11)
    at BranchProvider (webpack-internal:///(app-pages-browser)/./src/contexts/BranchContext.tsx:38:11)
    at OrganizationProvider (webpack-internal:///(app-pages-browser)/./src/contexts/OrganizationContext.tsx:47:11)
    at DateProvider (webpack-internal:///(app-pages-browser)/./src/contexts/DateContext.tsx:14:11)
    at AuthProvider (webpack-internal:///(app-pages-browser)/./src/contexts/AuthContext.tsx:46:11)
    at PublicFormLayout (webpack-internal:///(app-pages-browser)/./src/app/f/[slug]/layout.tsx:18:11)
    at InnerLayoutRouter (webpack-internal:///(app-pages-browser)/./node_modules/next/dist/client/components/layout-router.js:243:11)
    at RedirectErrorBoundary (webpack-internal:///(app-pages-browser)/./node_modules/next/dist/client/components/redirect-boundary.js:74:9)
    at RedirectBoundary (webpack-internal:///(app-pages-browser)/./node_modules/next/dist/client/components/redirect-boundary.js:82:11)
    at NotFoundBoundary (webpack-internal:///(app-pages-browser)/./node_modules/next/dist/client/components/not-found-boundary.js:84:11)
    at LoadingBoundary (webpack-internal:///(app-pages-browser)/./node_modules/next/dist/client/components/layout-router.js:349:11)
    at ErrorBoundary (webpack-internal:///(app-pages-browser)/./node_modules/next/dist/client/components/error-boundary.js:160:11)
    at InnerScrollAndFocusHandler (webpack-internal:///(app-pages-browser)/./node_modules/next/dist/client/components/layout-router.js:153:9)
    at ScrollAndFocusHandler (webpack-internal:///(app-pages-browser)/./node_modules/next/dist/client/components/layout-router.js:228:11)
    at RenderFromTemplateContext (webpack-internal:///(app-pages-browser)/./node_modules/next/dist/client/components/render-from-template-context.js:16:44)
    at OuterLayoutRouter (webpack-internal:///(app-pages-browser)/./node_modules/next/dist/client/components/layout-router.js:370:11)
    at InnerLayoutRouter (webpack-internal:///(app-pages-browser)/./node_modules/next/dist/client/components/layout-router.js:243:11)
    at RedirectErrorBoundary (webpack-internal:///(app-pages-browser)/./node_modules/next/dist/client/components/redirect-boundary.js:74:9)
    at RedirectBoundary (webpack-internal:///(app-pages-browser)/./node_modules/next/dist/client/components/redirect-boundary.js:82:11)
    at NotFoundErrorBoundary (webpack-internal:///(app-pages-browser)/./node_modules/next/dist/client/components/not-found-boundary.js:76:9)
    at NotFoundBoundary (webpack-internal:///(app-pages-browser)/./node_modules/next/dist/client/components/not-found-boundary.js:84:11)
    at LoadingBoundary (webpack-internal:///(app-pages-browser)/./node_modules/next/dist/client/components/layout-router.js:349:11)
    at ErrorBoundary (webpack-internal:///(app-pages-browser)/./node_modules/next/dist/client/components/error-boundary.js:160:11)
    at InnerScrollAndFocusHandler (webpack-internal:///(app-pages-browser)/./node_modules/next/dist/client/components/layout-router.js:153:9)
    at ScrollAndFocusHandler (webpack-internal:///(app-pages-browser)/./node_modules/next/dist/client/components/layout-router.js:228:11)
    at RenderFromTemplateContext (webpack-internal:///(app-pages-browser)/./node_modules/next/dist/client/components/render-from-template-context.js:16:44)
    at OuterLayoutRouter (webpack-internal:///(app-pages-browser)/./node_modules/next/dist/client/components/layout-router.js:370:11)
    at FormItemsProvider (webpack-internal:///(app-pages-browser)/./src/contexts/FormItemsContext.tsx:14:11)
    at BranchProvider (webpack-internal:///(app-pages-browser)/./src/contexts/BranchContext.tsx:38:11)
    at OrganizationProvider (webpack-internal:///(app-pages-browser)/./src/contexts/OrganizationContext.tsx:47:11)
    at AuthProvider (webpack-internal:///(app-pages-browser)/./src/contexts/AuthContext.tsx:46:11)
    at QueryClientProvider (webpack-internal:///(app-pages-browser)/./node_modules/@tanstack/react-query/build/modern/QueryClientProvider.js:27:11)
    at Providers (webpack-internal:///(app-pages-browser)/./src/app/providers.tsx:57:11)
    at DateProvider (webpack-internal:///(app-pages-browser)/./src/contexts/DateContext.tsx:14:11)
    at body
    at html
    at RootLayout (Server)
    at RedirectErrorBoundary (webpack-internal:///(app-pages-browser)/./node_modules/next/dist/client/components/redirect-boundary.js:74:9)
    at RedirectBoundary (webpack-internal:///(app-pages-browser)/./node_modules/next/dist/client/components/redirect-boundary.js:82:11)
    at NotFoundErrorBoundary (webpack-internal:///(app-pages-browser)/./node_modules/next/dist/client/components/not-found-boundary.js:76:9)
    at NotFoundBoundary (webpack-internal:///(app-pages-browser)/./node_modules/next/dist/client/components/not-found-boundary.js:84:11)
    at DevRootNotFoundBoundary (webpack-internal:///(app-pages-browser)/./node_modules/next/dist/client/components/dev-root-not-found-boundary.js:33:11)
    at ReactDevOverlay (webpack-internal:///(app-pages-browser)/./node_modules/next/dist/client/components/react-dev-overlay/app/ReactDevOverlay.js:87:9)
    at HotReload (webpack-internal:///(app-pages-browser)/./node_modules/next/dist/client/components/react-dev-overlay/app/hot-reloader-client.js:321:11)
    at Router (webpack-internal:///(app-pages-browser)/./node_modules/next/dist/client/components/app-router.js:207:11)
    at ErrorBoundaryHandler (webpack-internal:///(app-pages-browser)/./node_modules/next/dist/client/components/error-boundary.js:113:9)
    at ErrorBoundary (webpack-internal:///(app-pages-browser)/./node_modules/next/dist/client/components/error-boundary.js:160:11)
    at AppRouter (webpack-internal:///(app-pages-browser)/./node_modules/next/dist/client/components/app-router.js:585:13)
    at ServerRoot (webpack-internal:///(app-pages-browser)/./node_modules/next/dist/client/app-index.js:112:27)
    at Root (webpack-internal:///(app-pages-browser)/./node_modules/next/dist/client/app-index.js:117:11)
window.console.error @ app-index.js:33
console.error @ hydration-error-info.js:63
printWarning @ react-dom.development.js:94
error @ react-dom.development.js:68
warnOnInvalidKey @ react-dom.development.js:9977
reconcileChildrenArray @ react-dom.development.js:10014
reconcileChildFibersImpl @ react-dom.development.js:10515
reconcileChildFibers @ react-dom.development.js:10573
reconcileChildren @ react-dom.development.js:15809
updateHostComponent$1 @ react-dom.development.js:16687
beginWork$1 @ react-dom.development.js:18503
beginWork @ react-dom.development.js:26927
performUnitOfWork @ react-dom.development.js:25748
workLoopSync @ react-dom.development.js:25464
renderRootSync @ react-dom.development.js:25419
performConcurrentWorkOnRoot @ react-dom.development.js:24504
workLoop @ scheduler.development.js:256
flushWork @ scheduler.development.js:225
performWorkUntilDeadline @ scheduler.development.js:534
app-index.js:33 Warning: Encountered two children with the same key, `562b18bd-612d-4c20-b9ad-c31a1aea44a2-2025-02-26-09:00`. Keys should be unique so that components maintain their identity across updates. Non-unique keys may cause children to be duplicated and/or omitted — the behavior is unsupported and could change in a future version.
    at div
    at div
    at div
    at div
    at div
    at div
    at div
    at div
    at div
    at PreviewContainer (webpack-internal:///(app-pages-browser)/./src/components/preview/layout/PreviewContainer.tsx:12:11)
    at ShiftsPreview (webpack-internal:///(app-pages-browser)/./src/components/preview/steps/ShiftsPreview.tsx:331:11)
    at div
    at MotionComponent (webpack-internal:///(app-pages-browser)/./node_modules/framer-motion/dist/es/motion/index.mjs:49:65)
    at PresenceChild (webpack-internal:///(app-pages-browser)/./node_modules/framer-motion/dist/es/components/AnimatePresence/PresenceChild.mjs:15:26)
    at AnimatePresence (webpack-internal:///(app-pages-browser)/./node_modules/framer-motion/dist/es/components/AnimatePresence/index.mjs:72:28)
    at div
    at div
    at div
    at main
    at FormContainer (webpack-internal:///(app-pages-browser)/./src/components/public-form/layout/FormContainer.tsx:15:11)
    at PublicFormContent (webpack-internal:///(app-pages-browser)/./src/components/public-form/layout/PublicFormContent.tsx:23:11)
    at div
    at PublicFormLayout (webpack-internal:///(app-pages-browser)/./src/components/public-form/layout/PublicFormLayout.tsx:18:11)
    at PublicFormContent (webpack-internal:///(app-pages-browser)/./src/components/public-form/PublicFormContent.tsx:22:11)
    at div
    at FormProvider (webpack-internal:///(app-pages-browser)/./src/contexts/FormContext.tsx:100:11)
    at PublicFormPage (webpack-internal:///(app-pages-browser)/./src/app/f/[slug]/page.tsx:29:78)
    at ClientPageRoot (webpack-internal:///(app-pages-browser)/./node_modules/next/dist/client/components/client-page.js:14:11)
    at InnerLayoutRouter (webpack-internal:///(app-pages-browser)/./node_modules/next/dist/client/components/layout-router.js:243:11)
    at RedirectErrorBoundary (webpack-internal:///(app-pages-browser)/./node_modules/next/dist/client/components/redirect-boundary.js:74:9)
    at RedirectBoundary (webpack-internal:///(app-pages-browser)/./node_modules/next/dist/client/components/redirect-boundary.js:82:11)
    at NotFoundBoundary (webpack-internal:///(app-pages-browser)/./node_modules/next/dist/client/components/not-found-boundary.js:84:11)
    at LoadingBoundary (webpack-internal:///(app-pages-browser)/./node_modules/next/dist/client/components/layout-router.js:349:11)
    at ErrorBoundary (webpack-internal:///(app-pages-browser)/./node_modules/next/dist/client/components/error-boundary.js:160:11)
    at InnerScrollAndFocusHandler (webpack-internal:///(app-pages-browser)/./node_modules/next/dist/client/components/layout-router.js:153:9)
    at ScrollAndFocusHandler (webpack-internal:///(app-pages-browser)/./node_modules/next/dist/client/components/layout-router.js:228:11)
    at RenderFromTemplateContext (webpack-internal:///(app-pages-browser)/./node_modules/next/dist/client/components/render-from-template-context.js:16:44)
    at OuterLayoutRouter (webpack-internal:///(app-pages-browser)/./node_modules/next/dist/client/components/layout-router.js:370:11)
    at FormProvider (webpack-internal:///(app-pages-browser)/./src/contexts/FormContext.tsx:100:11)
    at BranchProvider (webpack-internal:///(app-pages-browser)/./src/contexts/BranchContext.tsx:38:11)
    at OrganizationProvider (webpack-internal:///(app-pages-browser)/./src/contexts/OrganizationContext.tsx:47:11)
    at DateProvider (webpack-internal:///(app-pages-browser)/./src/contexts/DateContext.tsx:14:11)
    at AuthProvider (webpack-internal:///(app-pages-browser)/./src/contexts/AuthContext.tsx:46:11)
    at PublicFormLayout (webpack-internal:///(app-pages-browser)/./src/app/f/[slug]/layout.tsx:18:11)
    at InnerLayoutRouter (webpack-internal:///(app-pages-browser)/./node_modules/next/dist/client/components/layout-router.js:243:11)
    at RedirectErrorBoundary (webpack-internal:///(app-pages-browser)/./node_modules/next/dist/client/components/redirect-boundary.js:74:9)
    at RedirectBoundary (webpack-internal:///(app-pages-browser)/./node_modules/next/dist/client/components/redirect-boundary.js:82:11)
    at NotFoundBoundary (webpack-internal:///(app-pages-browser)/./node_modules/next/dist/client/components/not-found-boundary.js:84:11)
    at LoadingBoundary (webpack-internal:///(app-pages-browser)/./node_modules/next/dist/client/components/layout-router.js:349:11)
    at ErrorBoundary (webpack-internal:///(app-pages-browser)/./node_modules/next/dist/client/components/error-boundary.js:160:11)
    at InnerScrollAndFocusHandler (webpack-internal:///(app-pages-browser)/./node_modules/next/dist/client/components/layout-router.js:153:9)
    at ScrollAndFocusHandler (webpack-internal:///(app-pages-browser)/./node_modules/next/dist/client/components/layout-router.js:228:11)
    at RenderFromTemplateContext (webpack-internal:///(app-pages-browser)/./node_modules/next/dist/client/components/render-from-template-context.js:16:44)
    at OuterLayoutRouter (webpack-internal:///(app-pages-browser)/./node_modules/next/dist/client/components/layout-router.js:370:11)
    at InnerLayoutRouter (webpack-internal:///(app-pages-browser)/./node_modules/next/dist/client/components/layout-router.js:243:11)
    at RedirectErrorBoundary (webpack-internal:///(app-pages-browser)/./node_modules/next/dist/client/components/redirect-boundary.js:74:9)
    at RedirectBoundary (webpack-internal:///(app-pages-browser)/./node_modules/next/dist/client/components/redirect-boundary.js:82:11)
    at NotFoundErrorBoundary (webpack-internal:///(app-pages-browser)/./node_modules/next/dist/client/components/not-found-boundary.js:76:9)
    at NotFoundBoundary (webpack-internal:///(app-pages-browser)/./node_modules/next/dist/client/components/not-found-boundary.js:84:11)
    at LoadingBoundary (webpack-internal:///(app-pages-browser)/./node_modules/next/dist/client/components/layout-router.js:349:11)
    at ErrorBoundary (webpack-internal:///(app-pages-browser)/./node_modules/next/dist/client/components/error-boundary.js:160:11)
    at InnerScrollAndFocusHandler (webpack-internal:///(app-pages-browser)/./node_modules/next/dist/client/components/layout-router.js:153:9)
    at ScrollAndFocusHandler (webpack-internal:///(app-pages-browser)/./node_modules/next/dist/client/components/layout-router.js:228:11)
    at RenderFromTemplateContext (webpack-internal:///(app-pages-browser)/./node_modules/next/dist/client/components/render-from-template-context.js:16:44)
    at OuterLayoutRouter (webpack-internal:///(app-pages-browser)/./node_modules/next/dist/client/components/layout-router.js:370:11)
    at FormItemsProvider (webpack-internal:///(app-pages-browser)/./src/contexts/FormItemsContext.tsx:14:11)
    at BranchProvider (webpack-internal:///(app-pages-browser)/./src/contexts/BranchContext.tsx:38:11)
    at OrganizationProvider (webpack-internal:///(app-pages-browser)/./src/contexts/OrganizationContext.tsx:47:11)
    at AuthProvider (webpack-internal:///(app-pages-browser)/./src/contexts/AuthContext.tsx:46:11)
    at QueryClientProvider (webpack-internal:///(app-pages-browser)/./node_modules/@tanstack/react-query/build/modern/QueryClientProvider.js:27:11)
    at Providers (webpack-internal:///(app-pages-browser)/./src/app/providers.tsx:57:11)
    at DateProvider (webpack-internal:///(app-pages-browser)/./src/contexts/DateContext.tsx:14:11)
    at body
    at html
    at RootLayout (Server)
    at RedirectErrorBoundary (webpack-internal:///(app-pages-browser)/./node_modules/next/dist/client/components/redirect-boundary.js:74:9)
    at RedirectBoundary (webpack-internal:///(app-pages-browser)/./node_modules/next/dist/client/components/redirect-boundary.js:82:11)
    at NotFoundErrorBoundary (webpack-internal:///(app-pages-browser)/./node_modules/next/dist/client/components/not-found-boundary.js:76:9)
    at NotFoundBoundary (webpack-internal:///(app-pages-browser)/./node_modules/next/dist/client/components/not-found-boundary.js:84:11)
    at DevRootNotFoundBoundary (webpack-internal:///(app-pages-browser)/./node_modules/next/dist/client/components/dev-root-not-found-boundary.js:33:11)
    at ReactDevOverlay (webpack-internal:///(app-pages-browser)/./node_modules/next/dist/client/components/react-dev-overlay/app/ReactDevOverlay.js:87:9)
    at HotReload (webpack-internal:///(app-pages-browser)/./node_modules/next/dist/client/components/react-dev-overlay/app/hot-reloader-client.js:321:11)
    at Router (webpack-internal:///(app-pages-browser)/./node_modules/next/dist/client/components/app-router.js:207:11)
    at ErrorBoundaryHandler (webpack-internal:///(app-pages-browser)/./node_modules/next/dist/client/components/error-boundary.js:113:9)
    at ErrorBoundary (webpack-internal:///(app-pages-browser)/./node_modules/next/dist/client/components/error-boundary.js:160:11)
    at AppRouter (webpack-internal:///(app-pages-browser)/./node_modules/next/dist/client/components/app-router.js:585:13)
    at ServerRoot (webpack-internal:///(app-pages-browser)/./node_modules/next/dist/client/app-index.js:112:27)
    at Root (webpack-internal:///(app-pages-browser)/./node_modules/next/dist/client/app-index.js:117:11)
window.console.error @ app-index.js:33
console.error @ hydration-error-info.js:63
printWarning @ react-dom.development.js:94
error @ react-dom.development.js:68
warnOnInvalidKey @ react-dom.development.js:9977
reconcileChildrenArray @ react-dom.development.js:10014
reconcileChildFibersImpl @ react-dom.development.js:10515
reconcileChildFibers @ react-dom.development.js:10573
reconcileChildren @ react-dom.development.js:15809
updateHostComponent$1 @ react-dom.development.js:16687
beginWork$1 @ react-dom.development.js:18503
beginWork @ react-dom.development.js:26927
performUnitOfWork @ react-dom.development.js:25748
workLoopSync @ react-dom.development.js:25464
renderRootSync @ react-dom.development.js:25419
performConcurrentWorkOnRoot @ react-dom.development.js:24504
workLoop @ scheduler.development.js:256
flushWork @ scheduler.development.js:225
performWorkUntilDeadline @ scheduler.development.js:534
useAvailability.ts:44 useAvailability - Iniciando fetchSlots: {date: Wed Feb 26 2025 00:00:00 GMT+0000 (Greenwich Mean Time), duration: 1.5, courtType: undefined, timeOfDay: undefined, branchId: 'eb8139e9-261f-4912-bc32-9aa1d455ab15'}
availability.service.ts:668 AvailabilityService - findAvailableSlots - params: {date: Wed Feb 26 2025 00:00:00 GMT+0000 (Greenwich Mean Time), duration: 1.5, courtType: undefined, timeOfDay: undefined, branchId: 'eb8139e9-261f-4912-bc32-9aa1d455ab15'}
ShiftsPreview.tsx:418 ShiftsPreview - Estado: {loadingSlots: false, slotsLength: 67, error: null, params: {…}}
index.mjs:174 You're attempting to animate multiple children within AnimatePresence, but its mode is set to "wait". This will lead to odd visual behaviour.
AnimatePresence @ index.mjs:174
renderWithHooks @ react-dom.development.js:11121
updateFunctionComponent @ react-dom.development.js:16290
beginWork$1 @ react-dom.development.js:18472
beginWork @ react-dom.development.js:26927
performUnitOfWork @ react-dom.development.js:25748
workLoopSync @ react-dom.development.js:25464
renderRootSync @ react-dom.development.js:25419
performSyncWorkOnRoot @ react-dom.development.js:24887
flushSyncWorkAcrossRoots_impl @ react-dom.development.js:7758
flushSyncWorkOnAllRoots @ react-dom.development.js:7718
commitRootImpl @ react-dom.development.js:26369
commitRoot @ react-dom.development.js:26077
commitRootWhenReady @ react-dom.development.js:24749
finishConcurrentRender @ react-dom.development.js:24714
performConcurrentWorkOnRoot @ react-dom.development.js:24559
workLoop @ scheduler.development.js:256
flushWork @ scheduler.development.js:225
performWorkUntilDeadline @ scheduler.development.js:534
index.mjs:174 You're attempting to animate multiple children within AnimatePresence, but its mode is set to "wait". This will lead to odd visual behaviour.
AnimatePresence @ index.mjs:174
renderWithHooksAgain @ react-dom.development.js:11272
renderWithHooks @ react-dom.development.js:11135
updateFunctionComponent @ react-dom.development.js:16290
beginWork$1 @ react-dom.development.js:18472
beginWork @ react-dom.development.js:26927
performUnitOfWork @ react-dom.development.js:25748
workLoopSync @ react-dom.development.js:25464
renderRootSync @ react-dom.development.js:25419
performSyncWorkOnRoot @ react-dom.development.js:24887
flushSyncWorkAcrossRoots_impl @ react-dom.development.js:7758
flushSyncWorkOnAllRoots @ react-dom.development.js:7718
commitRootImpl @ react-dom.development.js:26369
commitRoot @ react-dom.development.js:26077
commitRootWhenReady @ react-dom.development.js:24749
finishConcurrentRender @ react-dom.development.js:24714
performConcurrentWorkOnRoot @ react-dom.development.js:24559
workLoop @ scheduler.development.js:256
flushWork @ scheduler.development.js:225
performWorkUntilDeadline @ scheduler.development.js:534
ShiftsPreview.tsx:418 ShiftsPreview - Estado: {loadingSlots: true, slotsLength: 67, error: null, params: {…}}
availability.service.ts:692 AvailabilityService - Zona horaria de la sede: Europe/Madrid
availability.service.ts:222 AvailabilityService - getBranchSchedule: {branchId: 'eb8139e9-261f-4912-bc32-9aa1d455ab15', date: Wed Feb 26 2025 00:00:00 GMT+0000 (Greenwich Mean Time)}
availability.service.ts:237 AvailabilityService - Datos de horarios obtenidos: {schedule: {…}, timezone: 'Europe/Madrid'}
availability.service.ts:244 AvailabilityService - Usando formato nuevo de horarios
 AvailabilityService - Día de la semana: wednesday
 AvailabilityService - Horario del día: {isOpen: true, timeRanges: Array(2)}
 AvailabilityService - Horarios obtenidos: {dayOfWeek: 'wednesday', schedule: {…}, timezone: 'Europe/Madrid'}
 AvailabilityService - Horarios de la sede: (2) ['08:00-12:00', '15:00-22:00']
 AvailabilityService - getCourts - params: {courtType: undefined, branchId: 'eb8139e9-261f-4912-bc32-9aa1d455ab15'}
 AvailabilityService - getCourts - resultado: {courts: Array(4), error: null}
 AvailabilityService - getBookings - params: {date: Wed Feb 26 2025 00:00:00 GMT+0000 (Greenwich Mean Time), courtIds: Array(4)}
 AvailabilityService - getBookings - resultado: {bookings: Array(8), error: null}
 AvailabilityService - Evaluando rango antes de reserva: {start: '08:00', end: '09:00', size: 60}
 AvailabilityService - Evaluando espacio entre reservas: {start: '10:00', end: '11:00', size: 60}
 AvailabilityService - Evaluando rango antes de reserva: {start: '10:00', end: '11:00', size: 60}
 AvailabilityService - Evaluando rango antes de reserva: {start: '15:00', end: '15:30', size: 30}
 AvailabilityService - Evaluando espacio entre reservas: {start: '16:30', end: '17:00', size: 30}
 AvailabilityService - Evaluando rango antes de reserva: {start: '16:30', end: '17:00', size: 30}
 AvailabilityService - Evaluando espacio entre reservas: {start: '18:00', end: '21:00', size: 180}
 AvailabilityService - Evaluando rango antes de reserva: {start: '18:00', end: '21:00', size: 180}
 AvailabilityService - Rangos disponibles después de filtrado: {totalRanges: 8, ranges: Array(8)}
 AvailabilityService - Rangos disponibles para Pista 5: {ranges: Array(8), durationInMinutes: 90, courtName: 'Pista 5'}
 AvailabilityService - Rango demasiado pequeño: {range: {…}, rangeSize: 60, durationInMinutes: 90}
 AvailabilityService - Rango demasiado pequeño: {range: {…}, rangeSize: 60, durationInMinutes: 90}
 AvailabilityService - Rango demasiado pequeño: {range: {…}, rangeSize: 60, durationInMinutes: 90}
 AvailabilityService - Rango demasiado pequeño: {range: {…}, rangeSize: 30, durationInMinutes: 90}
 AvailabilityService - Rango demasiado pequeño: {range: {…}, rangeSize: 30, durationInMinutes: 90}
 AvailabilityService - Rango demasiado pequeño: {range: {…}, rangeSize: 30, durationInMinutes: 90}
 AvailabilityService - Calculando precio: {courtName: 'Pista 5', durationInMinutes: 90, basePrice: 90, date: '2025-02-26', startTime: '18:00', …}
 AvailabilityService - Slot válido encontrado: {start: '18:00', end: '19:30', court: 'Pista 5', price: 90}
 AvailabilityService - Calculando precio: {courtName: 'Pista 5', durationInMinutes: 90, basePrice: 90, date: '2025-02-26', startTime: '18:30', …}
 AvailabilityService - Slot válido encontrado: {start: '18:30', end: '20:00', court: 'Pista 5', price: 90}
 AvailabilityService - Calculando precio: {courtName: 'Pista 5', durationInMinutes: 90, basePrice: 90, date: '2025-02-26', startTime: '19:00', …}
 AvailabilityService - Slot válido encontrado: {start: '19:00', end: '20:30', court: 'Pista 5', price: 90}
 AvailabilityService - Calculando precio: {courtName: 'Pista 5', durationInMinutes: 90, basePrice: 90, date: '2025-02-26', startTime: '19:30', …}
 AvailabilityService - Slot válido encontrado: {start: '19:30', end: '21:00', court: 'Pista 5', price: 90}
 AvailabilityService - Calculando precio: {courtName: 'Pista 5', durationInMinutes: 90, basePrice: 90, date: '2025-02-26', startTime: '18:00', …}
 AvailabilityService - Slot válido encontrado: {start: '18:00', end: '19:30', court: 'Pista 5', price: 90}
 AvailabilityService - Calculando precio: {courtName: 'Pista 5', durationInMinutes: 90, basePrice: 90, date: '2025-02-26', startTime: '18:30', …}
 AvailabilityService - Slot válido encontrado: {start: '18:30', end: '20:00', court: 'Pista 5', price: 90}
 AvailabilityService - Calculando precio: {courtName: 'Pista 5', durationInMinutes: 90, basePrice: 90, date: '2025-02-26', startTime: '19:00', …}
 AvailabilityService - Slot válido encontrado: {start: '19:00', end: '20:30', court: 'Pista 5', price: 90}
 AvailabilityService - Calculando precio: {courtName: 'Pista 5', durationInMinutes: 90, basePrice: 90, date: '2025-02-26', startTime: '19:30', …}
 AvailabilityService - Slot válido encontrado: {start: '19:30', end: '21:00', court: 'Pista 5', price: 90}
 AvailabilityService - Total slots generados para Pista 5: {totalSlots: 8, durationInMinutes: 90}
 AvailabilityService - Slots generados para Pista 5: (8) [{…}, {…}, {…}, {…}, {…}, {…}, {…}, {…}]
 AvailabilityService - Calculando precio: {courtName: 'Pista 5', durationInMinutes: 90, basePrice: 90, date: '2025-02-26', startTime: '18:00', …}
 AvailabilityService - Agregando slot con precio: {court: 'Pista 5', start: '18:00', end: '19:30', price: 90, durationInMinutes: 90}
 AvailabilityService - Calculando precio: {courtName: 'Pista 5', durationInMinutes: 90, basePrice: 90, date: '2025-02-26', startTime: '18:30', …}
 AvailabilityService - Agregando slot con precio: {court: 'Pista 5', start: '18:30', end: '20:00', price: 90, durationInMinutes: 90}
 AvailabilityService - Calculando precio: {courtName: 'Pista 5', durationInMinutes: 90, basePrice: 90, date: '2025-02-26', startTime: '19:00', …}
 AvailabilityService - Agregando slot con precio: {court: 'Pista 5', start: '19:00', end: '20:30', price: 90, durationInMinutes: 90}
 AvailabilityService - Calculando precio: {courtName: 'Pista 5', durationInMinutes: 90, basePrice: 90, date: '2025-02-26', startTime: '19:30', …}
 AvailabilityService - Agregando slot con precio: {court: 'Pista 5', start: '19:30', end: '21:00', price: 90, durationInMinutes: 90}
 AvailabilityService - Calculando precio: {courtName: 'Pista 5', durationInMinutes: 90, basePrice: 90, date: '2025-02-26', startTime: '18:00', …}
 AvailabilityService - Agregando slot con precio: {court: 'Pista 5', start: '18:00', end: '19:30', price: 90, durationInMinutes: 90}
 AvailabilityService - Calculando precio: {courtName: 'Pista 5', durationInMinutes: 90, basePrice: 90, date: '2025-02-26', startTime: '18:30', …}
 AvailabilityService - Agregando slot con precio: {court: 'Pista 5', start: '18:30', end: '20:00', price: 90, durationInMinutes: 90}
 AvailabilityService - Calculando precio: {courtName: 'Pista 5', durationInMinutes: 90, basePrice: 90, date: '2025-02-26', startTime: '19:00', …}
 AvailabilityService - Agregando slot con precio: {court: 'Pista 5', start: '19:00', end: '20:30', price: 90, durationInMinutes: 90}
 AvailabilityService - Calculando precio: {courtName: 'Pista 5', durationInMinutes: 90, basePrice: 90, date: '2025-02-26', startTime: '19:30', …}
 AvailabilityService - Agregando slot con precio: {court: 'Pista 5', start: '19:30', end: '21:00', price: 90, durationInMinutes: 90}
 AvailabilityService - Evaluando espacio entre reservas: {start: '09:00', end: '10:00', size: 60}
 AvailabilityService - Evaluando rango antes de reserva: {start: '09:00', end: '10:00', size: 60}
 AvailabilityService - Evaluando rango final: {start: '11:00', end: '12:00', size: 60}
 AvailabilityService - Evaluando rango final: {start: '16:00', end: '22:00', size: 360}
 AvailabilityService - Rangos disponibles después de filtrado: {totalRanges: 4, ranges: Array(4)}
 AvailabilityService - Rangos disponibles para Pista 2: {ranges: Array(4), durationInMinutes: 90, courtName: 'Pista 2'}
 AvailabilityService - Rango demasiado pequeño: {range: {…}, rangeSize: 60, durationInMinutes: 90}
 AvailabilityService - Rango demasiado pequeño: {range: {…}, rangeSize: 60, durationInMinutes: 90}
 AvailabilityService - Rango demasiado pequeño: {range: {…}, rangeSize: 60, durationInMinutes: 90}
 AvailabilityService - Calculando precio: {courtName: 'Pista 2', durationInMinutes: 90, basePrice: 50, date: '2025-02-26', startTime: '16:00', …}
 AvailabilityService - Slot válido encontrado: {start: '16:00', end: '17:30', court: 'Pista 2', price: 50}
 AvailabilityService - Calculando precio: {courtName: 'Pista 2', durationInMinutes: 90, basePrice: 50, date: '2025-02-26', startTime: '16:30', …}
 AvailabilityService - Slot válido encontrado: {start: '16:30', end: '18:00', court: 'Pista 2', price: 50}
 AvailabilityService - Calculando precio: {courtName: 'Pista 2', durationInMinutes: 90, basePrice: 50, date: '2025-02-26', startTime: '17:00', …}
 AvailabilityService - Slot válido encontrado: {start: '17:00', end: '18:30', court: 'Pista 2', price: 50}
 AvailabilityService - Calculando precio: {courtName: 'Pista 2', durationInMinutes: 90, basePrice: 50, date: '2025-02-26', startTime: '17:30', …}
 AvailabilityService - Slot válido encontrado: {start: '17:30', end: '19:00', court: 'Pista 2', price: 50}
 AvailabilityService - Calculando precio: {courtName: 'Pista 2', durationInMinutes: 90, basePrice: 50, date: '2025-02-26', startTime: '18:00', …}
 AvailabilityService - Slot válido encontrado: {start: '18:00', end: '19:30', court: 'Pista 2', price: 50}
 AvailabilityService - Calculando precio: {courtName: 'Pista 2', durationInMinutes: 90, basePrice: 50, date: '2025-02-26', startTime: '18:30', …}
 AvailabilityService - Slot válido encontrado: {start: '18:30', end: '20:00', court: 'Pista 2', price: 50}
 AvailabilityService - Calculando precio: {courtName: 'Pista 2', durationInMinutes: 90, basePrice: 50, date: '2025-02-26', startTime: '19:00', …}
 AvailabilityService - Slot válido encontrado: {start: '19:00', end: '20:30', court: 'Pista 2', price: 50}
 AvailabilityService - Calculando precio: {courtName: 'Pista 2', durationInMinutes: 90, basePrice: 50, date: '2025-02-26', startTime: '19:30', …}
 AvailabilityService - Slot válido encontrado: {start: '19:30', end: '21:00', court: 'Pista 2', price: 50}
 AvailabilityService - Calculando precio: {courtName: 'Pista 2', durationInMinutes: 90, basePrice: 50, date: '2025-02-26', startTime: '20:00', …}
 AvailabilityService - Slot válido encontrado: {start: '20:00', end: '21:30', court: 'Pista 2', price: 50}
 AvailabilityService - Calculando precio: {courtName: 'Pista 2', durationInMinutes: 90, basePrice: 50, date: '2025-02-26', startTime: '20:30', …}
 AvailabilityService - Slot válido encontrado: {start: '20:30', end: '22:00', court: 'Pista 2', price: 50}
 AvailabilityService - Total slots generados para Pista 2: {totalSlots: 10, durationInMinutes: 90}
 AvailabilityService - Slots generados para Pista 2: (10) [{…}, {…}, {…}, {…}, {…}, {…}, {…}, {…}, {…}, {…}]
 AvailabilityService - Calculando precio: {courtName: 'Pista 2', durationInMinutes: 90, basePrice: 50, date: '2025-02-26', startTime: '16:00', …}
 AvailabilityService - Agregando slot con precio: {court: 'Pista 2', start: '16:00', end: '17:30', price: 50, durationInMinutes: 90}
 AvailabilityService - Calculando precio: {courtName: 'Pista 2', durationInMinutes: 90, basePrice: 50, date: '2025-02-26', startTime: '16:30', …}
 AvailabilityService - Agregando slot con precio: {court: 'Pista 2', start: '16:30', end: '18:00', price: 50, durationInMinutes: 90}
 AvailabilityService - Calculando precio: {courtName: 'Pista 2', durationInMinutes: 90, basePrice: 50, date: '2025-02-26', startTime: '17:00', …}
 AvailabilityService - Agregando slot con precio: {court: 'Pista 2', start: '17:00', end: '18:30', price: 50, durationInMinutes: 90}
 AvailabilityService - Calculando precio: {courtName: 'Pista 2', durationInMinutes: 90, basePrice: 50, date: '2025-02-26', startTime: '17:30', …}
 AvailabilityService - Agregando slot con precio: {court: 'Pista 2', start: '17:30', end: '19:00', price: 50, durationInMinutes: 90}
 AvailabilityService - Calculando precio: {courtName: 'Pista 2', durationInMinutes: 90, basePrice: 50, date: '2025-02-26', startTime: '18:00', …}
 AvailabilityService - Agregando slot con precio: {court: 'Pista 2', start: '18:00', end: '19:30', price: 50, durationInMinutes: 90}
 AvailabilityService - Calculando precio: {courtName: 'Pista 2', durationInMinutes: 90, basePrice: 50, date: '2025-02-26', startTime: '18:30', …}
 AvailabilityService - Agregando slot con precio: {court: 'Pista 2', start: '18:30', end: '20:00', price: 50, durationInMinutes: 90}
 AvailabilityService - Calculando precio: {courtName: 'Pista 2', durationInMinutes: 90, basePrice: 50, date: '2025-02-26', startTime: '19:00', …}
 AvailabilityService - Agregando slot con precio: {court: 'Pista 2', start: '19:00', end: '20:30', price: 50, durationInMinutes: 90}
 AvailabilityService - Calculando precio: {courtName: 'Pista 2', durationInMinutes: 90, basePrice: 50, date: '2025-02-26', startTime: '19:30', …}
 AvailabilityService - Agregando slot con precio: {court: 'Pista 2', start: '19:30', end: '21:00', price: 50, durationInMinutes: 90}
 AvailabilityService - Calculando precio: {courtName: 'Pista 2', durationInMinutes: 90, basePrice: 50, date: '2025-02-26', startTime: '20:00', …}
 AvailabilityService - Agregando slot con precio: {court: 'Pista 2', start: '20:00', end: '21:30', price: 50, durationInMinutes: 90}
 AvailabilityService - Calculando precio: {courtName: 'Pista 2', durationInMinutes: 90, basePrice: 50, date: '2025-02-26', startTime: '20:30', …}
 AvailabilityService - Agregando slot con precio: {court: 'Pista 2', start: '20:30', end: '22:00', price: 50, durationInMinutes: 90}
 AvailabilityService - Rangos disponibles después de filtrado: {totalRanges: 2, ranges: Array(2)}
 AvailabilityService - Rangos disponibles para Pista 3: {ranges: Array(2), durationInMinutes: 90, courtName: 'Pista 3'}
 AvailabilityService - Calculando precio: {courtName: 'Pista 3', durationInMinutes: 90, basePrice: 50, date: '2025-02-26', startTime: '08:00', …}
 AvailabilityService - Slot válido encontrado: {start: '08:00', end: '09:30', court: 'Pista 3', price: 50}
 AvailabilityService - Calculando precio: {courtName: 'Pista 3', durationInMinutes: 90, basePrice: 50, date: '2025-02-26', startTime: '08:30', …}
 AvailabilityService - Slot válido encontrado: {start: '08:30', end: '10:00', court: 'Pista 3', price: 50}
 AvailabilityService - Calculando precio: {courtName: 'Pista 3', durationInMinutes: 90, basePrice: 50, date: '2025-02-26', startTime: '09:00', …}
 AvailabilityService - Slot válido encontrado: {start: '09:00', end: '10:30', court: 'Pista 3', price: 50}
 AvailabilityService - Calculando precio: {courtName: 'Pista 3', durationInMinutes: 90, basePrice: 50, date: '2025-02-26', startTime: '09:30', …}
 AvailabilityService - Slot válido encontrado: {start: '09:30', end: '11:00', court: 'Pista 3', price: 50}
 AvailabilityService - Calculando precio: {courtName: 'Pista 3', durationInMinutes: 90, basePrice: 50, date: '2025-02-26', startTime: '10:00', …}
 AvailabilityService - Slot válido encontrado: {start: '10:00', end: '11:30', court: 'Pista 3', price: 50}
 AvailabilityService - Calculando precio: {courtName: 'Pista 3', durationInMinutes: 90, basePrice: 50, date: '2025-02-26', startTime: '10:30', …}
 AvailabilityService - Slot válido encontrado: {start: '10:30', end: '12:00', court: 'Pista 3', price: 50}
 AvailabilityService - Calculando precio: {courtName: 'Pista 3', durationInMinutes: 90, basePrice: 50, date: '2025-02-26', startTime: '15:00', …}
 AvailabilityService - Slot válido encontrado: {start: '15:00', end: '16:30', court: 'Pista 3', price: 50}
 AvailabilityService - Calculando precio: {courtName: 'Pista 3', durationInMinutes: 90, basePrice: 50, date: '2025-02-26', startTime: '15:30', …}
 AvailabilityService - Slot válido encontrado: {start: '15:30', end: '17:00', court: 'Pista 3', price: 50}
 AvailabilityService - Calculando precio: {courtName: 'Pista 3', durationInMinutes: 90, basePrice: 50, date: '2025-02-26', startTime: '16:00', …}
 AvailabilityService - Slot válido encontrado: {start: '16:00', end: '17:30', court: 'Pista 3', price: 50}
 AvailabilityService - Calculando precio: {courtName: 'Pista 3', durationInMinutes: 90, basePrice: 50, date: '2025-02-26', startTime: '16:30', …}
 AvailabilityService - Slot válido encontrado: {start: '16:30', end: '18:00', court: 'Pista 3', price: 50}
 AvailabilityService - Calculando precio: {courtName: 'Pista 3', durationInMinutes: 90, basePrice: 50, date: '2025-02-26', startTime: '17:00', …}
 AvailabilityService - Slot válido encontrado: {start: '17:00', end: '18:30', court: 'Pista 3', price: 50}
 AvailabilityService - Calculando precio: {courtName: 'Pista 3', durationInMinutes: 90, basePrice: 50, date: '2025-02-26', startTime: '17:30', …}
 AvailabilityService - Slot válido encontrado: {start: '17:30', end: '19:00', court: 'Pista 3', price: 50}
 AvailabilityService - Calculando precio: {courtName: 'Pista 3', durationInMinutes: 90, basePrice: 50, date: '2025-02-26', startTime: '18:00', …}
 AvailabilityService - Slot válido encontrado: {start: '18:00', end: '19:30', court: 'Pista 3', price: 50}
 AvailabilityService - Calculando precio: {courtName: 'Pista 3', durationInMinutes: 90, basePrice: 50, date: '2025-02-26', startTime: '18:30', …}
 AvailabilityService - Slot válido encontrado: {start: '18:30', end: '20:00', court: 'Pista 3', price: 50}
 AvailabilityService - Calculando precio: {courtName: 'Pista 3', durationInMinutes: 90, basePrice: 50, date: '2025-02-26', startTime: '19:00', …}
 AvailabilityService - Slot válido encontrado: {start: '19:00', end: '20:30', court: 'Pista 3', price: 50}
 AvailabilityService - Calculando precio: {courtName: 'Pista 3', durationInMinutes: 90, basePrice: 50, date: '2025-02-26', startTime: '19:30', …}
 AvailabilityService - Slot válido encontrado: {start: '19:30', end: '21:00', court: 'Pista 3', price: 50}
 AvailabilityService - Calculando precio: {courtName: 'Pista 3', durationInMinutes: 90, basePrice: 50, date: '2025-02-26', startTime: '20:00', …}
 AvailabilityService - Slot válido encontrado: {start: '20:00', end: '21:30', court: 'Pista 3', price: 50}
 AvailabilityService - Calculando precio: {courtName: 'Pista 3', durationInMinutes: 90, basePrice: 50, date: '2025-02-26', startTime: '20:30', …}
 AvailabilityService - Slot válido encontrado: {start: '20:30', end: '22:00', court: 'Pista 3', price: 50}
 AvailabilityService - Total slots generados para Pista 3: {totalSlots: 18, durationInMinutes: 90}
 AvailabilityService - Slots generados para Pista 3: (18) [{…}, {…}, {…}, {…}, {…}, {…}, {…}, {…}, {…}, {…}, {…}, {…}, {…}, {…}, {…}, {…}, {…}, {…}]
 AvailabilityService - Calculando precio: {courtName: 'Pista 3', durationInMinutes: 90, basePrice: 50, date: '2025-02-26', startTime: '08:00', …}
 AvailabilityService - Agregando slot con precio: {court: 'Pista 3', start: '08:00', end: '09:30', price: 50, durationInMinutes: 90}
 AvailabilityService - Calculando precio: {courtName: 'Pista 3', durationInMinutes: 90, basePrice: 50, date: '2025-02-26', startTime: '08:30', …}
 AvailabilityService - Agregando slot con precio: {court: 'Pista 3', start: '08:30', end: '10:00', price: 50, durationInMinutes: 90}
 AvailabilityService - Calculando precio: {courtName: 'Pista 3', durationInMinutes: 90, basePrice: 50, date: '2025-02-26', startTime: '09:00', …}
 AvailabilityService - Agregando slot con precio: {court: 'Pista 3', start: '09:00', end: '10:30', price: 50, durationInMinutes: 90}
 AvailabilityService - Calculando precio: {courtName: 'Pista 3', durationInMinutes: 90, basePrice: 50, date: '2025-02-26', startTime: '09:30', …}
 AvailabilityService - Agregando slot con precio: {court: 'Pista 3', start: '09:30', end: '11:00', price: 50, durationInMinutes: 90}
 AvailabilityService - Calculando precio: {courtName: 'Pista 3', durationInMinutes: 90, basePrice: 50, date: '2025-02-26', startTime: '10:00', …}
 AvailabilityService - Agregando slot con precio: {court: 'Pista 3', start: '10:00', end: '11:30', price: 50, durationInMinutes: 90}
 AvailabilityService - Calculando precio: {courtName: 'Pista 3', durationInMinutes: 90, basePrice: 50, date: '2025-02-26', startTime: '10:30', …}
 AvailabilityService - Agregando slot con precio: {court: 'Pista 3', start: '10:30', end: '12:00', price: 50, durationInMinutes: 90}
 AvailabilityService - Calculando precio: {courtName: 'Pista 3', durationInMinutes: 90, basePrice: 50, date: '2025-02-26', startTime: '15:00', …}
 AvailabilityService - Agregando slot con precio: {court: 'Pista 3', start: '15:00', end: '16:30', price: 50, durationInMinutes: 90}
 AvailabilityService - Calculando precio: {courtName: 'Pista 3', durationInMinutes: 90, basePrice: 50, date: '2025-02-26', startTime: '15:30', …}
 AvailabilityService - Agregando slot con precio: {court: 'Pista 3', start: '15:30', end: '17:00', price: 50, durationInMinutes: 90}
 AvailabilityService - Calculando precio: {courtName: 'Pista 3', durationInMinutes: 90, basePrice: 50, date: '2025-02-26', startTime: '16:00', …}
 AvailabilityService - Agregando slot con precio: {court: 'Pista 3', start: '16:00', end: '17:30', price: 50, durationInMinutes: 90}
 AvailabilityService - Calculando precio: {courtName: 'Pista 3', durationInMinutes: 90, basePrice: 50, date: '2025-02-26', startTime: '16:30', …}
 AvailabilityService - Agregando slot con precio: {court: 'Pista 3', start: '16:30', end: '18:00', price: 50, durationInMinutes: 90}
 AvailabilityService - Calculando precio: {courtName: 'Pista 3', durationInMinutes: 90, basePrice: 50, date: '2025-02-26', startTime: '17:00', …}
 AvailabilityService - Agregando slot con precio: {court: 'Pista 3', start: '17:00', end: '18:30', price: 50, durationInMinutes: 90}
 AvailabilityService - Calculando precio: {courtName: 'Pista 3', durationInMinutes: 90, basePrice: 50, date: '2025-02-26', startTime: '17:30', …}
 AvailabilityService - Agregando slot con precio: {court: 'Pista 3', start: '17:30', end: '19:00', price: 50, durationInMinutes: 90}
 AvailabilityService - Calculando precio: {courtName: 'Pista 3', durationInMinutes: 90, basePrice: 50, date: '2025-02-26', startTime: '18:00', …}
 AvailabilityService - Agregando slot con precio: {court: 'Pista 3', start: '18:00', end: '19:30', price: 50, durationInMinutes: 90}
 AvailabilityService - Calculando precio: {courtName: 'Pista 3', durationInMinutes: 90, basePrice: 50, date: '2025-02-26', startTime: '18:30', …}
 AvailabilityService - Agregando slot con precio: {court: 'Pista 3', start: '18:30', end: '20:00', price: 50, durationInMinutes: 90}
 AvailabilityService - Calculando precio: {courtName: 'Pista 3', durationInMinutes: 90, basePrice: 50, date: '2025-02-26', startTime: '19:00', …}
 AvailabilityService - Agregando slot con precio: {court: 'Pista 3', start: '19:00', end: '20:30', price: 50, durationInMinutes: 90}
 AvailabilityService - Calculando precio: {courtName: 'Pista 3', durationInMinutes: 90, basePrice: 50, date: '2025-02-26', startTime: '19:30', …}
 AvailabilityService - Agregando slot con precio: {court: 'Pista 3', start: '19:30', end: '21:00', price: 50, durationInMinutes: 90}
 AvailabilityService - Calculando precio: {courtName: 'Pista 3', durationInMinutes: 90, basePrice: 50, date: '2025-02-26', startTime: '20:00', …}
 AvailabilityService - Agregando slot con precio: {court: 'Pista 3', start: '20:00', end: '21:30', price: 50, durationInMinutes: 90}
 AvailabilityService - Calculando precio: {courtName: 'Pista 3', durationInMinutes: 90, basePrice: 50, date: '2025-02-26', startTime: '20:30', …}
 AvailabilityService - Agregando slot con precio: {court: 'Pista 3', start: '20:30', end: '22:00', price: 50, durationInMinutes: 90}
 AvailabilityService - Rangos disponibles después de filtrado: {totalRanges: 2, ranges: Array(2)}
 AvailabilityService - Rangos disponibles para Pista 1: {ranges: Array(2), durationInMinutes: 90, courtName: 'Pista 1'}
 AvailabilityService - Calculando precio: {courtName: 'Pista 1', durationInMinutes: 90, basePrice: 50, date: '2025-02-26', startTime: '08:00', …}
 AvailabilityService - Slot válido encontrado: {start: '08:00', end: '09:30', court: 'Pista 1', price: 50}
 AvailabilityService - Calculando precio: {courtName: 'Pista 1', durationInMinutes: 90, basePrice: 50, date: '2025-02-26', startTime: '08:30', …}
 AvailabilityService - Slot válido encontrado: {start: '08:30', end: '10:00', court: 'Pista 1', price: 50}
 AvailabilityService - Calculando precio: {courtName: 'Pista 1', durationInMinutes: 90, basePrice: 50, date: '2025-02-26', startTime: '09:00', …}
 AvailabilityService - Slot válido encontrado: {start: '09:00', end: '10:30', court: 'Pista 1', price: 50}
 AvailabilityService - Calculando precio: {courtName: 'Pista 1', durationInMinutes: 90, basePrice: 50, date: '2025-02-26', startTime: '09:30', …}
 AvailabilityService - Slot válido encontrado: {start: '09:30', end: '11:00', court: 'Pista 1', price: 50}
 AvailabilityService - Calculando precio: {courtName: 'Pista 1', durationInMinutes: 90, basePrice: 50, date: '2025-02-26', startTime: '10:00', …}
 AvailabilityService - Slot válido encontrado: {start: '10:00', end: '11:30', court: 'Pista 1', price: 50}
 AvailabilityService - Calculando precio: {courtName: 'Pista 1', durationInMinutes: 90, basePrice: 50, date: '2025-02-26', startTime: '10:30', …}
 AvailabilityService - Slot válido encontrado: {start: '10:30', end: '12:00', court: 'Pista 1', price: 50}
 AvailabilityService - Calculando precio: {courtName: 'Pista 1', durationInMinutes: 90, basePrice: 50, date: '2025-02-26', startTime: '15:00', …}
availability.service.ts:516 AvailabilityService - Slot válido encontrado: {start: '15:00', end: '16:30', court: 'Pista 1', price: 50}
availability.service.ts:197 AvailabilityService - Calculando precio: {courtName: 'Pista 1', durationInMinutes: 90, basePrice: 50, date: '2025-02-26', startTime: '15:30', …}
availability.service.ts:516 AvailabilityService - Slot válido encontrado: {start: '15:30', end: '17:00', court: 'Pista 1', price: 50}
availability.service.ts:197 AvailabilityService - Calculando precio: {courtName: 'Pista 1', durationInMinutes: 90, basePrice: 50, date: '2025-02-26', startTime: '16:00', …}
availability.service.ts:516 AvailabilityService - Slot válido encontrado: {start: '16:00', end: '17:30', court: 'Pista 1', price: 50}
availability.service.ts:197 AvailabilityService - Calculando precio: {courtName: 'Pista 1', durationInMinutes: 90, basePrice: 50, date: '2025-02-26', startTime: '16:30', …}
availability.service.ts:516 AvailabilityService - Slot válido encontrado: {start: '16:30', end: '18:00', court: 'Pista 1', price: 50}
availability.service.ts:197 AvailabilityService - Calculando precio: {courtName: 'Pista 1', durationInMinutes: 90, basePrice: 50, date: '2025-02-26', startTime: '17:00', …}
availability.service.ts:516 AvailabilityService - Slot válido encontrado: {start: '17:00', end: '18:30', court: 'Pista 1', price: 50}
availability.service.ts:197 AvailabilityService - Calculando precio: {courtName: 'Pista 1', durationInMinutes: 90, basePrice: 50, date: '2025-02-26', startTime: '17:30', …}
availability.service.ts:516 AvailabilityService - Slot válido encontrado: {start: '17:30', end: '19:00', court: 'Pista 1', price: 50}
availability.service.ts:197 AvailabilityService - Calculando precio: {courtName: 'Pista 1', durationInMinutes: 90, basePrice: 50, date: '2025-02-26', startTime: '18:00', …}
availability.service.ts:516 AvailabilityService - Slot válido encontrado: {start: '18:00', end: '19:30', court: 'Pista 1', price: 50}
availability.service.ts:197 AvailabilityService - Calculando precio: {courtName: 'Pista 1', durationInMinutes: 90, basePrice: 50, date: '2025-02-26', startTime: '18:30', …}
availability.service.ts:516 AvailabilityService - Slot válido encontrado: {start: '18:30', end: '20:00', court: 'Pista 1', price: 50}
availability.service.ts:197 AvailabilityService - Calculando precio: {courtName: 'Pista 1', durationInMinutes: 90, basePrice: 50, date: '2025-02-26', startTime: '19:00', …}
availability.service.ts:516 AvailabilityService - Slot válido encontrado: {start: '19:00', end: '20:30', court: 'Pista 1', price: 50}
availability.service.ts:197 AvailabilityService - Calculando precio: {courtName: 'Pista 1', durationInMinutes: 90, basePrice: 50, date: '2025-02-26', startTime: '19:30', …}
availability.service.ts:516 AvailabilityService - Slot válido encontrado: {start: '19:30', end: '21:00', court: 'Pista 1', price: 50}
availability.service.ts:197 AvailabilityService - Calculando precio: {courtName: 'Pista 1', durationInMinutes: 90, basePrice: 50, date: '2025-02-26', startTime: '20:00', …}
availability.service.ts:516 AvailabilityService - Slot válido encontrado: {start: '20:00', end: '21:30', court: 'Pista 1', price: 50}
availability.service.ts:197 AvailabilityService - Calculando precio: {courtName: 'Pista 1', durationInMinutes: 90, basePrice: 50, date: '2025-02-26', startTime: '20:30', …}
availability.service.ts:516 AvailabilityService - Slot válido encontrado: {start: '20:30', end: '22:00', court: 'Pista 1', price: 50}
availability.service.ts:533 AvailabilityService - Total slots generados para Pista 1: {totalSlots: 18, durationInMinutes: 90}
availability.service.ts:723 AvailabilityService - Slots generados para Pista 1: (18) [{…}, {…}, {…}, {…}, {…}, {…}, {…}, {…}, {…}, {…}, {…}, {…}, {…}, {…}, {…}, {…}, {…}, {…}]
availability.service.ts:197 AvailabilityService - Calculando precio: {courtName: 'Pista 1', durationInMinutes: 90, basePrice: 50, date: '2025-02-26', startTime: '08:00', …}
availability.service.ts:738 AvailabilityService - Agregando slot con precio: {court: 'Pista 1', start: '08:00', end: '09:30', price: 50, durationInMinutes: 90}
availability.service.ts:197 AvailabilityService - Calculando precio: {courtName: 'Pista 1', durationInMinutes: 90, basePrice: 50, date: '2025-02-26', startTime: '08:30', …}
availability.service.ts:738 AvailabilityService - Agregando slot con precio: {court: 'Pista 1', start: '08:30', end: '10:00', price: 50, durationInMinutes: 90}
availability.service.ts:197 AvailabilityService - Calculando precio: {courtName: 'Pista 1', durationInMinutes: 90, basePrice: 50, date: '2025-02-26', startTime: '09:00', …}
availability.service.ts:738 AvailabilityService - Agregando slot con precio: {court: 'Pista 1', start: '09:00', end: '10:30', price: 50, durationInMinutes: 90}
availability.service.ts:197 AvailabilityService - Calculando precio: {courtName: 'Pista 1', durationInMinutes: 90, basePrice: 50, date: '2025-02-26', startTime: '09:30', …}
availability.service.ts:738 AvailabilityService - Agregando slot con precio: {court: 'Pista 1', start: '09:30', end: '11:00', price: 50, durationInMinutes: 90}
availability.service.ts:197 AvailabilityService - Calculando precio: {courtName: 'Pista 1', durationInMinutes: 90, basePrice: 50, date: '2025-02-26', startTime: '10:00', …}
availability.service.ts:738 AvailabilityService - Agregando slot con precio: {court: 'Pista 1', start: '10:00', end: '11:30', price: 50, durationInMinutes: 90}
availability.service.ts:197 AvailabilityService - Calculando precio: {courtName: 'Pista 1', durationInMinutes: 90, basePrice: 50, date: '2025-02-26', startTime: '10:30', …}
availability.service.ts:738 AvailabilityService - Agregando slot con precio: {court: 'Pista 1', start: '10:30', end: '12:00', price: 50, durationInMinutes: 90}
availability.service.ts:197 AvailabilityService - Calculando precio: {courtName: 'Pista 1', durationInMinutes: 90, basePrice: 50, date: '2025-02-26', startTime: '15:00', …}
availability.service.ts:738 AvailabilityService - Agregando slot con precio: {court: 'Pista 1', start: '15:00', end: '16:30', price: 50, durationInMinutes: 90}
availability.service.ts:197 AvailabilityService - Calculando precio: {courtName: 'Pista 1', durationInMinutes: 90, basePrice: 50, date: '2025-02-26', startTime: '15:30', …}
availability.service.ts:738 AvailabilityService - Agregando slot con precio: {court: 'Pista 1', start: '15:30', end: '17:00', price: 50, durationInMinutes: 90}
availability.service.ts:197 AvailabilityService - Calculando precio: {courtName: 'Pista 1', durationInMinutes: 90, basePrice: 50, date: '2025-02-26', startTime: '16:00', …}
availability.service.ts:738 AvailabilityService - Agregando slot con precio: {court: 'Pista 1', start: '16:00', end: '17:30', price: 50, durationInMinutes: 90}
availability.service.ts:197 AvailabilityService - Calculando precio: {courtName: 'Pista 1', durationInMinutes: 90, basePrice: 50, date: '2025-02-26', startTime: '16:30', …}
availability.service.ts:738 AvailabilityService - Agregando slot con precio: {court: 'Pista 1', start: '16:30', end: '18:00', price: 50, durationInMinutes: 90}
availability.service.ts:197 AvailabilityService - Calculando precio: {courtName: 'Pista 1', durationInMinutes: 90, basePrice: 50, date: '2025-02-26', startTime: '17:00', …}
availability.service.ts:738 AvailabilityService - Agregando slot con precio: {court: 'Pista 1', start: '17:00', end: '18:30', price: 50, durationInMinutes: 90}
availability.service.ts:197 AvailabilityService - Calculando precio: {courtName: 'Pista 1', durationInMinutes: 90, basePrice: 50, date: '2025-02-26', startTime: '17:30', …}
availability.service.ts:738 AvailabilityService - Agregando slot con precio: {court: 'Pista 1', start: '17:30', end: '19:00', price: 50, durationInMinutes: 90}
availability.service.ts:197 AvailabilityService - Calculando precio: {courtName: 'Pista 1', durationInMinutes: 90, basePrice: 50, date: '2025-02-26', startTime: '18:00', …}
availability.service.ts:738 AvailabilityService - Agregando slot con precio: {court: 'Pista 1', start: '18:00', end: '19:30', price: 50, durationInMinutes: 90}
availability.service.ts:197 AvailabilityService - Calculando precio: {courtName: 'Pista 1', durationInMinutes: 90, basePrice: 50, date: '2025-02-26', startTime: '18:30', …}
availability.service.ts:738 AvailabilityService - Agregando slot con precio: {court: 'Pista 1', start: '18:30', end: '20:00', price: 50, durationInMinutes: 90}
availability.service.ts:197 AvailabilityService - Calculando precio: {courtName: 'Pista 1', durationInMinutes: 90, basePrice: 50, date: '2025-02-26', startTime: '19:00', …}
availability.service.ts:738 AvailabilityService - Agregando slot con precio: {court: 'Pista 1', start: '19:00', end: '20:30', price: 50, durationInMinutes: 90}
availability.service.ts:197 AvailabilityService - Calculando precio: {courtName: 'Pista 1', durationInMinutes: 90, basePrice: 50, date: '2025-02-26', startTime: '19:30', …}
availability.service.ts:738 AvailabilityService - Agregando slot con precio: {court: 'Pista 1', start: '19:30', end: '21:00', price: 50, durationInMinutes: 90}
availability.service.ts:197 AvailabilityService - Calculando precio: {courtName: 'Pista 1', durationInMinutes: 90, basePrice: 50, date: '2025-02-26', startTime: '20:00', …}
availability.service.ts:738 AvailabilityService - Agregando slot con precio: {court: 'Pista 1', start: '20:00', end: '21:30', price: 50, durationInMinutes: 90}
availability.service.ts:197 AvailabilityService - Calculando precio: {courtName: 'Pista 1', durationInMinutes: 90, basePrice: 50, date: '2025-02-26', startTime: '20:30', …}
availability.service.ts:738 AvailabilityService - Agregando slot con precio: {court: 'Pista 1', start: '20:30', end: '22:00', price: 50, durationInMinutes: 90}
availability.service.ts:765 AvailabilityService - findAvailableSlots - slots encontrados: {total: 54, slotsConPrecios: Array(54)}
useAvailability.ts:50 useAvailability - Slots obtenidos: {cantidad: 54, params: {…}, primerSlot: {…}}
index.mjs:174 You're attempting to animate multiple children within AnimatePresence, but its mode is set to "wait". This will lead to odd visual behaviour.
AnimatePresence @ index.mjs:174
renderWithHooks @ react-dom.development.js:11121
updateFunctionComponent @ react-dom.development.js:16290
beginWork$1 @ react-dom.development.js:18472
beginWork @ react-dom.development.js:26927
performUnitOfWork @ react-dom.development.js:25748
workLoopSync @ react-dom.development.js:25464
renderRootSync @ react-dom.development.js:25419
performConcurrentWorkOnRoot @ react-dom.development.js:24504
workLoop @ scheduler.development.js:256
flushWork @ scheduler.development.js:225
performWorkUntilDeadline @ scheduler.development.js:534
index.mjs:174 You're attempting to animate multiple children within AnimatePresence, but its mode is set to "wait". This will lead to odd visual behaviour.
AnimatePresence @ index.mjs:174
renderWithHooksAgain @ react-dom.development.js:11272
renderWithHooks @ react-dom.development.js:11135
updateFunctionComponent @ react-dom.development.js:16290
beginWork$1 @ react-dom.development.js:18472
beginWork @ react-dom.development.js:26927
performUnitOfWork @ react-dom.development.js:25748
workLoopSync @ react-dom.development.js:25464
renderRootSync @ react-dom.development.js:25419
performConcurrentWorkOnRoot @ react-dom.development.js:24504
workLoop @ scheduler.development.js:256
flushWork @ scheduler.development.js:225
performWorkUntilDeadline @ scheduler.development.js:534
app-index.js:33 Warning: Encountered two children with the same key, `54aca0f1-2f00-45d4-b662-094defa9c704-2025-02-26-18:00`. Keys should be unique so that components maintain their identity across updates. Non-unique keys may cause children to be duplicated and/or omitted — the behavior is unsupported and could change in a future version.
    at div
    at div
    at div
    at div
    at div
    at div
    at div
    at div
    at div
    at PreviewContainer (webpack-internal:///(app-pages-browser)/./src/components/preview/layout/PreviewContainer.tsx:12:11)
    at ShiftsPreview (webpack-internal:///(app-pages-browser)/./src/components/preview/steps/ShiftsPreview.tsx:331:11)
    at div
    at MotionComponent (webpack-internal:///(app-pages-browser)/./node_modules/framer-motion/dist/es/motion/index.mjs:49:65)
    at PresenceChild (webpack-internal:///(app-pages-browser)/./node_modules/framer-motion/dist/es/components/AnimatePresence/PresenceChild.mjs:15:26)
    at AnimatePresence (webpack-internal:///(app-pages-browser)/./node_modules/framer-motion/dist/es/components/AnimatePresence/index.mjs:72:28)
    at div
    at div
    at div
    at main
    at FormContainer (webpack-internal:///(app-pages-browser)/./src/components/public-form/layout/FormContainer.tsx:15:11)
    at PublicFormContent (webpack-internal:///(app-pages-browser)/./src/components/public-form/layout/PublicFormContent.tsx:23:11)
    at div
    at PublicFormLayout (webpack-internal:///(app-pages-browser)/./src/components/public-form/layout/PublicFormLayout.tsx:18:11)
    at PublicFormContent (webpack-internal:///(app-pages-browser)/./src/components/public-form/PublicFormContent.tsx:22:11)
    at div
    at FormProvider (webpack-internal:///(app-pages-browser)/./src/contexts/FormContext.tsx:100:11)
    at PublicFormPage (webpack-internal:///(app-pages-browser)/./src/app/f/[slug]/page.tsx:29:78)
    at ClientPageRoot (webpack-internal:///(app-pages-browser)/./node_modules/next/dist/client/components/client-page.js:14:11)
    at InnerLayoutRouter (webpack-internal:///(app-pages-browser)/./node_modules/next/dist/client/components/layout-router.js:243:11)
    at RedirectErrorBoundary (webpack-internal:///(app-pages-browser)/./node_modules/next/dist/client/components/redirect-boundary.js:74:9)
    at RedirectBoundary (webpack-internal:///(app-pages-browser)/./node_modules/next/dist/client/components/redirect-boundary.js:82:11)
    at NotFoundBoundary (webpack-internal:///(app-pages-browser)/./node_modules/next/dist/client/components/not-found-boundary.js:84:11)
    at LoadingBoundary (webpack-internal:///(app-pages-browser)/./node_modules/next/dist/client/components/layout-router.js:349:11)
    at ErrorBoundary (webpack-internal:///(app-pages-browser)/./node_modules/next/dist/client/components/error-boundary.js:160:11)
    at InnerScrollAndFocusHandler (webpack-internal:///(app-pages-browser)/./node_modules/next/dist/client/components/layout-router.js:153:9)
    at ScrollAndFocusHandler (webpack-internal:///(app-pages-browser)/./node_modules/next/dist/client/components/layout-router.js:228:11)
    at RenderFromTemplateContext (webpack-internal:///(app-pages-browser)/./node_modules/next/dist/client/components/render-from-template-context.js:16:44)
    at OuterLayoutRouter (webpack-internal:///(app-pages-browser)/./node_modules/next/dist/client/components/layout-router.js:370:11)
    at FormProvider (webpack-internal:///(app-pages-browser)/./src/contexts/FormContext.tsx:100:11)
    at BranchProvider (webpack-internal:///(app-pages-browser)/./src/contexts/BranchContext.tsx:38:11)
    at OrganizationProvider (webpack-internal:///(app-pages-browser)/./src/contexts/OrganizationContext.tsx:47:11)
    at DateProvider (webpack-internal:///(app-pages-browser)/./src/contexts/DateContext.tsx:14:11)
    at AuthProvider (webpack-internal:///(app-pages-browser)/./src/contexts/AuthContext.tsx:46:11)
    at PublicFormLayout (webpack-internal:///(app-pages-browser)/./src/app/f/[slug]/layout.tsx:18:11)
    at InnerLayoutRouter (webpack-internal:///(app-pages-browser)/./node_modules/next/dist/client/components/layout-router.js:243:11)
    at RedirectErrorBoundary (webpack-internal:///(app-pages-browser)/./node_modules/next/dist/client/components/redirect-boundary.js:74:9)
    at RedirectBoundary (webpack-internal:///(app-pages-browser)/./node_modules/next/dist/client/components/redirect-boundary.js:82:11)
    at NotFoundBoundary (webpack-internal:///(app-pages-browser)/./node_modules/next/dist/client/components/not-found-boundary.js:84:11)
    at LoadingBoundary (webpack-internal:///(app-pages-browser)/./node_modules/next/dist/client/components/layout-router.js:349:11)
    at ErrorBoundary (webpack-internal:///(app-pages-browser)/./node_modules/next/dist/client/components/error-boundary.js:160:11)
    at InnerScrollAndFocusHandler (webpack-internal:///(app-pages-browser)/./node_modules/next/dist/client/components/layout-router.js:153:9)
    at ScrollAndFocusHandler (webpack-internal:///(app-pages-browser)/./node_modules/next/dist/client/components/layout-router.js:228:11)
    at RenderFromTemplateContext (webpack-internal:///(app-pages-browser)/./node_modules/next/dist/client/components/render-from-template-context.js:16:44)
    at OuterLayoutRouter (webpack-internal:///(app-pages-browser)/./node_modules/next/dist/client/components/layout-router.js:370:11)
    at InnerLayoutRouter (webpack-internal:///(app-pages-browser)/./node_modules/next/dist/client/components/layout-router.js:243:11)
    at RedirectErrorBoundary (webpack-internal:///(app-pages-browser)/./node_modules/next/dist/client/components/redirect-boundary.js:74:9)
    at RedirectBoundary (webpack-internal:///(app-pages-browser)/./node_modules/next/dist/client/components/redirect-boundary.js:82:11)
    at NotFoundErrorBoundary (webpack-internal:///(app-pages-browser)/./node_modules/next/dist/client/components/not-found-boundary.js:76:9)
    at NotFoundBoundary (webpack-internal:///(app-pages-browser)/./node_modules/next/dist/client/components/not-found-boundary.js:84:11)
    at LoadingBoundary (webpack-internal:///(app-pages-browser)/./node_modules/next/dist/client/components/layout-router.js:349:11)
    at ErrorBoundary (webpack-internal:///(app-pages-browser)/./node_modules/next/dist/client/components/error-boundary.js:160:11)
    at InnerScrollAndFocusHandler (webpack-internal:///(app-pages-browser)/./node_modules/next/dist/client/components/layout-router.js:153:9)
    at ScrollAndFocusHandler (webpack-internal:///(app-pages-browser)/./node_modules/next/dist/client/components/layout-router.js:228:11)
    at RenderFromTemplateContext (webpack-internal:///(app-pages-browser)/./node_modules/next/dist/client/components/render-from-template-context.js:16:44)
    at OuterLayoutRouter (webpack-internal:///(app-pages-browser)/./node_modules/next/dist/client/components/layout-router.js:370:11)
    at FormItemsProvider (webpack-internal:///(app-pages-browser)/./src/contexts/FormItemsContext.tsx:14:11)
    at BranchProvider (webpack-internal:///(app-pages-browser)/./src/contexts/BranchContext.tsx:38:11)
    at OrganizationProvider (webpack-internal:///(app-pages-browser)/./src/contexts/OrganizationContext.tsx:47:11)
    at AuthProvider (webpack-internal:///(app-pages-browser)/./src/contexts/AuthContext.tsx:46:11)
    at QueryClientProvider (webpack-internal:///(app-pages-browser)/./node_modules/@tanstack/react-query/build/modern/QueryClientProvider.js:27:11)
    at Providers (webpack-internal:///(app-pages-browser)/./src/app/providers.tsx:57:11)
    at DateProvider (webpack-internal:///(app-pages-browser)/./src/contexts/DateContext.tsx:14:11)
    at body
    at html
    at RootLayout (Server)
    at RedirectErrorBoundary (webpack-internal:///(app-pages-browser)/./node_modules/next/dist/client/components/redirect-boundary.js:74:9)
    at RedirectBoundary (webpack-internal:///(app-pages-browser)/./node_modules/next/dist/client/components/redirect-boundary.js:82:11)
    at NotFoundErrorBoundary (webpack-internal:///(app-pages-browser)/./node_modules/next/dist/client/components/not-found-boundary.js:76:9)
    at NotFoundBoundary (webpack-internal:///(app-pages-browser)/./node_modules/next/dist/client/components/not-found-boundary.js:84:11)
    at DevRootNotFoundBoundary (webpack-internal:///(app-pages-browser)/./node_modules/next/dist/client/components/dev-root-not-found-boundary.js:33:11)
    at ReactDevOverlay (webpack-internal:///(app-pages-browser)/./node_modules/next/dist/client/components/react-dev-overlay/app/ReactDevOverlay.js:87:9)
    at HotReload (webpack-internal:///(app-pages-browser)/./node_modules/next/dist/client/components/react-dev-overlay/app/hot-reloader-client.js:321:11)
    at Router (webpack-internal:///(app-pages-browser)/./node_modules/next/dist/client/components/app-router.js:207:11)
    at ErrorBoundaryHandler (webpack-internal:///(app-pages-browser)/./node_modules/next/dist/client/components/error-boundary.js:113:9)
    at ErrorBoundary (webpack-internal:///(app-pages-browser)/./node_modules/next/dist/client/components/error-boundary.js:160:11)
    at AppRouter (webpack-internal:///(app-pages-browser)/./node_modules/next/dist/client/components/app-router.js:585:13)
    at ServerRoot (webpack-internal:///(app-pages-browser)/./node_modules/next/dist/client/app-index.js:112:27)
    at Root (webpack-internal:///(app-pages-browser)/./node_modules/next/dist/client/app-index.js:117:11)
window.console.error @ app-index.js:33
console.error @ hydration-error-info.js:63
printWarning @ react-dom.development.js:94
error @ react-dom.development.js:68
warnOnInvalidKey @ react-dom.development.js:9977
reconcileChildrenArray @ react-dom.development.js:10014
reconcileChildFibersImpl @ react-dom.development.js:10515
reconcileChildFibers @ react-dom.development.js:10573
reconcileChildren @ react-dom.development.js:15809
updateHostComponent$1 @ react-dom.development.js:16687
beginWork$1 @ react-dom.development.js:18503
beginWork @ react-dom.development.js:26927
performUnitOfWork @ react-dom.development.js:25748
workLoopSync @ react-dom.development.js:25464
renderRootSync @ react-dom.development.js:25419
performConcurrentWorkOnRoot @ react-dom.development.js:24504
workLoop @ scheduler.development.js:256
flushWork @ scheduler.development.js:225
performWorkUntilDeadline @ scheduler.development.js:534
app-index.js:33 Warning: Encountered two children with the same key, `54aca0f1-2f00-45d4-b662-094defa9c704-2025-02-26-18:30`. Keys should be unique so that components maintain their identity across updates. Non-unique keys may cause children to be duplicated and/or omitted — the behavior is unsupported and could change in a future version.
    at div
    at div
    at div
    at div
    at div
    at div
    at div
    at div
    at div
    at PreviewContainer (webpack-internal:///(app-pages-browser)/./src/components/preview/layout/PreviewContainer.tsx:12:11)
    at ShiftsPreview (webpack-internal:///(app-pages-browser)/./src/components/preview/steps/ShiftsPreview.tsx:331:11)
    at div
    at MotionComponent (webpack-internal:///(app-pages-browser)/./node_modules/framer-motion/dist/es/motion/index.mjs:49:65)
    at PresenceChild (webpack-internal:///(app-pages-browser)/./node_modules/framer-motion/dist/es/components/AnimatePresence/PresenceChild.mjs:15:26)
    at AnimatePresence (webpack-internal:///(app-pages-browser)/./node_modules/framer-motion/dist/es/components/AnimatePresence/index.mjs:72:28)
    at div
    at div
    at div
    at main
    at FormContainer (webpack-internal:///(app-pages-browser)/./src/components/public-form/layout/FormContainer.tsx:15:11)
    at PublicFormContent (webpack-internal:///(app-pages-browser)/./src/components/public-form/layout/PublicFormContent.tsx:23:11)
    at div
    at PublicFormLayout (webpack-internal:///(app-pages-browser)/./src/components/public-form/layout/PublicFormLayout.tsx:18:11)
    at PublicFormContent (webpack-internal:///(app-pages-browser)/./src/components/public-form/PublicFormContent.tsx:22:11)
    at div
    at FormProvider (webpack-internal:///(app-pages-browser)/./src/contexts/FormContext.tsx:100:11)
    at PublicFormPage (webpack-internal:///(app-pages-browser)/./src/app/f/[slug]/page.tsx:29:78)
    at ClientPageRoot (webpack-internal:///(app-pages-browser)/./node_modules/next/dist/client/components/client-page.js:14:11)
    at InnerLayoutRouter (webpack-internal:///(app-pages-browser)/./node_modules/next/dist/client/components/layout-router.js:243:11)
    at RedirectErrorBoundary (webpack-internal:///(app-pages-browser)/./node_modules/next/dist/client/components/redirect-boundary.js:74:9)
    at RedirectBoundary (webpack-internal:///(app-pages-browser)/./node_modules/next/dist/client/components/redirect-boundary.js:82:11)
    at NotFoundBoundary (webpack-internal:///(app-pages-browser)/./node_modules/next/dist/client/components/not-found-boundary.js:84:11)
    at LoadingBoundary (webpack-internal:///(app-pages-browser)/./node_modules/next/dist/client/components/layout-router.js:349:11)
    at ErrorBoundary (webpack-internal:///(app-pages-browser)/./node_modules/next/dist/client/components/error-boundary.js:160:11)
    at InnerScrollAndFocusHandler (webpack-internal:///(app-pages-browser)/./node_modules/next/dist/client/components/layout-router.js:153:9)
    at ScrollAndFocusHandler (webpack-internal:///(app-pages-browser)/./node_modules/next/dist/client/components/layout-router.js:228:11)
    at RenderFromTemplateContext (webpack-internal:///(app-pages-browser)/./node_modules/next/dist/client/components/render-from-template-context.js:16:44)
    at OuterLayoutRouter (webpack-internal:///(app-pages-browser)/./node_modules/next/dist/client/components/layout-router.js:370:11)
    at FormProvider (webpack-internal:///(app-pages-browser)/./src/contexts/FormContext.tsx:100:11)
    at BranchProvider (webpack-internal:///(app-pages-browser)/./src/contexts/BranchContext.tsx:38:11)
    at OrganizationProvider (webpack-internal:///(app-pages-browser)/./src/contexts/OrganizationContext.tsx:47:11)
    at DateProvider (webpack-internal:///(app-pages-browser)/./src/contexts/DateContext.tsx:14:11)
    at AuthProvider (webpack-internal:///(app-pages-browser)/./src/contexts/AuthContext.tsx:46:11)
    at PublicFormLayout (webpack-internal:///(app-pages-browser)/./src/app/f/[slug]/layout.tsx:18:11)
    at InnerLayoutRouter (webpack-internal:///(app-pages-browser)/./node_modules/next/dist/client/components/layout-router.js:243:11)
    at RedirectErrorBoundary (webpack-internal:///(app-pages-browser)/./node_modules/next/dist/client/components/redirect-boundary.js:74:9)
    at RedirectBoundary (webpack-internal:///(app-pages-browser)/./node_modules/next/dist/client/components/redirect-boundary.js:82:11)
    at NotFoundBoundary (webpack-internal:///(app-pages-browser)/./node_modules/next/dist/client/components/not-found-boundary.js:84:11)
    at LoadingBoundary (webpack-internal:///(app-pages-browser)/./node_modules/next/dist/client/components/layout-router.js:349:11)
    at ErrorBoundary (webpack-internal:///(app-pages-browser)/./node_modules/next/dist/client/components/error-boundary.js:160:11)
    at InnerScrollAndFocusHandler (webpack-internal:///(app-pages-browser)/./node_modules/next/dist/client/components/layout-router.js:153:9)
    at ScrollAndFocusHandler (webpack-internal:///(app-pages-browser)/./node_modules/next/dist/client/components/layout-router.js:228:11)
    at RenderFromTemplateContext (webpack-internal:///(app-pages-browser)/./node_modules/next/dist/client/components/render-from-template-context.js:16:44)
    at OuterLayoutRouter (webpack-internal:///(app-pages-browser)/./node_modules/next/dist/client/components/layout-router.js:370:11)
    at InnerLayoutRouter (webpack-internal:///(app-pages-browser)/./node_modules/next/dist/client/components/layout-router.js:243:11)
    at RedirectErrorBoundary (webpack-internal:///(app-pages-browser)/./node_modules/next/dist/client/components/redirect-boundary.js:74:9)
    at RedirectBoundary (webpack-internal:///(app-pages-browser)/./node_modules/next/dist/client/components/redirect-boundary.js:82:11)
    at NotFoundErrorBoundary (webpack-internal:///(app-pages-browser)/./node_modules/next/dist/client/components/not-found-boundary.js:76:9)
    at NotFoundBoundary (webpack-internal:///(app-pages-browser)/./node_modules/next/dist/client/components/not-found-boundary.js:84:11)
    at LoadingBoundary (webpack-internal:///(app-pages-browser)/./node_modules/next/dist/client/components/layout-router.js:349:11)
    at ErrorBoundary (webpack-internal:///(app-pages-browser)/./node_modules/next/dist/client/components/error-boundary.js:160:11)
    at InnerScrollAndFocusHandler (webpack-internal:///(app-pages-browser)/./node_modules/next/dist/client/components/layout-router.js:153:9)
    at ScrollAndFocusHandler (webpack-internal:///(app-pages-browser)/./node_modules/next/dist/client/components/layout-router.js:228:11)
    at RenderFromTemplateContext (webpack-internal:///(app-pages-browser)/./node_modules/next/dist/client/components/render-from-template-context.js:16:44)
    at OuterLayoutRouter (webpack-internal:///(app-pages-browser)/./node_modules/next/dist/client/components/layout-router.js:370:11)
    at FormItemsProvider (webpack-internal:///(app-pages-browser)/./src/contexts/FormItemsContext.tsx:14:11)
    at BranchProvider (webpack-internal:///(app-pages-browser)/./src/contexts/BranchContext.tsx:38:11)
    at OrganizationProvider (webpack-internal:///(app-pages-browser)/./src/contexts/OrganizationContext.tsx:47:11)
    at AuthProvider (webpack-internal:///(app-pages-browser)/./src/contexts/AuthContext.tsx:46:11)
    at QueryClientProvider (webpack-internal:///(app-pages-browser)/./node_modules/@tanstack/react-query/build/modern/QueryClientProvider.js:27:11)
    at Providers (webpack-internal:///(app-pages-browser)/./src/app/providers.tsx:57:11)
    at DateProvider (webpack-internal:///(app-pages-browser)/./src/contexts/DateContext.tsx:14:11)
    at body
    at html
    at RootLayout (Server)
    at RedirectErrorBoundary (webpack-internal:///(app-pages-browser)/./node_modules/next/dist/client/components/redirect-boundary.js:74:9)
    at RedirectBoundary (webpack-internal:///(app-pages-browser)/./node_modules/next/dist/client/components/redirect-boundary.js:82:11)
    at NotFoundErrorBoundary (webpack-internal:///(app-pages-browser)/./node_modules/next/dist/client/components/not-found-boundary.js:76:9)
    at NotFoundBoundary (webpack-internal:///(app-pages-browser)/./node_modules/next/dist/client/components/not-found-boundary.js:84:11)
    at DevRootNotFoundBoundary (webpack-internal:///(app-pages-browser)/./node_modules/next/dist/client/components/dev-root-not-found-boundary.js:33:11)
    at ReactDevOverlay (webpack-internal:///(app-pages-browser)/./node_modules/next/dist/client/components/react-dev-overlay/app/ReactDevOverlay.js:87:9)
    at HotReload (webpack-internal:///(app-pages-browser)/./node_modules/next/dist/client/components/react-dev-overlay/app/hot-reloader-client.js:321:11)
    at Router (webpack-internal:///(app-pages-browser)/./node_modules/next/dist/client/components/app-router.js:207:11)
    at ErrorBoundaryHandler (webpack-internal:///(app-pages-browser)/./node_modules/next/dist/client/components/error-boundary.js:113:9)
    at ErrorBoundary (webpack-internal:///(app-pages-browser)/./node_modules/next/dist/client/components/error-boundary.js:160:11)
    at AppRouter (webpack-internal:///(app-pages-browser)/./node_modules/next/dist/client/components/app-router.js:585:13)
    at ServerRoot (webpack-internal:///(app-pages-browser)/./node_modules/next/dist/client/app-index.js:112:27)
    at Root (webpack-internal:///(app-pages-browser)/./node_modules/next/dist/client/app-index.js:117:11)
window.console.error @ app-index.js:33
console.error @ hydration-error-info.js:63
printWarning @ react-dom.development.js:94
error @ react-dom.development.js:68
warnOnInvalidKey @ react-dom.development.js:9977
reconcileChildrenArray @ react-dom.development.js:10014
reconcileChildFibersImpl @ react-dom.development.js:10515
reconcileChildFibers @ react-dom.development.js:10573
reconcileChildren @ react-dom.development.js:15809
updateHostComponent$1 @ react-dom.development.js:16687
beginWork$1 @ react-dom.development.js:18503
beginWork @ react-dom.development.js:26927
performUnitOfWork @ react-dom.development.js:25748
workLoopSync @ react-dom.development.js:25464
renderRootSync @ react-dom.development.js:25419
performConcurrentWorkOnRoot @ react-dom.development.js:24504
workLoop @ scheduler.development.js:256
flushWork @ scheduler.development.js:225
performWorkUntilDeadline @ scheduler.development.js:534
app-index.js:33 Warning: Encountered two children with the same key, `54aca0f1-2f00-45d4-b662-094defa9c704-2025-02-26-19:00`. Keys should be unique so that components maintain their identity across updates. Non-unique keys may cause children to be duplicated and/or omitted — the behavior is unsupported and could change in a future version.
    at div
    at div
    at div
    at div
    at div
    at div
    at div
    at div
    at div
    at PreviewContainer (webpack-internal:///(app-pages-browser)/./src/components/preview/layout/PreviewContainer.tsx:12:11)
    at ShiftsPreview (webpack-internal:///(app-pages-browser)/./src/components/preview/steps/ShiftsPreview.tsx:331:11)
    at div
    at MotionComponent (webpack-internal:///(app-pages-browser)/./node_modules/framer-motion/dist/es/motion/index.mjs:49:65)
    at PresenceChild (webpack-internal:///(app-pages-browser)/./node_modules/framer-motion/dist/es/components/AnimatePresence/PresenceChild.mjs:15:26)
    at AnimatePresence (webpack-internal:///(app-pages-browser)/./node_modules/framer-motion/dist/es/components/AnimatePresence/index.mjs:72:28)
    at div
    at div
    at div
    at main
    at FormContainer (webpack-internal:///(app-pages-browser)/./src/components/public-form/layout/FormContainer.tsx:15:11)
    at PublicFormContent (webpack-internal:///(app-pages-browser)/./src/components/public-form/layout/PublicFormContent.tsx:23:11)
    at div
    at PublicFormLayout (webpack-internal:///(app-pages-browser)/./src/components/public-form/layout/PublicFormLayout.tsx:18:11)
    at PublicFormContent (webpack-internal:///(app-pages-browser)/./src/components/public-form/PublicFormContent.tsx:22:11)
    at div
    at FormProvider (webpack-internal:///(app-pages-browser)/./src/contexts/FormContext.tsx:100:11)
    at PublicFormPage (webpack-internal:///(app-pages-browser)/./src/app/f/[slug]/page.tsx:29:78)
    at ClientPageRoot (webpack-internal:///(app-pages-browser)/./node_modules/next/dist/client/components/client-page.js:14:11)
    at InnerLayoutRouter (webpack-internal:///(app-pages-browser)/./node_modules/next/dist/client/components/layout-router.js:243:11)
    at RedirectErrorBoundary (webpack-internal:///(app-pages-browser)/./node_modules/next/dist/client/components/redirect-boundary.js:74:9)
    at RedirectBoundary (webpack-internal:///(app-pages-browser)/./node_modules/next/dist/client/components/redirect-boundary.js:82:11)
    at NotFoundBoundary (webpack-internal:///(app-pages-browser)/./node_modules/next/dist/client/components/not-found-boundary.js:84:11)
    at LoadingBoundary (webpack-internal:///(app-pages-browser)/./node_modules/next/dist/client/components/layout-router.js:349:11)
    at ErrorBoundary (webpack-internal:///(app-pages-browser)/./node_modules/next/dist/client/components/error-boundary.js:160:11)
    at InnerScrollAndFocusHandler (webpack-internal:///(app-pages-browser)/./node_modules/next/dist/client/components/layout-router.js:153:9)
    at ScrollAndFocusHandler (webpack-internal:///(app-pages-browser)/./node_modules/next/dist/client/components/layout-router.js:228:11)
    at RenderFromTemplateContext (webpack-internal:///(app-pages-browser)/./node_modules/next/dist/client/components/render-from-template-context.js:16:44)
    at OuterLayoutRouter (webpack-internal:///(app-pages-browser)/./node_modules/next/dist/client/components/layout-router.js:370:11)
    at FormProvider (webpack-internal:///(app-pages-browser)/./src/contexts/FormContext.tsx:100:11)
    at BranchProvider (webpack-internal:///(app-pages-browser)/./src/contexts/BranchContext.tsx:38:11)
    at OrganizationProvider (webpack-internal:///(app-pages-browser)/./src/contexts/OrganizationContext.tsx:47:11)
    at DateProvider (webpack-internal:///(app-pages-browser)/./src/contexts/DateContext.tsx:14:11)
    at AuthProvider (webpack-internal:///(app-pages-browser)/./src/contexts/AuthContext.tsx:46:11)
    at PublicFormLayout (webpack-internal:///(app-pages-browser)/./src/app/f/[slug]/layout.tsx:18:11)
    at InnerLayoutRouter (webpack-internal:///(app-pages-browser)/./node_modules/next/dist/client/components/layout-router.js:243:11)
    at RedirectErrorBoundary (webpack-internal:///(app-pages-browser)/./node_modules/next/dist/client/components/redirect-boundary.js:74:9)
    at RedirectBoundary (webpack-internal:///(app-pages-browser)/./node_modules/next/dist/client/components/redirect-boundary.js:82:11)
    at NotFoundBoundary (webpack-internal:///(app-pages-browser)/./node_modules/next/dist/client/components/not-found-boundary.js:84:11)
    at LoadingBoundary (webpack-internal:///(app-pages-browser)/./node_modules/next/dist/client/components/layout-router.js:349:11)
    at ErrorBoundary (webpack-internal:///(app-pages-browser)/./node_modules/next/dist/client/components/error-boundary.js:160:11)
    at InnerScrollAndFocusHandler (webpack-internal:///(app-pages-browser)/./node_modules/next/dist/client/components/layout-router.js:153:9)
    at ScrollAndFocusHandler (webpack-internal:///(app-pages-browser)/./node_modules/next/dist/client/components/layout-router.js:228:11)
    at RenderFromTemplateContext (webpack-internal:///(app-pages-browser)/./node_modules/next/dist/client/components/render-from-template-context.js:16:44)
    at OuterLayoutRouter (webpack-internal:///(app-pages-browser)/./node_modules/next/dist/client/components/layout-router.js:370:11)
    at InnerLayoutRouter (webpack-internal:///(app-pages-browser)/./node_modules/next/dist/client/components/layout-router.js:243:11)
    at RedirectErrorBoundary (webpack-internal:///(app-pages-browser)/./node_modules/next/dist/client/components/redirect-boundary.js:74:9)
    at RedirectBoundary (webpack-internal:///(app-pages-browser)/./node_modules/next/dist/client/components/redirect-boundary.js:82:11)
    at NotFoundErrorBoundary (webpack-internal:///(app-pages-browser)/./node_modules/next/dist/client/components/not-found-boundary.js:76:9)
    at NotFoundBoundary (webpack-internal:///(app-pages-browser)/./node_modules/next/dist/client/components/not-found-boundary.js:84:11)
    at LoadingBoundary (webpack-internal:///(app-pages-browser)/./node_modules/next/dist/client/components/layout-router.js:349:11)
    at ErrorBoundary (webpack-internal:///(app-pages-browser)/./node_modules/next/dist/client/components/error-boundary.js:160:11)
    at InnerScrollAndFocusHandler (webpack-internal:///(app-pages-browser)/./node_modules/next/dist/client/components/layout-router.js:153:9)
    at ScrollAndFocusHandler (webpack-internal:///(app-pages-browser)/./node_modules/next/dist/client/components/layout-router.js:228:11)
    at RenderFromTemplateContext (webpack-internal:///(app-pages-browser)/./node_modules/next/dist/client/components/render-from-template-context.js:16:44)
    at OuterLayoutRouter (webpack-internal:///(app-pages-browser)/./node_modules/next/dist/client/components/layout-router.js:370:11)
    at FormItemsProvider (webpack-internal:///(app-pages-browser)/./src/contexts/FormItemsContext.tsx:14:11)
    at BranchProvider (webpack-internal:///(app-pages-browser)/./src/contexts/BranchContext.tsx:38:11)
    at OrganizationProvider (webpack-internal:///(app-pages-browser)/./src/contexts/OrganizationContext.tsx:47:11)
    at AuthProvider (webpack-internal:///(app-pages-browser)/./src/contexts/AuthContext.tsx:46:11)
    at QueryClientProvider (webpack-internal:///(app-pages-browser)/./node_modules/@tanstack/react-query/build/modern/QueryClientProvider.js:27:11)
    at Providers (webpack-internal:///(app-pages-browser)/./src/app/providers.tsx:57:11)
    at DateProvider (webpack-internal:///(app-pages-browser)/./src/contexts/DateContext.tsx:14:11)
    at body
    at html
    at RootLayout (Server)
    at RedirectErrorBoundary (webpack-internal:///(app-pages-browser)/./node_modules/next/dist/client/components/redirect-boundary.js:74:9)
    at RedirectBoundary (webpack-internal:///(app-pages-browser)/./node_modules/next/dist/client/components/redirect-boundary.js:82:11)
    at NotFoundErrorBoundary (webpack-internal:///(app-pages-browser)/./node_modules/next/dist/client/components/not-found-boundary.js:76:9)
    at NotFoundBoundary (webpack-internal:///(app-pages-browser)/./node_modules/next/dist/client/components/not-found-boundary.js:84:11)
    at DevRootNotFoundBoundary (webpack-internal:///(app-pages-browser)/./node_modules/next/dist/client/components/dev-root-not-found-boundary.js:33:11)
    at ReactDevOverlay (webpack-internal:///(app-pages-browser)/./node_modules/next/dist/client/components/react-dev-overlay/app/ReactDevOverlay.js:87:9)
    at HotReload (webpack-internal:///(app-pages-browser)/./node_modules/next/dist/client/components/react-dev-overlay/app/hot-reloader-client.js:321:11)
    at Router (webpack-internal:///(app-pages-browser)/./node_modules/next/dist/client/components/app-router.js:207:11)
    at ErrorBoundaryHandler (webpack-internal:///(app-pages-browser)/./node_modules/next/dist/client/components/error-boundary.js:113:9)
    at ErrorBoundary (webpack-internal:///(app-pages-browser)/./node_modules/next/dist/client/components/error-boundary.js:160:11)
    at AppRouter (webpack-internal:///(app-pages-browser)/./node_modules/next/dist/client/components/app-router.js:585:13)
    at ServerRoot (webpack-internal:///(app-pages-browser)/./node_modules/next/dist/client/app-index.js:112:27)
    at Root (webpack-internal:///(app-pages-browser)/./node_modules/next/dist/client/app-index.js:117:11)
window.console.error @ app-index.js:33
console.error @ hydration-error-info.js:63
printWarning @ react-dom.development.js:94
error @ react-dom.development.js:68
warnOnInvalidKey @ react-dom.development.js:9977
reconcileChildrenArray @ react-dom.development.js:10014
reconcileChildFibersImpl @ react-dom.development.js:10515
reconcileChildFibers @ react-dom.development.js:10573
reconcileChildren @ react-dom.development.js:15809
updateHostComponent$1 @ react-dom.development.js:16687
beginWork$1 @ react-dom.development.js:18503
beginWork @ react-dom.development.js:26927
performUnitOfWork @ react-dom.development.js:25748
workLoopSync @ react-dom.development.js:25464
renderRootSync @ react-dom.development.js:25419
performConcurrentWorkOnRoot @ react-dom.development.js:24504
workLoop @ scheduler.development.js:256
flushWork @ scheduler.development.js:225
performWorkUntilDeadline @ scheduler.development.js:534
app-index.js:33 Warning: Encountered two children with the same key, `54aca0f1-2f00-45d4-b662-094defa9c704-2025-02-26-19:30`. Keys should be unique so that components maintain their identity across updates. Non-unique keys may cause children to be duplicated and/or omitted — the behavior is unsupported and could change in a future version.
    at div
    at div
    at div
    at div
    at div
    at div
    at div
    at div
    at div
    at PreviewContainer (webpack-internal:///(app-pages-browser)/./src/components/preview/layout/PreviewContainer.tsx:12:11)
    at ShiftsPreview (webpack-internal:///(app-pages-browser)/./src/components/preview/steps/ShiftsPreview.tsx:331:11)
    at div
    at MotionComponent (webpack-internal:///(app-pages-browser)/./node_modules/framer-motion/dist/es/motion/index.mjs:49:65)
    at PresenceChild (webpack-internal:///(app-pages-browser)/./node_modules/framer-motion/dist/es/components/AnimatePresence/PresenceChild.mjs:15:26)
    at AnimatePresence (webpack-internal:///(app-pages-browser)/./node_modules/framer-motion/dist/es/components/AnimatePresence/index.mjs:72:28)
    at div
    at div
    at div
    at main
    at FormContainer (webpack-internal:///(app-pages-browser)/./src/components/public-form/layout/FormContainer.tsx:15:11)
    at PublicFormContent (webpack-internal:///(app-pages-browser)/./src/components/public-form/layout/PublicFormContent.tsx:23:11)
    at div
    at PublicFormLayout (webpack-internal:///(app-pages-browser)/./src/components/public-form/layout/PublicFormLayout.tsx:18:11)
    at PublicFormContent (webpack-internal:///(app-pages-browser)/./src/components/public-form/PublicFormContent.tsx:22:11)
    at div
    at FormProvider (webpack-internal:///(app-pages-browser)/./src/contexts/FormContext.tsx:100:11)
    at PublicFormPage (webpack-internal:///(app-pages-browser)/./src/app/f/[slug]/page.tsx:29:78)
    at ClientPageRoot (webpack-internal:///(app-pages-browser)/./node_modules/next/dist/client/components/client-page.js:14:11)
    at InnerLayoutRouter (webpack-internal:///(app-pages-browser)/./node_modules/next/dist/client/components/layout-router.js:243:11)
    at RedirectErrorBoundary (webpack-internal:///(app-pages-browser)/./node_modules/next/dist/client/components/redirect-boundary.js:74:9)
    at RedirectBoundary (webpack-internal:///(app-pages-browser)/./node_modules/next/dist/client/components/redirect-boundary.js:82:11)
    at NotFoundBoundary (webpack-internal:///(app-pages-browser)/./node_modules/next/dist/client/components/not-found-boundary.js:84:11)
    at LoadingBoundary (webpack-internal:///(app-pages-browser)/./node_modules/next/dist/client/components/layout-router.js:349:11)
    at ErrorBoundary (webpack-internal:///(app-pages-browser)/./node_modules/next/dist/client/components/error-boundary.js:160:11)
    at InnerScrollAndFocusHandler (webpack-internal:///(app-pages-browser)/./node_modules/next/dist/client/components/layout-router.js:153:9)
    at ScrollAndFocusHandler (webpack-internal:///(app-pages-browser)/./node_modules/next/dist/client/components/layout-router.js:228:11)
    at RenderFromTemplateContext (webpack-internal:///(app-pages-browser)/./node_modules/next/dist/client/components/render-from-template-context.js:16:44)
    at OuterLayoutRouter (webpack-internal:///(app-pages-browser)/./node_modules/next/dist/client/components/layout-router.js:370:11)
    at FormProvider (webpack-internal:///(app-pages-browser)/./src/contexts/FormContext.tsx:100:11)
    at BranchProvider (webpack-internal:///(app-pages-browser)/./src/contexts/BranchContext.tsx:38:11)
    at OrganizationProvider (webpack-internal:///(app-pages-browser)/./src/contexts/OrganizationContext.tsx:47:11)
    at DateProvider (webpack-internal:///(app-pages-browser)/./src/contexts/DateContext.tsx:14:11)
    at AuthProvider (webpack-internal:///(app-pages-browser)/./src/contexts/AuthContext.tsx:46:11)
    at PublicFormLayout (webpack-internal:///(app-pages-browser)/./src/app/f/[slug]/layout.tsx:18:11)
    at InnerLayoutRouter (webpack-internal:///(app-pages-browser)/./node_modules/next/dist/client/components/layout-router.js:243:11)
    at RedirectErrorBoundary (webpack-internal:///(app-pages-browser)/./node_modules/next/dist/client/components/redirect-boundary.js:74:9)
    at RedirectBoundary (webpack-internal:///(app-pages-browser)/./node_modules/next/dist/client/components/redirect-boundary.js:82:11)
    at NotFoundBoundary (webpack-internal:///(app-pages-browser)/./node_modules/next/dist/client/components/not-found-boundary.js:84:11)
    at LoadingBoundary (webpack-internal:///(app-pages-browser)/./node_modules/next/dist/client/components/layout-router.js:349:11)
    at ErrorBoundary (webpack-internal:///(app-pages-browser)/./node_modules/next/dist/client/components/error-boundary.js:160:11)
    at InnerScrollAndFocusHandler (webpack-internal:///(app-pages-browser)/./node_modules/next/dist/client/components/layout-router.js:153:9)
    at ScrollAndFocusHandler (webpack-internal:///(app-pages-browser)/./node_modules/next/dist/client/components/layout-router.js:228:11)
    at RenderFromTemplateContext (webpack-internal:///(app-pages-browser)/./node_modules/next/dist/client/components/render-from-template-context.js:16:44)
    at OuterLayoutRouter (webpack-internal:///(app-pages-browser)/./node_modules/next/dist/client/components/layout-router.js:370:11)
    at InnerLayoutRouter (webpack-internal:///(app-pages-browser)/./node_modules/next/dist/client/components/layout-router.js:243:11)
    at RedirectErrorBoundary (webpack-internal:///(app-pages-browser)/./node_modules/next/dist/client/components/redirect-boundary.js:74:9)
    at RedirectBoundary (webpack-internal:///(app-pages-browser)/./node_modules/next/dist/client/components/redirect-boundary.js:82:11)
    at NotFoundErrorBoundary (webpack-internal:///(app-pages-browser)/./node_modules/next/dist/client/components/not-found-boundary.js:76:9)
    at NotFoundBoundary (webpack-internal:///(app-pages-browser)/./node_modules/next/dist/client/components/not-found-boundary.js:84:11)
    at LoadingBoundary (webpack-internal:///(app-pages-browser)/./node_modules/next/dist/client/components/layout-router.js:349:11)
    at ErrorBoundary (webpack-internal:///(app-pages-browser)/./node_modules/next/dist/client/components/error-boundary.js:160:11)
    at InnerScrollAndFocusHandler (webpack-internal:///(app-pages-browser)/./node_modules/next/dist/client/components/layout-router.js:153:9)
    at ScrollAndFocusHandler (webpack-internal:///(app-pages-browser)/./node_modules/next/dist/client/components/layout-router.js:228:11)
    at RenderFromTemplateContext (webpack-internal:///(app-pages-browser)/./node_modules/next/dist/client/components/render-from-template-context.js:16:44)
    at OuterLayoutRouter (webpack-internal:///(app-pages-browser)/./node_modules/next/dist/client/components/layout-router.js:370:11)
    at FormItemsProvider (webpack-internal:///(app-pages-browser)/./src/contexts/FormItemsContext.tsx:14:11)
    at BranchProvider (webpack-internal:///(app-pages-browser)/./src/contexts/BranchContext.tsx:38:11)
    at OrganizationProvider (webpack-internal:///(app-pages-browser)/./src/contexts/OrganizationContext.tsx:47:11)
    at AuthProvider (webpack-internal:///(app-pages-browser)/./src/contexts/AuthContext.tsx:46:11)
    at QueryClientProvider (webpack-internal:///(app-pages-browser)/./node_modules/@tanstack/react-query/build/modern/QueryClientProvider.js:27:11)
    at Providers (webpack-internal:///(app-pages-browser)/./src/app/providers.tsx:57:11)
    at DateProvider (webpack-internal:///(app-pages-browser)/./src/contexts/DateContext.tsx:14:11)
    at body
    at html
    at RootLayout (Server)
    at RedirectErrorBoundary (webpack-internal:///(app-pages-browser)/./node_modules/next/dist/client/components/redirect-boundary.js:74:9)
    at RedirectBoundary (webpack-internal:///(app-pages-browser)/./node_modules/next/dist/client/components/redirect-boundary.js:82:11)
    at NotFoundErrorBoundary (webpack-internal:///(app-pages-browser)/./node_modules/next/dist/client/components/not-found-boundary.js:76:9)
    at NotFoundBoundary (webpack-internal:///(app-pages-browser)/./node_modules/next/dist/client/components/not-found-boundary.js:84:11)
    at DevRootNotFoundBoundary (webpack-internal:///(app-pages-browser)/./node_modules/next/dist/client/components/dev-root-not-found-boundary.js:33:11)
    at ReactDevOverlay (webpack-internal:///(app-pages-browser)/./node_modules/next/dist/client/components/react-dev-overlay/app/ReactDevOverlay.js:87:9)
    at HotReload (webpack-internal:///(app-pages-browser)/./node_modules/next/dist/client/components/react-dev-overlay/app/hot-reloader-client.js:321:11)
    at Router (webpack-internal:///(app-pages-browser)/./node_modules/next/dist/client/components/app-router.js:207:11)
    at ErrorBoundaryHandler (webpack-internal:///(app-pages-browser)/./node_modules/next/dist/client/components/error-boundary.js:113:9)
    at ErrorBoundary (webpack-internal:///(app-pages-browser)/./node_modules/next/dist/client/components/error-boundary.js:160:11)
    at AppRouter (webpack-internal:///(app-pages-browser)/./node_modules/next/dist/client/components/app-router.js:585:13)
    at ServerRoot (webpack-internal:///(app-pages-browser)/./node_modules/next/dist/client/app-index.js:112:27)
    at Root (webpack-internal:///(app-pages-browser)/./node_modules/next/dist/client/app-index.js:117:11)
window.console.error @ app-index.js:33
console.error @ hydration-error-info.js:63
printWarning @ react-dom.development.js:94
error @ react-dom.development.js:68
warnOnInvalidKey @ react-dom.development.js:9977
reconcileChildrenArray @ react-dom.development.js:10014
reconcileChildFibersImpl @ react-dom.development.js:10515
reconcileChildFibers @ react-dom.development.js:10573
reconcileChildren @ react-dom.development.js:15809
updateHostComponent$1 @ react-dom.development.js:16687
beginWork$1 @ react-dom.development.js:18503
beginWork @ react-dom.development.js:26927
performUnitOfWork @ react-dom.development.js:25748
workLoopSync @ react-dom.development.js:25464
renderRootSync @ react-dom.development.js:25419
performConcurrentWorkOnRoot @ react-dom.development.js:24504
workLoop @ scheduler.development.js:256
flushWork @ scheduler.development.js:225
performWorkUntilDeadline @ scheduler.development.js:534
ShiftsPreview.tsx:418 ShiftsPreview - Estado: {loadingSlots: false, slotsLength: 54, error: null, params: {…}}
preview-to-public.ts:205 [StepType] Normalizando tipo: {original: 'court', systemType: 'shifts', hasMapping: true}
preview-to-public.ts:205 [StepType] Normalizando tipo: {original: 'court', systemType: 'shifts', hasMapping: true}
PublicFormLayout.tsx:42 [PublicFormLayout] Renderizando con: {currentStep: 1, fieldType: 'court', slug: 'formulario-03', isNextDisabled: false, showNextButton: false, …}
PublicFormLayout.tsx:42 [PublicFormLayout] Renderizando con: {currentStep: 1, fieldType: 'court', slug: 'formulario-03', isNextDisabled: false, showNextButton: false, …}
preview-to-public.ts:205 [StepType] Normalizando tipo: {original: 'shifts', systemType: 'shifts', hasMapping: false}
preview-to-public.ts:261 [ComponentMapper] Mapeando componente: {originalType: 'shifts', systemType: 'shifts', availableTypes: Array(6)}
preview-to-public.ts:274 [ComponentMapper] Componente encontrado: {originalType: 'shifts', systemType: 'shifts', component: 'ShiftsPreview'}
preview-to-public.ts:205 [StepType] Normalizando tipo: {original: 'shifts', systemType: 'shifts', hasMapping: false}
preview-to-public.ts:261 [ComponentMapper] Mapeando componente: {originalType: 'shifts', systemType: 'shifts', availableTypes: Array(6)}
preview-to-public.ts:274 [ComponentMapper] Componente encontrado: {originalType: 'shifts', systemType: 'shifts', component: 'ShiftsPreview'}
index.mjs:174 You're attempting to animate multiple children within AnimatePresence, but its mode is set to "wait". This will lead to odd visual behaviour.
AnimatePresence @ index.mjs:174
renderWithHooks @ react-dom.development.js:11121
updateFunctionComponent @ react-dom.development.js:16290
beginWork$1 @ react-dom.development.js:18472
beginWork @ react-dom.development.js:26927
performUnitOfWork @ react-dom.development.js:25748
workLoopSync @ react-dom.development.js:25464
renderRootSync @ react-dom.development.js:25419
performSyncWorkOnRoot @ react-dom.development.js:24887
flushSyncWorkAcrossRoots_impl @ react-dom.development.js:7758
flushSyncWorkOnAllRoots @ react-dom.development.js:7718
processRootScheduleInMicrotask @ react-dom.development.js:7863
eval @ react-dom.development.js:8034
index.mjs:174 You're attempting to animate multiple children within AnimatePresence, but its mode is set to "wait". This will lead to odd visual behaviour.
AnimatePresence @ index.mjs:174
renderWithHooksAgain @ react-dom.development.js:11272
renderWithHooks @ react-dom.development.js:11135
updateFunctionComponent @ react-dom.development.js:16290
beginWork$1 @ react-dom.development.js:18472
beginWork @ react-dom.development.js:26927
performUnitOfWork @ react-dom.development.js:25748
workLoopSync @ react-dom.development.js:25464
renderRootSync @ react-dom.development.js:25419
performSyncWorkOnRoot @ react-dom.development.js:24887
flushSyncWorkAcrossRoots_impl @ react-dom.development.js:7758
flushSyncWorkOnAllRoots @ react-dom.development.js:7718
processRootScheduleInMicrotask @ react-dom.development.js:7863
eval @ react-dom.development.js:8034
app-index.js:33 Warning: Encountered two children with the same key, `54aca0f1-2f00-45d4-b662-094defa9c704-2025-02-26-18:00`. Keys should be unique so that components maintain their identity across updates. Non-unique keys may cause children to be duplicated and/or omitted — the behavior is unsupported and could change in a future version.
    at div
    at div
    at div
    at div
    at div
    at div
    at div
    at div
    at div
    at PreviewContainer (webpack-internal:///(app-pages-browser)/./src/components/preview/layout/PreviewContainer.tsx:12:11)
    at ShiftsPreview (webpack-internal:///(app-pages-browser)/./src/components/preview/steps/ShiftsPreview.tsx:331:11)
    at div
    at MotionComponent (webpack-internal:///(app-pages-browser)/./node_modules/framer-motion/dist/es/motion/index.mjs:49:65)
    at PresenceChild (webpack-internal:///(app-pages-browser)/./node_modules/framer-motion/dist/es/components/AnimatePresence/PresenceChild.mjs:15:26)
    at AnimatePresence (webpack-internal:///(app-pages-browser)/./node_modules/framer-motion/dist/es/components/AnimatePresence/index.mjs:72:28)
    at div
    at div
    at div
    at main
    at FormContainer (webpack-internal:///(app-pages-browser)/./src/components/public-form/layout/FormContainer.tsx:15:11)
    at PublicFormContent (webpack-internal:///(app-pages-browser)/./src/components/public-form/layout/PublicFormContent.tsx:23:11)
    at div
    at PublicFormLayout (webpack-internal:///(app-pages-browser)/./src/components/public-form/layout/PublicFormLayout.tsx:18:11)
    at PublicFormContent (webpack-internal:///(app-pages-browser)/./src/components/public-form/PublicFormContent.tsx:22:11)
    at div
    at FormProvider (webpack-internal:///(app-pages-browser)/./src/contexts/FormContext.tsx:100:11)
    at PublicFormPage (webpack-internal:///(app-pages-browser)/./src/app/f/[slug]/page.tsx:29:78)
    at ClientPageRoot (webpack-internal:///(app-pages-browser)/./node_modules/next/dist/client/components/client-page.js:14:11)
    at InnerLayoutRouter (webpack-internal:///(app-pages-browser)/./node_modules/next/dist/client/components/layout-router.js:243:11)
    at RedirectErrorBoundary (webpack-internal:///(app-pages-browser)/./node_modules/next/dist/client/components/redirect-boundary.js:74:9)
    at RedirectBoundary (webpack-internal:///(app-pages-browser)/./node_modules/next/dist/client/components/redirect-boundary.js:82:11)
    at NotFoundBoundary (webpack-internal:///(app-pages-browser)/./node_modules/next/dist/client/components/not-found-boundary.js:84:11)
    at LoadingBoundary (webpack-internal:///(app-pages-browser)/./node_modules/next/dist/client/components/layout-router.js:349:11)
    at ErrorBoundary (webpack-internal:///(app-pages-browser)/./node_modules/next/dist/client/components/error-boundary.js:160:11)
    at InnerScrollAndFocusHandler (webpack-internal:///(app-pages-browser)/./node_modules/next/dist/client/components/layout-router.js:153:9)
    at ScrollAndFocusHandler (webpack-internal:///(app-pages-browser)/./node_modules/next/dist/client/components/layout-router.js:228:11)
    at RenderFromTemplateContext (webpack-internal:///(app-pages-browser)/./node_modules/next/dist/client/components/render-from-template-context.js:16:44)
    at OuterLayoutRouter (webpack-internal:///(app-pages-browser)/./node_modules/next/dist/client/components/layout-router.js:370:11)
    at FormProvider (webpack-internal:///(app-pages-browser)/./src/contexts/FormContext.tsx:100:11)
    at BranchProvider (webpack-internal:///(app-pages-browser)/./src/contexts/BranchContext.tsx:38:11)
    at OrganizationProvider (webpack-internal:///(app-pages-browser)/./src/contexts/OrganizationContext.tsx:47:11)
    at DateProvider (webpack-internal:///(app-pages-browser)/./src/contexts/DateContext.tsx:14:11)
    at AuthProvider (webpack-internal:///(app-pages-browser)/./src/contexts/AuthContext.tsx:46:11)
    at PublicFormLayout (webpack-internal:///(app-pages-browser)/./src/app/f/[slug]/layout.tsx:18:11)
    at InnerLayoutRouter (webpack-internal:///(app-pages-browser)/./node_modules/next/dist/client/components/layout-router.js:243:11)
    at RedirectErrorBoundary (webpack-internal:///(app-pages-browser)/./node_modules/next/dist/client/components/redirect-boundary.js:74:9)
    at RedirectBoundary (webpack-internal:///(app-pages-browser)/./node_modules/next/dist/client/components/redirect-boundary.js:82:11)
    at NotFoundBoundary (webpack-internal:///(app-pages-browser)/./node_modules/next/dist/client/components/not-found-boundary.js:84:11)
    at LoadingBoundary (webpack-internal:///(app-pages-browser)/./node_modules/next/dist/client/components/layout-router.js:349:11)
    at ErrorBoundary (webpack-internal:///(app-pages-browser)/./node_modules/next/dist/client/components/error-boundary.js:160:11)
    at InnerScrollAndFocusHandler (webpack-internal:///(app-pages-browser)/./node_modules/next/dist/client/components/layout-router.js:153:9)
    at ScrollAndFocusHandler (webpack-internal:///(app-pages-browser)/./node_modules/next/dist/client/components/layout-router.js:228:11)
    at RenderFromTemplateContext (webpack-internal:///(app-pages-browser)/./node_modules/next/dist/client/components/render-from-template-context.js:16:44)
    at OuterLayoutRouter (webpack-internal:///(app-pages-browser)/./node_modules/next/dist/client/components/layout-router.js:370:11)
    at InnerLayoutRouter (webpack-internal:///(app-pages-browser)/./node_modules/next/dist/client/components/layout-router.js:243:11)
    at RedirectErrorBoundary (webpack-internal:///(app-pages-browser)/./node_modules/next/dist/client/components/redirect-boundary.js:74:9)
    at RedirectBoundary (webpack-internal:///(app-pages-browser)/./node_modules/next/dist/client/components/redirect-boundary.js:82:11)
    at NotFoundErrorBoundary (webpack-internal:///(app-pages-browser)/./node_modules/next/dist/client/components/not-found-boundary.js:76:9)
    at NotFoundBoundary (webpack-internal:///(app-pages-browser)/./node_modules/next/dist/client/components/not-found-boundary.js:84:11)
    at LoadingBoundary (webpack-internal:///(app-pages-browser)/./node_modules/next/dist/client/components/layout-router.js:349:11)
    at ErrorBoundary (webpack-internal:///(app-pages-browser)/./node_modules/next/dist/client/components/error-boundary.js:160:11)
    at InnerScrollAndFocusHandler (webpack-internal:///(app-pages-browser)/./node_modules/next/dist/client/components/layout-router.js:153:9)
    at ScrollAndFocusHandler (webpack-internal:///(app-pages-browser)/./node_modules/next/dist/client/components/layout-router.js:228:11)
    at RenderFromTemplateContext (webpack-internal:///(app-pages-browser)/./node_modules/next/dist/client/components/render-from-template-context.js:16:44)
    at OuterLayoutRouter (webpack-internal:///(app-pages-browser)/./node_modules/next/dist/client/components/layout-router.js:370:11)
    at FormItemsProvider (webpack-internal:///(app-pages-browser)/./src/contexts/FormItemsContext.tsx:14:11)
    at BranchProvider (webpack-internal:///(app-pages-browser)/./src/contexts/BranchContext.tsx:38:11)
    at OrganizationProvider (webpack-internal:///(app-pages-browser)/./src/contexts/OrganizationContext.tsx:47:11)
    at AuthProvider (webpack-internal:///(app-pages-browser)/./src/contexts/AuthContext.tsx:46:11)
    at QueryClientProvider (webpack-internal:///(app-pages-browser)/./node_modules/@tanstack/react-query/build/modern/QueryClientProvider.js:27:11)
    at Providers (webpack-internal:///(app-pages-browser)/./src/app/providers.tsx:57:11)
    at DateProvider (webpack-internal:///(app-pages-browser)/./src/contexts/DateContext.tsx:14:11)
    at body
    at html
    at RootLayout (Server)
    at RedirectErrorBoundary (webpack-internal:///(app-pages-browser)/./node_modules/next/dist/client/components/redirect-boundary.js:74:9)
    at RedirectBoundary (webpack-internal:///(app-pages-browser)/./node_modules/next/dist/client/components/redirect-boundary.js:82:11)
    at NotFoundErrorBoundary (webpack-internal:///(app-pages-browser)/./node_modules/next/dist/client/components/not-found-boundary.js:76:9)
    at NotFoundBoundary (webpack-internal:///(app-pages-browser)/./node_modules/next/dist/client/components/not-found-boundary.js:84:11)
    at DevRootNotFoundBoundary (webpack-internal:///(app-pages-browser)/./node_modules/next/dist/client/components/dev-root-not-found-boundary.js:33:11)
    at ReactDevOverlay (webpack-internal:///(app-pages-browser)/./node_modules/next/dist/client/components/react-dev-overlay/app/ReactDevOverlay.js:87:9)
    at HotReload (webpack-internal:///(app-pages-browser)/./node_modules/next/dist/client/components/react-dev-overlay/app/hot-reloader-client.js:321:11)
    at Router (webpack-internal:///(app-pages-browser)/./node_modules/next/dist/client/components/app-router.js:207:11)
    at ErrorBoundaryHandler (webpack-internal:///(app-pages-browser)/./node_modules/next/dist/client/components/error-boundary.js:113:9)
    at ErrorBoundary (webpack-internal:///(app-pages-browser)/./node_modules/next/dist/client/components/error-boundary.js:160:11)
    at AppRouter (webpack-internal:///(app-pages-browser)/./node_modules/next/dist/client/components/app-router.js:585:13)
    at ServerRoot (webpack-internal:///(app-pages-browser)/./node_modules/next/dist/client/app-index.js:112:27)
    at Root (webpack-internal:///(app-pages-browser)/./node_modules/next/dist/client/app-index.js:117:11)
window.console.error @ app-index.js:33
console.error @ hydration-error-info.js:63
printWarning @ react-dom.development.js:94
error @ react-dom.development.js:68
warnOnInvalidKey @ react-dom.development.js:9977
reconcileChildrenArray @ react-dom.development.js:10014
reconcileChildFibersImpl @ react-dom.development.js:10515
reconcileChildFibers @ react-dom.development.js:10573
reconcileChildren @ react-dom.development.js:15809
updateHostComponent$1 @ react-dom.development.js:16687
beginWork$1 @ react-dom.development.js:18503
beginWork @ react-dom.development.js:26927
performUnitOfWork @ react-dom.development.js:25748
workLoopSync @ react-dom.development.js:25464
renderRootSync @ react-dom.development.js:25419
performSyncWorkOnRoot @ react-dom.development.js:24887
flushSyncWorkAcrossRoots_impl @ react-dom.development.js:7758
flushSyncWorkOnAllRoots @ react-dom.development.js:7718
processRootScheduleInMicrotask @ react-dom.development.js:7863
eval @ react-dom.development.js:8034
app-index.js:33 Warning: Encountered two children with the same key, `54aca0f1-2f00-45d4-b662-094defa9c704-2025-02-26-18:30`. Keys should be unique so that components maintain their identity across updates. Non-unique keys may cause children to be duplicated and/or omitted — the behavior is unsupported and could change in a future version.
    at div
    at div
    at div
    at div
    at div
    at div
    at div
    at div
    at div
    at PreviewContainer (webpack-internal:///(app-pages-browser)/./src/components/preview/layout/PreviewContainer.tsx:12:11)
    at ShiftsPreview (webpack-internal:///(app-pages-browser)/./src/components/preview/steps/ShiftsPreview.tsx:331:11)
    at div
    at MotionComponent (webpack-internal:///(app-pages-browser)/./node_modules/framer-motion/dist/es/motion/index.mjs:49:65)
    at PresenceChild (webpack-internal:///(app-pages-browser)/./node_modules/framer-motion/dist/es/components/AnimatePresence/PresenceChild.mjs:15:26)
    at AnimatePresence (webpack-internal:///(app-pages-browser)/./node_modules/framer-motion/dist/es/components/AnimatePresence/index.mjs:72:28)
    at div
    at div
    at div
    at main
    at FormContainer (webpack-internal:///(app-pages-browser)/./src/components/public-form/layout/FormContainer.tsx:15:11)
    at PublicFormContent (webpack-internal:///(app-pages-browser)/./src/components/public-form/layout/PublicFormContent.tsx:23:11)
    at div
    at PublicFormLayout (webpack-internal:///(app-pages-browser)/./src/components/public-form/layout/PublicFormLayout.tsx:18:11)
    at PublicFormContent (webpack-internal:///(app-pages-browser)/./src/components/public-form/PublicFormContent.tsx:22:11)
    at div
    at FormProvider (webpack-internal:///(app-pages-browser)/./src/contexts/FormContext.tsx:100:11)
    at PublicFormPage (webpack-internal:///(app-pages-browser)/./src/app/f/[slug]/page.tsx:29:78)
    at ClientPageRoot (webpack-internal:///(app-pages-browser)/./node_modules/next/dist/client/components/client-page.js:14:11)
    at InnerLayoutRouter (webpack-internal:///(app-pages-browser)/./node_modules/next/dist/client/components/layout-router.js:243:11)
    at RedirectErrorBoundary (webpack-internal:///(app-pages-browser)/./node_modules/next/dist/client/components/redirect-boundary.js:74:9)
    at RedirectBoundary (webpack-internal:///(app-pages-browser)/./node_modules/next/dist/client/components/redirect-boundary.js:82:11)
    at NotFoundBoundary (webpack-internal:///(app-pages-browser)/./node_modules/next/dist/client/components/not-found-boundary.js:84:11)
    at LoadingBoundary (webpack-internal:///(app-pages-browser)/./node_modules/next/dist/client/components/layout-router.js:349:11)
    at ErrorBoundary (webpack-internal:///(app-pages-browser)/./node_modules/next/dist/client/components/error-boundary.js:160:11)
    at InnerScrollAndFocusHandler (webpack-internal:///(app-pages-browser)/./node_modules/next/dist/client/components/layout-router.js:153:9)
    at ScrollAndFocusHandler (webpack-internal:///(app-pages-browser)/./node_modules/next/dist/client/components/layout-router.js:228:11)
    at RenderFromTemplateContext (webpack-internal:///(app-pages-browser)/./node_modules/next/dist/client/components/render-from-template-context.js:16:44)
    at OuterLayoutRouter (webpack-internal:///(app-pages-browser)/./node_modules/next/dist/client/components/layout-router.js:370:11)
    at FormProvider (webpack-internal:///(app-pages-browser)/./src/contexts/FormContext.tsx:100:11)
    at BranchProvider (webpack-internal:///(app-pages-browser)/./src/contexts/BranchContext.tsx:38:11)
    at OrganizationProvider (webpack-internal:///(app-pages-browser)/./src/contexts/OrganizationContext.tsx:47:11)
    at DateProvider (webpack-internal:///(app-pages-browser)/./src/contexts/DateContext.tsx:14:11)
    at AuthProvider (webpack-internal:///(app-pages-browser)/./src/contexts/AuthContext.tsx:46:11)
    at PublicFormLayout (webpack-internal:///(app-pages-browser)/./src/app/f/[slug]/layout.tsx:18:11)
    at InnerLayoutRouter (webpack-internal:///(app-pages-browser)/./node_modules/next/dist/client/components/layout-router.js:243:11)
    at RedirectErrorBoundary (webpack-internal:///(app-pages-browser)/./node_modules/next/dist/client/components/redirect-boundary.js:74:9)
    at RedirectBoundary (webpack-internal:///(app-pages-browser)/./node_modules/next/dist/client/components/redirect-boundary.js:82:11)
    at NotFoundBoundary (webpack-internal:///(app-pages-browser)/./node_modules/next/dist/client/components/not-found-boundary.js:84:11)
    at LoadingBoundary (webpack-internal:///(app-pages-browser)/./node_modules/next/dist/client/components/layout-router.js:349:11)
    at ErrorBoundary (webpack-internal:///(app-pages-browser)/./node_modules/next/dist/client/components/error-boundary.js:160:11)
    at InnerScrollAndFocusHandler (webpack-internal:///(app-pages-browser)/./node_modules/next/dist/client/components/layout-router.js:153:9)
    at ScrollAndFocusHandler (webpack-internal:///(app-pages-browser)/./node_modules/next/dist/client/components/layout-router.js:228:11)
    at RenderFromTemplateContext (webpack-internal:///(app-pages-browser)/./node_modules/next/dist/client/components/render-from-template-context.js:16:44)
    at OuterLayoutRouter (webpack-internal:///(app-pages-browser)/./node_modules/next/dist/client/components/layout-router.js:370:11)
    at InnerLayoutRouter (webpack-internal:///(app-pages-browser)/./node_modules/next/dist/client/components/layout-router.js:243:11)
    at RedirectErrorBoundary (webpack-internal:///(app-pages-browser)/./node_modules/next/dist/client/components/redirect-boundary.js:74:9)
    at RedirectBoundary (webpack-internal:///(app-pages-browser)/./node_modules/next/dist/client/components/redirect-boundary.js:82:11)
    at NotFoundErrorBoundary (webpack-internal:///(app-pages-browser)/./node_modules/next/dist/client/components/not-found-boundary.js:76:9)
    at NotFoundBoundary (webpack-internal:///(app-pages-browser)/./node_modules/next/dist/client/components/not-found-boundary.js:84:11)
    at LoadingBoundary (webpack-internal:///(app-pages-browser)/./node_modules/next/dist/client/components/layout-router.js:349:11)
    at ErrorBoundary (webpack-internal:///(app-pages-browser)/./node_modules/next/dist/client/components/error-boundary.js:160:11)
    at InnerScrollAndFocusHandler (webpack-internal:///(app-pages-browser)/./node_modules/next/dist/client/components/layout-router.js:153:9)
    at ScrollAndFocusHandler (webpack-internal:///(app-pages-browser)/./node_modules/next/dist/client/components/layout-router.js:228:11)
    at RenderFromTemplateContext (webpack-internal:///(app-pages-browser)/./node_modules/next/dist/client/components/render-from-template-context.js:16:44)
    at OuterLayoutRouter (webpack-internal:///(app-pages-browser)/./node_modules/next/dist/client/components/layout-router.js:370:11)
    at FormItemsProvider (webpack-internal:///(app-pages-browser)/./src/contexts/FormItemsContext.tsx:14:11)
    at BranchProvider (webpack-internal:///(app-pages-browser)/./src/contexts/BranchContext.tsx:38:11)
    at OrganizationProvider (webpack-internal:///(app-pages-browser)/./src/contexts/OrganizationContext.tsx:47:11)
    at AuthProvider (webpack-internal:///(app-pages-browser)/./src/contexts/AuthContext.tsx:46:11)
    at QueryClientProvider (webpack-internal:///(app-pages-browser)/./node_modules/@tanstack/react-query/build/modern/QueryClientProvider.js:27:11)
    at Providers (webpack-internal:///(app-pages-browser)/./src/app/providers.tsx:57:11)
    at DateProvider (webpack-internal:///(app-pages-browser)/./src/contexts/DateContext.tsx:14:11)
    at body
    at html
    at RootLayout (Server)
    at RedirectErrorBoundary (webpack-internal:///(app-pages-browser)/./node_modules/next/dist/client/components/redirect-boundary.js:74:9)
    at RedirectBoundary (webpack-internal:///(app-pages-browser)/./node_modules/next/dist/client/components/redirect-boundary.js:82:11)
    at NotFoundErrorBoundary (webpack-internal:///(app-pages-browser)/./node_modules/next/dist/client/components/not-found-boundary.js:76:9)
    at NotFoundBoundary (webpack-internal:///(app-pages-browser)/./node_modules/next/dist/client/components/not-found-boundary.js:84:11)
    at DevRootNotFoundBoundary (webpack-internal:///(app-pages-browser)/./node_modules/next/dist/client/components/dev-root-not-found-boundary.js:33:11)
    at ReactDevOverlay (webpack-internal:///(app-pages-browser)/./node_modules/next/dist/client/components/react-dev-overlay/app/ReactDevOverlay.js:87:9)
    at HotReload (webpack-internal:///(app-pages-browser)/./node_modules/next/dist/client/components/react-dev-overlay/app/hot-reloader-client.js:321:11)
    at Router (webpack-internal:///(app-pages-browser)/./node_modules/next/dist/client/components/app-router.js:207:11)
    at ErrorBoundaryHandler (webpack-internal:///(app-pages-browser)/./node_modules/next/dist/client/components/error-boundary.js:113:9)
    at ErrorBoundary (webpack-internal:///(app-pages-browser)/./node_modules/next/dist/client/components/error-boundary.js:160:11)
    at AppRouter (webpack-internal:///(app-pages-browser)/./node_modules/next/dist/client/components/app-router.js:585:13)
    at ServerRoot (webpack-internal:///(app-pages-browser)/./node_modules/next/dist/client/app-index.js:112:27)
    at Root (webpack-internal:///(app-pages-browser)/./node_modules/next/dist/client/app-index.js:117:11)
window.console.error @ app-index.js:33
console.error @ hydration-error-info.js:63
printWarning @ react-dom.development.js:94
error @ react-dom.development.js:68
warnOnInvalidKey @ react-dom.development.js:9977
reconcileChildrenArray @ react-dom.development.js:10014
reconcileChildFibersImpl @ react-dom.development.js:10515
reconcileChildFibers @ react-dom.development.js:10573
reconcileChildren @ react-dom.development.js:15809
updateHostComponent$1 @ react-dom.development.js:16687
beginWork$1 @ react-dom.development.js:18503
beginWork @ react-dom.development.js:26927
performUnitOfWork @ react-dom.development.js:25748
workLoopSync @ react-dom.development.js:25464
renderRootSync @ react-dom.development.js:25419
performSyncWorkOnRoot @ react-dom.development.js:24887
flushSyncWorkAcrossRoots_impl @ react-dom.development.js:7758
flushSyncWorkOnAllRoots @ react-dom.development.js:7718
processRootScheduleInMicrotask @ react-dom.development.js:7863
eval @ react-dom.development.js:8034
app-index.js:33 Warning: Encountered two children with the same key, `54aca0f1-2f00-45d4-b662-094defa9c704-2025-02-26-19:00`. Keys should be unique so that components maintain their identity across updates. Non-unique keys may cause children to be duplicated and/or omitted — the behavior is unsupported and could change in a future version.
    at div
    at div
    at div
    at div
    at div
    at div
    at div
    at div
    at div
    at PreviewContainer (webpack-internal:///(app-pages-browser)/./src/components/preview/layout/PreviewContainer.tsx:12:11)
    at ShiftsPreview (webpack-internal:///(app-pages-browser)/./src/components/preview/steps/ShiftsPreview.tsx:331:11)
    at div
    at MotionComponent (webpack-internal:///(app-pages-browser)/./node_modules/framer-motion/dist/es/motion/index.mjs:49:65)
    at PresenceChild (webpack-internal:///(app-pages-browser)/./node_modules/framer-motion/dist/es/components/AnimatePresence/PresenceChild.mjs:15:26)
    at AnimatePresence (webpack-internal:///(app-pages-browser)/./node_modules/framer-motion/dist/es/components/AnimatePresence/index.mjs:72:28)
    at div
    at div
    at div
    at main
    at FormContainer (webpack-internal:///(app-pages-browser)/./src/components/public-form/layout/FormContainer.tsx:15:11)
    at PublicFormContent (webpack-internal:///(app-pages-browser)/./src/components/public-form/layout/PublicFormContent.tsx:23:11)
    at div
    at PublicFormLayout (webpack-internal:///(app-pages-browser)/./src/components/public-form/layout/PublicFormLayout.tsx:18:11)
    at PublicFormContent (webpack-internal:///(app-pages-browser)/./src/components/public-form/PublicFormContent.tsx:22:11)
    at div
    at FormProvider (webpack-internal:///(app-pages-browser)/./src/contexts/FormContext.tsx:100:11)
    at PublicFormPage (webpack-internal:///(app-pages-browser)/./src/app/f/[slug]/page.tsx:29:78)
    at ClientPageRoot (webpack-internal:///(app-pages-browser)/./node_modules/next/dist/client/components/client-page.js:14:11)
    at InnerLayoutRouter (webpack-internal:///(app-pages-browser)/./node_modules/next/dist/client/components/layout-router.js:243:11)
    at RedirectErrorBoundary (webpack-internal:///(app-pages-browser)/./node_modules/next/dist/client/components/redirect-boundary.js:74:9)
    at RedirectBoundary (webpack-internal:///(app-pages-browser)/./node_modules/next/dist/client/components/redirect-boundary.js:82:11)
    at NotFoundBoundary (webpack-internal:///(app-pages-browser)/./node_modules/next/dist/client/components/not-found-boundary.js:84:11)
    at LoadingBoundary (webpack-internal:///(app-pages-browser)/./node_modules/next/dist/client/components/layout-router.js:349:11)
    at ErrorBoundary (webpack-internal:///(app-pages-browser)/./node_modules/next/dist/client/components/error-boundary.js:160:11)
    at InnerScrollAndFocusHandler (webpack-internal:///(app-pages-browser)/./node_modules/next/dist/client/components/layout-router.js:153:9)
    at ScrollAndFocusHandler (webpack-internal:///(app-pages-browser)/./node_modules/next/dist/client/components/layout-router.js:228:11)
    at RenderFromTemplateContext (webpack-internal:///(app-pages-browser)/./node_modules/next/dist/client/components/render-from-template-context.js:16:44)
    at OuterLayoutRouter (webpack-internal:///(app-pages-browser)/./node_modules/next/dist/client/components/layout-router.js:370:11)
    at FormProvider (webpack-internal:///(app-pages-browser)/./src/contexts/FormContext.tsx:100:11)
    at BranchProvider (webpack-internal:///(app-pages-browser)/./src/contexts/BranchContext.tsx:38:11)
    at OrganizationProvider (webpack-internal:///(app-pages-browser)/./src/contexts/OrganizationContext.tsx:47:11)
    at DateProvider (webpack-internal:///(app-pages-browser)/./src/contexts/DateContext.tsx:14:11)
    at AuthProvider (webpack-internal:///(app-pages-browser)/./src/contexts/AuthContext.tsx:46:11)
    at PublicFormLayout (webpack-internal:///(app-pages-browser)/./src/app/f/[slug]/layout.tsx:18:11)
    at InnerLayoutRouter (webpack-internal:///(app-pages-browser)/./node_modules/next/dist/client/components/layout-router.js:243:11)
    at RedirectErrorBoundary (webpack-internal:///(app-pages-browser)/./node_modules/next/dist/client/components/redirect-boundary.js:74:9)
    at RedirectBoundary (webpack-internal:///(app-pages-browser)/./node_modules/next/dist/client/components/redirect-boundary.js:82:11)
    at NotFoundBoundary (webpack-internal:///(app-pages-browser)/./node_modules/next/dist/client/components/not-found-boundary.js:84:11)
    at LoadingBoundary (webpack-internal:///(app-pages-browser)/./node_modules/next/dist/client/components/layout-router.js:349:11)
    at ErrorBoundary (webpack-internal:///(app-pages-browser)/./node_modules/next/dist/client/components/error-boundary.js:160:11)
    at InnerScrollAndFocusHandler (webpack-internal:///(app-pages-browser)/./node_modules/next/dist/client/components/layout-router.js:153:9)
    at ScrollAndFocusHandler (webpack-internal:///(app-pages-browser)/./node_modules/next/dist/client/components/layout-router.js:228:11)
    at RenderFromTemplateContext (webpack-internal:///(app-pages-browser)/./node_modules/next/dist/client/components/render-from-template-context.js:16:44)
    at OuterLayoutRouter (webpack-internal:///(app-pages-browser)/./node_modules/next/dist/client/components/layout-router.js:370:11)
    at InnerLayoutRouter (webpack-internal:///(app-pages-browser)/./node_modules/next/dist/client/components/layout-router.js:243:11)
    at RedirectErrorBoundary (webpack-internal:///(app-pages-browser)/./node_modules/next/dist/client/components/redirect-boundary.js:74:9)
    at RedirectBoundary (webpack-internal:///(app-pages-browser)/./node_modules/next/dist/client/components/redirect-boundary.js:82:11)
    at NotFoundErrorBoundary (webpack-internal:///(app-pages-browser)/./node_modules/next/dist/client/components/not-found-boundary.js:76:9)
    at NotFoundBoundary (webpack-internal:///(app-pages-browser)/./node_modules/next/dist/client/components/not-found-boundary.js:84:11)
    at LoadingBoundary (webpack-internal:///(app-pages-browser)/./node_modules/next/dist/client/components/layout-router.js:349:11)
    at ErrorBoundary (webpack-internal:///(app-pages-browser)/./node_modules/next/dist/client/components/error-boundary.js:160:11)
    at InnerScrollAndFocusHandler (webpack-internal:///(app-pages-browser)/./node_modules/next/dist/client/components/layout-router.js:153:9)
    at ScrollAndFocusHandler (webpack-internal:///(app-pages-browser)/./node_modules/next/dist/client/components/layout-router.js:228:11)
    at RenderFromTemplateContext (webpack-internal:///(app-pages-browser)/./node_modules/next/dist/client/components/render-from-template-context.js:16:44)
    at OuterLayoutRouter (webpack-internal:///(app-pages-browser)/./node_modules/next/dist/client/components/layout-router.js:370:11)
    at FormItemsProvider (webpack-internal:///(app-pages-browser)/./src/contexts/FormItemsContext.tsx:14:11)
    at BranchProvider (webpack-internal:///(app-pages-browser)/./src/contexts/BranchContext.tsx:38:11)
    at OrganizationProvider (webpack-internal:///(app-pages-browser)/./src/contexts/OrganizationContext.tsx:47:11)
    at AuthProvider (webpack-internal:///(app-pages-browser)/./src/contexts/AuthContext.tsx:46:11)
    at QueryClientProvider (webpack-internal:///(app-pages-browser)/./node_modules/@tanstack/react-query/build/modern/QueryClientProvider.js:27:11)
    at Providers (webpack-internal:///(app-pages-browser)/./src/app/providers.tsx:57:11)
    at DateProvider (webpack-internal:///(app-pages-browser)/./src/contexts/DateContext.tsx:14:11)
    at body
    at html
    at RootLayout (Server)
    at RedirectErrorBoundary (webpack-internal:///(app-pages-browser)/./node_modules/next/dist/client/components/redirect-boundary.js:74:9)
    at RedirectBoundary (webpack-internal:///(app-pages-browser)/./node_modules/next/dist/client/components/redirect-boundary.js:82:11)
    at NotFoundErrorBoundary (webpack-internal:///(app-pages-browser)/./node_modules/next/dist/client/components/not-found-boundary.js:76:9)
    at NotFoundBoundary (webpack-internal:///(app-pages-browser)/./node_modules/next/dist/client/components/not-found-boundary.js:84:11)
    at DevRootNotFoundBoundary (webpack-internal:///(app-pages-browser)/./node_modules/next/dist/client/components/dev-root-not-found-boundary.js:33:11)
    at ReactDevOverlay (webpack-internal:///(app-pages-browser)/./node_modules/next/dist/client/components/react-dev-overlay/app/ReactDevOverlay.js:87:9)
    at HotReload (webpack-internal:///(app-pages-browser)/./node_modules/next/dist/client/components/react-dev-overlay/app/hot-reloader-client.js:321:11)
    at Router (webpack-internal:///(app-pages-browser)/./node_modules/next/dist/client/components/app-router.js:207:11)
    at ErrorBoundaryHandler (webpack-internal:///(app-pages-browser)/./node_modules/next/dist/client/components/error-boundary.js:113:9)
    at ErrorBoundary (webpack-internal:///(app-pages-browser)/./node_modules/next/dist/client/components/error-boundary.js:160:11)
    at AppRouter (webpack-internal:///(app-pages-browser)/./node_modules/next/dist/client/components/app-router.js:585:13)
    at ServerRoot (webpack-internal:///(app-pages-browser)/./node_modules/next/dist/client/app-index.js:112:27)
    at Root (webpack-internal:///(app-pages-browser)/./node_modules/next/dist/client/app-index.js:117:11)
window.console.error @ app-index.js:33
console.error @ hydration-error-info.js:63
printWarning @ react-dom.development.js:94
error @ react-dom.development.js:68
warnOnInvalidKey @ react-dom.development.js:9977
reconcileChildrenArray @ react-dom.development.js:10014
reconcileChildFibersImpl @ react-dom.development.js:10515
reconcileChildFibers @ react-dom.development.js:10573
reconcileChildren @ react-dom.development.js:15809
updateHostComponent$1 @ react-dom.development.js:16687
beginWork$1 @ react-dom.development.js:18503
beginWork @ react-dom.development.js:26927
performUnitOfWork @ react-dom.development.js:25748
workLoopSync @ react-dom.development.js:25464
renderRootSync @ react-dom.development.js:25419
performSyncWorkOnRoot @ react-dom.development.js:24887
flushSyncWorkAcrossRoots_impl @ react-dom.development.js:7758
flushSyncWorkOnAllRoots @ react-dom.development.js:7718
processRootScheduleInMicrotask @ react-dom.development.js:7863
eval @ react-dom.development.js:8034
app-index.js:33 Warning: Encountered two children with the same key, `54aca0f1-2f00-45d4-b662-094defa9c704-2025-02-26-19:30`. Keys should be unique so that components maintain their identity across updates. Non-unique keys may cause children to be duplicated and/or omitted — the behavior is unsupported and could change in a future version.
    at div
    at div
    at div
    at div
    at div
    at div
    at div
    at div
    at div
    at PreviewContainer (webpack-internal:///(app-pages-browser)/./src/components/preview/layout/PreviewContainer.tsx:12:11)
    at ShiftsPreview (webpack-internal:///(app-pages-browser)/./src/components/preview/steps/ShiftsPreview.tsx:331:11)
    at div
    at MotionComponent (webpack-internal:///(app-pages-browser)/./node_modules/framer-motion/dist/es/motion/index.mjs:49:65)
    at PresenceChild (webpack-internal:///(app-pages-browser)/./node_modules/framer-motion/dist/es/components/AnimatePresence/PresenceChild.mjs:15:26)
    at AnimatePresence (webpack-internal:///(app-pages-browser)/./node_modules/framer-motion/dist/es/components/AnimatePresence/index.mjs:72:28)
    at div
    at div
    at div
    at main
    at FormContainer (webpack-internal:///(app-pages-browser)/./src/components/public-form/layout/FormContainer.tsx:15:11)
    at PublicFormContent (webpack-internal:///(app-pages-browser)/./src/components/public-form/layout/PublicFormContent.tsx:23:11)
    at div
    at PublicFormLayout (webpack-internal:///(app-pages-browser)/./src/components/public-form/layout/PublicFormLayout.tsx:18:11)
    at PublicFormContent (webpack-internal:///(app-pages-browser)/./src/components/public-form/PublicFormContent.tsx:22:11)
    at div
    at FormProvider (webpack-internal:///(app-pages-browser)/./src/contexts/FormContext.tsx:100:11)
    at PublicFormPage (webpack-internal:///(app-pages-browser)/./src/app/f/[slug]/page.tsx:29:78)
    at ClientPageRoot (webpack-internal:///(app-pages-browser)/./node_modules/next/dist/client/components/client-page.js:14:11)
    at InnerLayoutRouter (webpack-internal:///(app-pages-browser)/./node_modules/next/dist/client/components/layout-router.js:243:11)
    at RedirectErrorBoundary (webpack-internal:///(app-pages-browser)/./node_modules/next/dist/client/components/redirect-boundary.js:74:9)
    at RedirectBoundary (webpack-internal:///(app-pages-browser)/./node_modules/next/dist/client/components/redirect-boundary.js:82:11)
    at NotFoundBoundary (webpack-internal:///(app-pages-browser)/./node_modules/next/dist/client/components/not-found-boundary.js:84:11)
    at LoadingBoundary (webpack-internal:///(app-pages-browser)/./node_modules/next/dist/client/components/layout-router.js:349:11)
    at ErrorBoundary (webpack-internal:///(app-pages-browser)/./node_modules/next/dist/client/components/error-boundary.js:160:11)
    at InnerScrollAndFocusHandler (webpack-internal:///(app-pages-browser)/./node_modules/next/dist/client/components/layout-router.js:153:9)
    at ScrollAndFocusHandler (webpack-internal:///(app-pages-browser)/./node_modules/next/dist/client/components/layout-router.js:228:11)
    at RenderFromTemplateContext (webpack-internal:///(app-pages-browser)/./node_modules/next/dist/client/components/render-from-template-context.js:16:44)
    at OuterLayoutRouter (webpack-internal:///(app-pages-browser)/./node_modules/next/dist/client/components/layout-router.js:370:11)
    at FormProvider (webpack-internal:///(app-pages-browser)/./src/contexts/FormContext.tsx:100:11)
    at BranchProvider (webpack-internal:///(app-pages-browser)/./src/contexts/BranchContext.tsx:38:11)
    at OrganizationProvider (webpack-internal:///(app-pages-browser)/./src/contexts/OrganizationContext.tsx:47:11)
    at DateProvider (webpack-internal:///(app-pages-browser)/./src/contexts/DateContext.tsx:14:11)
    at AuthProvider (webpack-internal:///(app-pages-browser)/./src/contexts/AuthContext.tsx:46:11)
    at PublicFormLayout (webpack-internal:///(app-pages-browser)/./src/app/f/[slug]/layout.tsx:18:11)
    at InnerLayoutRouter (webpack-internal:///(app-pages-browser)/./node_modules/next/dist/client/components/layout-router.js:243:11)
    at RedirectErrorBoundary (webpack-internal:///(app-pages-browser)/./node_modules/next/dist/client/components/redirect-boundary.js:74:9)
    at RedirectBoundary (webpack-internal:///(app-pages-browser)/./node_modules/next/dist/client/components/redirect-boundary.js:82:11)
    at NotFoundBoundary (webpack-internal:///(app-pages-browser)/./node_modules/next/dist/client/components/not-found-boundary.js:84:11)
    at LoadingBoundary (webpack-internal:///(app-pages-browser)/./node_modules/next/dist/client/components/layout-router.js:349:11)
    at ErrorBoundary (webpack-internal:///(app-pages-browser)/./node_modules/next/dist/client/components/error-boundary.js:160:11)
    at InnerScrollAndFocusHandler (webpack-internal:///(app-pages-browser)/./node_modules/next/dist/client/components/layout-router.js:153:9)
    at ScrollAndFocusHandler (webpack-internal:///(app-pages-browser)/./node_modules/next/dist/client/components/layout-router.js:228:11)
    at RenderFromTemplateContext (webpack-internal:///(app-pages-browser)/./node_modules/next/dist/client/components/render-from-template-context.js:16:44)
    at OuterLayoutRouter (webpack-internal:///(app-pages-browser)/./node_modules/next/dist/client/components/layout-router.js:370:11)
    at InnerLayoutRouter (webpack-internal:///(app-pages-browser)/./node_modules/next/dist/client/components/layout-router.js:243:11)
    at RedirectErrorBoundary (webpack-internal:///(app-pages-browser)/./node_modules/next/dist/client/components/redirect-boundary.js:74:9)
    at RedirectBoundary (webpack-internal:///(app-pages-browser)/./node_modules/next/dist/client/components/redirect-boundary.js:82:11)
    at NotFoundErrorBoundary (webpack-internal:///(app-pages-browser)/./node_modules/next/dist/client/components/not-found-boundary.js:76:9)
    at NotFoundBoundary (webpack-internal:///(app-pages-browser)/./node_modules/next/dist/client/components/not-found-boundary.js:84:11)
    at LoadingBoundary (webpack-internal:///(app-pages-browser)/./node_modules/next/dist/client/components/layout-router.js:349:11)
    at ErrorBoundary (webpack-internal:///(app-pages-browser)/./node_modules/next/dist/client/components/error-boundary.js:160:11)
    at InnerScrollAndFocusHandler (webpack-internal:///(app-pages-browser)/./node_modules/next/dist/client/components/layout-router.js:153:9)
    at ScrollAndFocusHandler (webpack-internal:///(app-pages-browser)/./node_modules/next/dist/client/components/layout-router.js:228:11)
    at RenderFromTemplateContext (webpack-internal:///(app-pages-browser)/./node_modules/next/dist/client/components/render-from-template-context.js:16:44)
    at OuterLayoutRouter (webpack-internal:///(app-pages-browser)/./node_modules/next/dist/client/components/layout-router.js:370:11)
    at FormItemsProvider (webpack-internal:///(app-pages-browser)/./src/contexts/FormItemsContext.tsx:14:11)
    at BranchProvider (webpack-internal:///(app-pages-browser)/./src/contexts/BranchContext.tsx:38:11)
    at OrganizationProvider (webpack-internal:///(app-pages-browser)/./src/contexts/OrganizationContext.tsx:47:11)
    at AuthProvider (webpack-internal:///(app-pages-browser)/./src/contexts/AuthContext.tsx:46:11)
    at QueryClientProvider (webpack-internal:///(app-pages-browser)/./node_modules/@tanstack/react-query/build/modern/QueryClientProvider.js:27:11)
    at Providers (webpack-internal:///(app-pages-browser)/./src/app/providers.tsx:57:11)
    at DateProvider (webpack-internal:///(app-pages-browser)/./src/contexts/DateContext.tsx:14:11)
    at body
    at html
    at RootLayout (Server)
    at RedirectErrorBoundary (webpack-internal:///(app-pages-browser)/./node_modules/next/dist/client/components/redirect-boundary.js:74:9)
    at RedirectBoundary (webpack-internal:///(app-pages-browser)/./node_modules/next/dist/client/components/redirect-boundary.js:82:11)
    at NotFoundErrorBoundary (webpack-internal:///(app-pages-browser)/./node_modules/next/dist/client/components/not-found-boundary.js:76:9)
    at NotFoundBoundary (webpack-internal:///(app-pages-browser)/./node_modules/next/dist/client/components/not-found-boundary.js:84:11)
    at DevRootNotFoundBoundary (webpack-internal:///(app-pages-browser)/./node_modules/next/dist/client/components/dev-root-not-found-boundary.js:33:11)
    at ReactDevOverlay (webpack-internal:///(app-pages-browser)/./node_modules/next/dist/client/components/react-dev-overlay/app/ReactDevOverlay.js:87:9)
    at HotReload (webpack-internal:///(app-pages-browser)/./node_modules/next/dist/client/components/react-dev-overlay/app/hot-reloader-client.js:321:11)
    at Router (webpack-internal:///(app-pages-browser)/./node_modules/next/dist/client/components/app-router.js:207:11)
    at ErrorBoundaryHandler (webpack-internal:///(app-pages-browser)/./node_modules/next/dist/client/components/error-boundary.js:113:9)
    at ErrorBoundary (webpack-internal:///(app-pages-browser)/./node_modules/next/dist/client/components/error-boundary.js:160:11)
    at AppRouter (webpack-internal:///(app-pages-browser)/./node_modules/next/dist/client/components/app-router.js:585:13)
    at ServerRoot (webpack-internal:///(app-pages-browser)/./node_modules/next/dist/client/app-index.js:112:27)
    at Root (webpack-internal:///(app-pages-browser)/./node_modules/next/dist/client/app-index.js:117:11)
window.console.error @ app-index.js:33
console.error @ hydration-error-info.js:63
printWarning @ react-dom.development.js:94
error @ react-dom.development.js:68
warnOnInvalidKey @ react-dom.development.js:9977
reconcileChildrenArray @ react-dom.development.js:10014
reconcileChildFibersImpl @ react-dom.development.js:10515
reconcileChildFibers @ react-dom.development.js:10573
reconcileChildren @ react-dom.development.js:15809
updateHostComponent$1 @ react-dom.development.js:16687
beginWork$1 @ react-dom.development.js:18503
beginWork @ react-dom.development.js:26927
performUnitOfWork @ react-dom.development.js:25748
workLoopSync @ react-dom.development.js:25464
renderRootSync @ react-dom.development.js:25419
performSyncWorkOnRoot @ react-dom.development.js:24887
flushSyncWorkAcrossRoots_impl @ react-dom.development.js:7758
flushSyncWorkOnAllRoots @ react-dom.development.js:7718
processRootScheduleInMicrotask @ react-dom.development.js:7863
eval @ react-dom.development.js:8034
index.mjs:174 You're attempting to animate multiple children within AnimatePresence, but its mode is set to "wait". This will lead to odd visual behaviour.
AnimatePresence @ index.mjs:174
renderWithHooks @ react-dom.development.js:11121
updateFunctionComponent @ react-dom.development.js:16290
beginWork$1 @ react-dom.development.js:18472
beginWork @ react-dom.development.js:26927
performUnitOfWork @ react-dom.development.js:25748
workLoopSync @ react-dom.development.js:25464
renderRootSync @ react-dom.development.js:25419
performSyncWorkOnRoot @ react-dom.development.js:24887
flushSyncWorkAcrossRoots_impl @ react-dom.development.js:7758
flushSyncWorkOnAllRoots @ react-dom.development.js:7718
processRootScheduleInMicrotask @ react-dom.development.js:7863
eval @ react-dom.development.js:8034
index.mjs:174 You're attempting to animate multiple children within AnimatePresence, but its mode is set to "wait". This will lead to odd visual behaviour.
AnimatePresence @ index.mjs:174
renderWithHooksAgain @ react-dom.development.js:11272
renderWithHooks @ react-dom.development.js:11135
updateFunctionComponent @ react-dom.development.js:16290
beginWork$1 @ react-dom.development.js:18472
beginWork @ react-dom.development.js:26927
performUnitOfWork @ react-dom.development.js:25748
workLoopSync @ react-dom.development.js:25464
renderRootSync @ react-dom.development.js:25419
performSyncWorkOnRoot @ react-dom.development.js:24887
flushSyncWorkAcrossRoots_impl @ react-dom.development.js:7758
flushSyncWorkOnAllRoots @ react-dom.development.js:7718
processRootScheduleInMicrotask @ react-dom.development.js:7863
eval @ react-dom.development.js:8034
app-index.js:33 Warning: Encountered two children with the same key, `54aca0f1-2f00-45d4-b662-094defa9c704-2025-02-26-18:00`. Keys should be unique so that components maintain their identity across updates. Non-unique keys may cause children to be duplicated and/or omitted — the behavior is unsupported and could change in a future version.
    at div
    at div
    at div
    at div
    at div
    at div
    at div
    at div
    at div
    at PreviewContainer (webpack-internal:///(app-pages-browser)/./src/components/preview/layout/PreviewContainer.tsx:12:11)
    at ShiftsPreview (webpack-internal:///(app-pages-browser)/./src/components/preview/steps/ShiftsPreview.tsx:331:11)
    at div
    at MotionComponent (webpack-internal:///(app-pages-browser)/./node_modules/framer-motion/dist/es/motion/index.mjs:49:65)
    at PresenceChild (webpack-internal:///(app-pages-browser)/./node_modules/framer-motion/dist/es/components/AnimatePresence/PresenceChild.mjs:15:26)
    at AnimatePresence (webpack-internal:///(app-pages-browser)/./node_modules/framer-motion/dist/es/components/AnimatePresence/index.mjs:72:28)
    at div
    at div
    at div
    at main
    at FormContainer (webpack-internal:///(app-pages-browser)/./src/components/public-form/layout/FormContainer.tsx:15:11)
    at PublicFormContent (webpack-internal:///(app-pages-browser)/./src/components/public-form/layout/PublicFormContent.tsx:23:11)
    at div
    at PublicFormLayout (webpack-internal:///(app-pages-browser)/./src/components/public-form/layout/PublicFormLayout.tsx:18:11)
    at PublicFormContent (webpack-internal:///(app-pages-browser)/./src/components/public-form/PublicFormContent.tsx:22:11)
    at div
    at FormProvider (webpack-internal:///(app-pages-browser)/./src/contexts/FormContext.tsx:100:11)
    at PublicFormPage (webpack-internal:///(app-pages-browser)/./src/app/f/[slug]/page.tsx:29:78)
    at ClientPageRoot (webpack-internal:///(app-pages-browser)/./node_modules/next/dist/client/components/client-page.js:14:11)
    at InnerLayoutRouter (webpack-internal:///(app-pages-browser)/./node_modules/next/dist/client/components/layout-router.js:243:11)
    at RedirectErrorBoundary (webpack-internal:///(app-pages-browser)/./node_modules/next/dist/client/components/redirect-boundary.js:74:9)
    at RedirectBoundary (webpack-internal:///(app-pages-browser)/./node_modules/next/dist/client/components/redirect-boundary.js:82:11)
    at NotFoundBoundary (webpack-internal:///(app-pages-browser)/./node_modules/next/dist/client/components/not-found-boundary.js:84:11)
    at LoadingBoundary (webpack-internal:///(app-pages-browser)/./node_modules/next/dist/client/components/layout-router.js:349:11)
    at ErrorBoundary (webpack-internal:///(app-pages-browser)/./node_modules/next/dist/client/components/error-boundary.js:160:11)
    at InnerScrollAndFocusHandler (webpack-internal:///(app-pages-browser)/./node_modules/next/dist/client/components/layout-router.js:153:9)
    at ScrollAndFocusHandler (webpack-internal:///(app-pages-browser)/./node_modules/next/dist/client/components/layout-router.js:228:11)
    at RenderFromTemplateContext (webpack-internal:///(app-pages-browser)/./node_modules/next/dist/client/components/render-from-template-context.js:16:44)
    at OuterLayoutRouter (webpack-internal:///(app-pages-browser)/./node_modules/next/dist/client/components/layout-router.js:370:11)
    at FormProvider (webpack-internal:///(app-pages-browser)/./src/contexts/FormContext.tsx:100:11)
    at BranchProvider (webpack-internal:///(app-pages-browser)/./src/contexts/BranchContext.tsx:38:11)
    at OrganizationProvider (webpack-internal:///(app-pages-browser)/./src/contexts/OrganizationContext.tsx:47:11)
    at DateProvider (webpack-internal:///(app-pages-browser)/./src/contexts/DateContext.tsx:14:11)
    at AuthProvider (webpack-internal:///(app-pages-browser)/./src/contexts/AuthContext.tsx:46:11)
    at PublicFormLayout (webpack-internal:///(app-pages-browser)/./src/app/f/[slug]/layout.tsx:18:11)
    at InnerLayoutRouter (webpack-internal:///(app-pages-browser)/./node_modules/next/dist/client/components/layout-router.js:243:11)
    at RedirectErrorBoundary (webpack-internal:///(app-pages-browser)/./node_modules/next/dist/client/components/redirect-boundary.js:74:9)
    at RedirectBoundary (webpack-internal:///(app-pages-browser)/./node_modules/next/dist/client/components/redirect-boundary.js:82:11)
    at NotFoundBoundary (webpack-internal:///(app-pages-browser)/./node_modules/next/dist/client/components/not-found-boundary.js:84:11)
    at LoadingBoundary (webpack-internal:///(app-pages-browser)/./node_modules/next/dist/client/components/layout-router.js:349:11)
    at ErrorBoundary (webpack-internal:///(app-pages-browser)/./node_modules/next/dist/client/components/error-boundary.js:160:11)
    at InnerScrollAndFocusHandler (webpack-internal:///(app-pages-browser)/./node_modules/next/dist/client/components/layout-router.js:153:9)
    at ScrollAndFocusHandler (webpack-internal:///(app-pages-browser)/./node_modules/next/dist/client/components/layout-router.js:228:11)
    at RenderFromTemplateContext (webpack-internal:///(app-pages-browser)/./node_modules/next/dist/client/components/render-from-template-context.js:16:44)
    at OuterLayoutRouter (webpack-internal:///(app-pages-browser)/./node_modules/next/dist/client/components/layout-router.js:370:11)
    at InnerLayoutRouter (webpack-internal:///(app-pages-browser)/./node_modules/next/dist/client/components/layout-router.js:243:11)
    at RedirectErrorBoundary (webpack-internal:///(app-pages-browser)/./node_modules/next/dist/client/components/redirect-boundary.js:74:9)
    at RedirectBoundary (webpack-internal:///(app-pages-browser)/./node_modules/next/dist/client/components/redirect-boundary.js:82:11)
    at NotFoundErrorBoundary (webpack-internal:///(app-pages-browser)/./node_modules/next/dist/client/components/not-found-boundary.js:76:9)
    at NotFoundBoundary (webpack-internal:///(app-pages-browser)/./node_modules/next/dist/client/components/not-found-boundary.js:84:11)
    at LoadingBoundary (webpack-internal:///(app-pages-browser)/./node_modules/next/dist/client/components/layout-router.js:349:11)
    at ErrorBoundary (webpack-internal:///(app-pages-browser)/./node_modules/next/dist/client/components/error-boundary.js:160:11)
    at InnerScrollAndFocusHandler (webpack-internal:///(app-pages-browser)/./node_modules/next/dist/client/components/layout-router.js:153:9)
    at ScrollAndFocusHandler (webpack-internal:///(app-pages-browser)/./node_modules/next/dist/client/components/layout-router.js:228:11)
    at RenderFromTemplateContext (webpack-internal:///(app-pages-browser)/./node_modules/next/dist/client/components/render-from-template-context.js:16:44)
    at OuterLayoutRouter (webpack-internal:///(app-pages-browser)/./node_modules/next/dist/client/components/layout-router.js:370:11)
    at FormItemsProvider (webpack-internal:///(app-pages-browser)/./src/contexts/FormItemsContext.tsx:14:11)
    at BranchProvider (webpack-internal:///(app-pages-browser)/./src/contexts/BranchContext.tsx:38:11)
    at OrganizationProvider (webpack-internal:///(app-pages-browser)/./src/contexts/OrganizationContext.tsx:47:11)
    at AuthProvider (webpack-internal:///(app-pages-browser)/./src/contexts/AuthContext.tsx:46:11)
    at QueryClientProvider (webpack-internal:///(app-pages-browser)/./node_modules/@tanstack/react-query/build/modern/QueryClientProvider.js:27:11)
    at Providers (webpack-internal:///(app-pages-browser)/./src/app/providers.tsx:57:11)
    at DateProvider (webpack-internal:///(app-pages-browser)/./src/contexts/DateContext.tsx:14:11)
    at body
    at html
    at RootLayout (Server)
    at RedirectErrorBoundary (webpack-internal:///(app-pages-browser)/./node_modules/next/dist/client/components/redirect-boundary.js:74:9)
    at RedirectBoundary (webpack-internal:///(app-pages-browser)/./node_modules/next/dist/client/components/redirect-boundary.js:82:11)
    at NotFoundErrorBoundary (webpack-internal:///(app-pages-browser)/./node_modules/next/dist/client/components/not-found-boundary.js:76:9)
    at NotFoundBoundary (webpack-internal:///(app-pages-browser)/./node_modules/next/dist/client/components/not-found-boundary.js:84:11)
    at DevRootNotFoundBoundary (webpack-internal:///(app-pages-browser)/./node_modules/next/dist/client/components/dev-root-not-found-boundary.js:33:11)
    at ReactDevOverlay (webpack-internal:///(app-pages-browser)/./node_modules/next/dist/client/components/react-dev-overlay/app/ReactDevOverlay.js:87:9)
    at HotReload (webpack-internal:///(app-pages-browser)/./node_modules/next/dist/client/components/react-dev-overlay/app/hot-reloader-client.js:321:11)
    at Router (webpack-internal:///(app-pages-browser)/./node_modules/next/dist/client/components/app-router.js:207:11)
    at ErrorBoundaryHandler (webpack-internal:///(app-pages-browser)/./node_modules/next/dist/client/components/error-boundary.js:113:9)
    at ErrorBoundary (webpack-internal:///(app-pages-browser)/./node_modules/next/dist/client/components/error-boundary.js:160:11)
    at AppRouter (webpack-internal:///(app-pages-browser)/./node_modules/next/dist/client/components/app-router.js:585:13)
    at ServerRoot (webpack-internal:///(app-pages-browser)/./node_modules/next/dist/client/app-index.js:112:27)
    at Root (webpack-internal:///(app-pages-browser)/./node_modules/next/dist/client/app-index.js:117:11)
window.console.error @ app-index.js:33
console.error @ hydration-error-info.js:63
printWarning @ react-dom.development.js:94
error @ react-dom.development.js:68
warnOnInvalidKey @ react-dom.development.js:9977
reconcileChildrenArray @ react-dom.development.js:10014
reconcileChildFibersImpl @ react-dom.development.js:10515
reconcileChildFibers @ react-dom.development.js:10573
reconcileChildren @ react-dom.development.js:15809
updateHostComponent$1 @ react-dom.development.js:16687
beginWork$1 @ react-dom.development.js:18503
beginWork @ react-dom.development.js:26927
performUnitOfWork @ react-dom.development.js:25748
workLoopSync @ react-dom.development.js:25464
renderRootSync @ react-dom.development.js:25419
performSyncWorkOnRoot @ react-dom.development.js:24887
flushSyncWorkAcrossRoots_impl @ react-dom.development.js:7758
flushSyncWorkOnAllRoots @ react-dom.development.js:7718
processRootScheduleInMicrotask @ react-dom.development.js:7863
eval @ react-dom.development.js:8034
app-index.js:33 Warning: Encountered two children with the same key, `54aca0f1-2f00-45d4-b662-094defa9c704-2025-02-26-18:30`. Keys should be unique so that components maintain their identity across updates. Non-unique keys may cause children to be duplicated and/or omitted — the behavior is unsupported and could change in a future version.
    at div
    at div
    at div
    at div
    at div
    at div
    at div
    at div
    at div
    at PreviewContainer (webpack-internal:///(app-pages-browser)/./src/components/preview/layout/PreviewContainer.tsx:12:11)
    at ShiftsPreview (webpack-internal:///(app-pages-browser)/./src/components/preview/steps/ShiftsPreview.tsx:331:11)
    at div
    at MotionComponent (webpack-internal:///(app-pages-browser)/./node_modules/framer-motion/dist/es/motion/index.mjs:49:65)
    at PresenceChild (webpack-internal:///(app-pages-browser)/./node_modules/framer-motion/dist/es/components/AnimatePresence/PresenceChild.mjs:15:26)
    at AnimatePresence (webpack-internal:///(app-pages-browser)/./node_modules/framer-motion/dist/es/components/AnimatePresence/index.mjs:72:28)
    at div
    at div
    at div
    at main
    at FormContainer (webpack-internal:///(app-pages-browser)/./src/components/public-form/layout/FormContainer.tsx:15:11)
    at PublicFormContent (webpack-internal:///(app-pages-browser)/./src/components/public-form/layout/PublicFormContent.tsx:23:11)
    at div
    at PublicFormLayout (webpack-internal:///(app-pages-browser)/./src/components/public-form/layout/PublicFormLayout.tsx:18:11)
    at PublicFormContent (webpack-internal:///(app-pages-browser)/./src/components/public-form/PublicFormContent.tsx:22:11)
    at div
    at FormProvider (webpack-internal:///(app-pages-browser)/./src/contexts/FormContext.tsx:100:11)
    at PublicFormPage (webpack-internal:///(app-pages-browser)/./src/app/f/[slug]/page.tsx:29:78)
    at ClientPageRoot (webpack-internal:///(app-pages-browser)/./node_modules/next/dist/client/components/client-page.js:14:11)
    at InnerLayoutRouter (webpack-internal:///(app-pages-browser)/./node_modules/next/dist/client/components/layout-router.js:243:11)
    at RedirectErrorBoundary (webpack-internal:///(app-pages-browser)/./node_modules/next/dist/client/components/redirect-boundary.js:74:9)
    at RedirectBoundary (webpack-internal:///(app-pages-browser)/./node_modules/next/dist/client/components/redirect-boundary.js:82:11)
    at NotFoundBoundary (webpack-internal:///(app-pages-browser)/./node_modules/next/dist/client/components/not-found-boundary.js:84:11)
    at LoadingBoundary (webpack-internal:///(app-pages-browser)/./node_modules/next/dist/client/components/layout-router.js:349:11)
    at ErrorBoundary (webpack-internal:///(app-pages-browser)/./node_modules/next/dist/client/components/error-boundary.js:160:11)
    at InnerScrollAndFocusHandler (webpack-internal:///(app-pages-browser)/./node_modules/next/dist/client/components/layout-router.js:153:9)
    at ScrollAndFocusHandler (webpack-internal:///(app-pages-browser)/./node_modules/next/dist/client/components/layout-router.js:228:11)
    at RenderFromTemplateContext (webpack-internal:///(app-pages-browser)/./node_modules/next/dist/client/components/render-from-template-context.js:16:44)
    at OuterLayoutRouter (webpack-internal:///(app-pages-browser)/./node_modules/next/dist/client/components/layout-router.js:370:11)
    at FormProvider (webpack-internal:///(app-pages-browser)/./src/contexts/FormContext.tsx:100:11)
    at BranchProvider (webpack-internal:///(app-pages-browser)/./src/contexts/BranchContext.tsx:38:11)
    at OrganizationProvider (webpack-internal:///(app-pages-browser)/./src/contexts/OrganizationContext.tsx:47:11)
    at DateProvider (webpack-internal:///(app-pages-browser)/./src/contexts/DateContext.tsx:14:11)
    at AuthProvider (webpack-internal:///(app-pages-browser)/./src/contexts/AuthContext.tsx:46:11)
    at PublicFormLayout (webpack-internal:///(app-pages-browser)/./src/app/f/[slug]/layout.tsx:18:11)
    at InnerLayoutRouter (webpack-internal:///(app-pages-browser)/./node_modules/next/dist/client/components/layout-router.js:243:11)
    at RedirectErrorBoundary (webpack-internal:///(app-pages-browser)/./node_modules/next/dist/client/components/redirect-boundary.js:74:9)
    at RedirectBoundary (webpack-internal:///(app-pages-browser)/./node_modules/next/dist/client/components/redirect-boundary.js:82:11)
    at NotFoundBoundary (webpack-internal:///(app-pages-browser)/./node_modules/next/dist/client/components/not-found-boundary.js:84:11)
    at LoadingBoundary (webpack-internal:///(app-pages-browser)/./node_modules/next/dist/client/components/layout-router.js:349:11)
    at ErrorBoundary (webpack-internal:///(app-pages-browser)/./node_modules/next/dist/client/components/error-boundary.js:160:11)
    at InnerScrollAndFocusHandler (webpack-internal:///(app-pages-browser)/./node_modules/next/dist/client/components/layout-router.js:153:9)
    at ScrollAndFocusHandler (webpack-internal:///(app-pages-browser)/./node_modules/next/dist/client/components/layout-router.js:228:11)
    at RenderFromTemplateContext (webpack-internal:///(app-pages-browser)/./node_modules/next/dist/client/components/render-from-template-context.js:16:44)
    at OuterLayoutRouter (webpack-internal:///(app-pages-browser)/./node_modules/next/dist/client/components/layout-router.js:370:11)
    at InnerLayoutRouter (webpack-internal:///(app-pages-browser)/./node_modules/next/dist/client/components/layout-router.js:243:11)
    at RedirectErrorBoundary (webpack-internal:///(app-pages-browser)/./node_modules/next/dist/client/components/redirect-boundary.js:74:9)
    at RedirectBoundary (webpack-internal:///(app-pages-browser)/./node_modules/next/dist/client/components/redirect-boundary.js:82:11)
    at NotFoundErrorBoundary (webpack-internal:///(app-pages-browser)/./node_modules/next/dist/client/components/not-found-boundary.js:76:9)
    at NotFoundBoundary (webpack-internal:///(app-pages-browser)/./node_modules/next/dist/client/components/not-found-boundary.js:84:11)
    at LoadingBoundary (webpack-internal:///(app-pages-browser)/./node_modules/next/dist/client/components/layout-router.js:349:11)
    at ErrorBoundary (webpack-internal:///(app-pages-browser)/./node_modules/next/dist/client/components/error-boundary.js:160:11)
    at InnerScrollAndFocusHandler (webpack-internal:///(app-pages-browser)/./node_modules/next/dist/client/components/layout-router.js:153:9)
    at ScrollAndFocusHandler (webpack-internal:///(app-pages-browser)/./node_modules/next/dist/client/components/layout-router.js:228:11)
    at RenderFromTemplateContext (webpack-internal:///(app-pages-browser)/./node_modules/next/dist/client/components/render-from-template-context.js:16:44)
    at OuterLayoutRouter (webpack-internal:///(app-pages-browser)/./node_modules/next/dist/client/components/layout-router.js:370:11)
    at FormItemsProvider (webpack-internal:///(app-pages-browser)/./src/contexts/FormItemsContext.tsx:14:11)
    at BranchProvider (webpack-internal:///(app-pages-browser)/./src/contexts/BranchContext.tsx:38:11)
    at OrganizationProvider (webpack-internal:///(app-pages-browser)/./src/contexts/OrganizationContext.tsx:47:11)
    at AuthProvider (webpack-internal:///(app-pages-browser)/./src/contexts/AuthContext.tsx:46:11)
    at QueryClientProvider (webpack-internal:///(app-pages-browser)/./node_modules/@tanstack/react-query/build/modern/QueryClientProvider.js:27:11)
    at Providers (webpack-internal:///(app-pages-browser)/./src/app/providers.tsx:57:11)
    at DateProvider (webpack-internal:///(app-pages-browser)/./src/contexts/DateContext.tsx:14:11)
    at body
    at html
    at RootLayout (Server)
    at RedirectErrorBoundary (webpack-internal:///(app-pages-browser)/./node_modules/next/dist/client/components/redirect-boundary.js:74:9)
    at RedirectBoundary (webpack-internal:///(app-pages-browser)/./node_modules/next/dist/client/components/redirect-boundary.js:82:11)
    at NotFoundErrorBoundary (webpack-internal:///(app-pages-browser)/./node_modules/next/dist/client/components/not-found-boundary.js:76:9)
    at NotFoundBoundary (webpack-internal:///(app-pages-browser)/./node_modules/next/dist/client/components/not-found-boundary.js:84:11)
    at DevRootNotFoundBoundary (webpack-internal:///(app-pages-browser)/./node_modules/next/dist/client/components/dev-root-not-found-boundary.js:33:11)
    at ReactDevOverlay (webpack-internal:///(app-pages-browser)/./node_modules/next/dist/client/components/react-dev-overlay/app/ReactDevOverlay.js:87:9)
    at HotReload (webpack-internal:///(app-pages-browser)/./node_modules/next/dist/client/components/react-dev-overlay/app/hot-reloader-client.js:321:11)
    at Router (webpack-internal:///(app-pages-browser)/./node_modules/next/dist/client/components/app-router.js:207:11)
    at ErrorBoundaryHandler (webpack-internal:///(app-pages-browser)/./node_modules/next/dist/client/components/error-boundary.js:113:9)
    at ErrorBoundary (webpack-internal:///(app-pages-browser)/./node_modules/next/dist/client/components/error-boundary.js:160:11)
    at AppRouter (webpack-internal:///(app-pages-browser)/./node_modules/next/dist/client/components/app-router.js:585:13)
    at ServerRoot (webpack-internal:///(app-pages-browser)/./node_modules/next/dist/client/app-index.js:112:27)
    at Root (webpack-internal:///(app-pages-browser)/./node_modules/next/dist/client/app-index.js:117:11)
window.console.error @ app-index.js:33
console.error @ hydration-error-info.js:63
printWarning @ react-dom.development.js:94
error @ react-dom.development.js:68
warnOnInvalidKey @ react-dom.development.js:9977
reconcileChildrenArray @ react-dom.development.js:10014
reconcileChildFibersImpl @ react-dom.development.js:10515
reconcileChildFibers @ react-dom.development.js:10573
reconcileChildren @ react-dom.development.js:15809
updateHostComponent$1 @ react-dom.development.js:16687
beginWork$1 @ react-dom.development.js:18503
beginWork @ react-dom.development.js:26927
performUnitOfWork @ react-dom.development.js:25748
workLoopSync @ react-dom.development.js:25464
renderRootSync @ react-dom.development.js:25419
performSyncWorkOnRoot @ react-dom.development.js:24887
flushSyncWorkAcrossRoots_impl @ react-dom.development.js:7758
flushSyncWorkOnAllRoots @ react-dom.development.js:7718
processRootScheduleInMicrotask @ react-dom.development.js:7863
eval @ react-dom.development.js:8034
app-index.js:33 Warning: Encountered two children with the same key, `54aca0f1-2f00-45d4-b662-094defa9c704-2025-02-26-19:00`. Keys should be unique so that components maintain their identity across updates. Non-unique keys may cause children to be duplicated and/or omitted — the behavior is unsupported and could change in a future version.
    at div
    at div
    at div
    at div
    at div
    at div
    at div
    at div
    at div
    at PreviewContainer (webpack-internal:///(app-pages-browser)/./src/components/preview/layout/PreviewContainer.tsx:12:11)
    at ShiftsPreview (webpack-internal:///(app-pages-browser)/./src/components/preview/steps/ShiftsPreview.tsx:331:11)
    at div
    at MotionComponent (webpack-internal:///(app-pages-browser)/./node_modules/framer-motion/dist/es/motion/index.mjs:49:65)
    at PresenceChild (webpack-internal:///(app-pages-browser)/./node_modules/framer-motion/dist/es/components/AnimatePresence/PresenceChild.mjs:15:26)
    at AnimatePresence (webpack-internal:///(app-pages-browser)/./node_modules/framer-motion/dist/es/components/AnimatePresence/index.mjs:72:28)
    at div
    at div
    at div
    at main
    at FormContainer (webpack-internal:///(app-pages-browser)/./src/components/public-form/layout/FormContainer.tsx:15:11)
    at PublicFormContent (webpack-internal:///(app-pages-browser)/./src/components/public-form/layout/PublicFormContent.tsx:23:11)
    at div
    at PublicFormLayout (webpack-internal:///(app-pages-browser)/./src/components/public-form/layout/PublicFormLayout.tsx:18:11)
    at PublicFormContent (webpack-internal:///(app-pages-browser)/./src/components/public-form/PublicFormContent.tsx:22:11)
    at div
    at FormProvider (webpack-internal:///(app-pages-browser)/./src/contexts/FormContext.tsx:100:11)
    at PublicFormPage (webpack-internal:///(app-pages-browser)/./src/app/f/[slug]/page.tsx:29:78)
    at ClientPageRoot (webpack-internal:///(app-pages-browser)/./node_modules/next/dist/client/components/client-page.js:14:11)
    at InnerLayoutRouter (webpack-internal:///(app-pages-browser)/./node_modules/next/dist/client/components/layout-router.js:243:11)
    at RedirectErrorBoundary (webpack-internal:///(app-pages-browser)/./node_modules/next/dist/client/components/redirect-boundary.js:74:9)
    at RedirectBoundary (webpack-internal:///(app-pages-browser)/./node_modules/next/dist/client/components/redirect-boundary.js:82:11)
    at NotFoundBoundary (webpack-internal:///(app-pages-browser)/./node_modules/next/dist/client/components/not-found-boundary.js:84:11)
    at LoadingBoundary (webpack-internal:///(app-pages-browser)/./node_modules/next/dist/client/components/layout-router.js:349:11)
    at ErrorBoundary (webpack-internal:///(app-pages-browser)/./node_modules/next/dist/client/components/error-boundary.js:160:11)
    at InnerScrollAndFocusHandler (webpack-internal:///(app-pages-browser)/./node_modules/next/dist/client/components/layout-router.js:153:9)
    at ScrollAndFocusHandler (webpack-internal:///(app-pages-browser)/./node_modules/next/dist/client/components/layout-router.js:228:11)
    at RenderFromTemplateContext (webpack-internal:///(app-pages-browser)/./node_modules/next/dist/client/components/render-from-template-context.js:16:44)
    at OuterLayoutRouter (webpack-internal:///(app-pages-browser)/./node_modules/next/dist/client/components/layout-router.js:370:11)
    at FormProvider (webpack-internal:///(app-pages-browser)/./src/contexts/FormContext.tsx:100:11)
    at BranchProvider (webpack-internal:///(app-pages-browser)/./src/contexts/BranchContext.tsx:38:11)
    at OrganizationProvider (webpack-internal:///(app-pages-browser)/./src/contexts/OrganizationContext.tsx:47:11)
    at DateProvider (webpack-internal:///(app-pages-browser)/./src/contexts/DateContext.tsx:14:11)
    at AuthProvider (webpack-internal:///(app-pages-browser)/./src/contexts/AuthContext.tsx:46:11)
    at PublicFormLayout (webpack-internal:///(app-pages-browser)/./src/app/f/[slug]/layout.tsx:18:11)
    at InnerLayoutRouter (webpack-internal:///(app-pages-browser)/./node_modules/next/dist/client/components/layout-router.js:243:11)
    at RedirectErrorBoundary (webpack-internal:///(app-pages-browser)/./node_modules/next/dist/client/components/redirect-boundary.js:74:9)
    at RedirectBoundary (webpack-internal:///(app-pages-browser)/./node_modules/next/dist/client/components/redirect-boundary.js:82:11)
    at NotFoundBoundary (webpack-internal:///(app-pages-browser)/./node_modules/next/dist/client/components/not-found-boundary.js:84:11)
    at LoadingBoundary (webpack-internal:///(app-pages-browser)/./node_modules/next/dist/client/components/layout-router.js:349:11)
    at ErrorBoundary (webpack-internal:///(app-pages-browser)/./node_modules/next/dist/client/components/error-boundary.js:160:11)
    at InnerScrollAndFocusHandler (webpack-internal:///(app-pages-browser)/./node_modules/next/dist/client/components/layout-router.js:153:9)
    at ScrollAndFocusHandler (webpack-internal:///(app-pages-browser)/./node_modules/next/dist/client/components/layout-router.js:228:11)
    at RenderFromTemplateContext (webpack-internal:///(app-pages-browser)/./node_modules/next/dist/client/components/render-from-template-context.js:16:44)
    at OuterLayoutRouter (webpack-internal:///(app-pages-browser)/./node_modules/next/dist/client/components/layout-router.js:370:11)
    at InnerLayoutRouter (webpack-internal:///(app-pages-browser)/./node_modules/next/dist/client/components/layout-router.js:243:11)
    at RedirectErrorBoundary (webpack-internal:///(app-pages-browser)/./node_modules/next/dist/client/components/redirect-boundary.js:74:9)
    at RedirectBoundary (webpack-internal:///(app-pages-browser)/./node_modules/next/dist/client/components/redirect-boundary.js:82:11)
    at NotFoundErrorBoundary (webpack-internal:///(app-pages-browser)/./node_modules/next/dist/client/components/not-found-boundary.js:76:9)
    at NotFoundBoundary (webpack-internal:///(app-pages-browser)/./node_modules/next/dist/client/components/not-found-boundary.js:84:11)
    at LoadingBoundary (webpack-internal:///(app-pages-browser)/./node_modules/next/dist/client/components/layout-router.js:349:11)
    at ErrorBoundary (webpack-internal:///(app-pages-browser)/./node_modules/next/dist/client/components/error-boundary.js:160:11)
    at InnerScrollAndFocusHandler (webpack-internal:///(app-pages-browser)/./node_modules/next/dist/client/components/layout-router.js:153:9)
    at ScrollAndFocusHandler (webpack-internal:///(app-pages-browser)/./node_modules/next/dist/client/components/layout-router.js:228:11)
    at RenderFromTemplateContext (webpack-internal:///(app-pages-browser)/./node_modules/next/dist/client/components/render-from-template-context.js:16:44)
    at OuterLayoutRouter (webpack-internal:///(app-pages-browser)/./node_modules/next/dist/client/components/layout-router.js:370:11)
    at FormItemsProvider (webpack-internal:///(app-pages-browser)/./src/contexts/FormItemsContext.tsx:14:11)
    at BranchProvider (webpack-internal:///(app-pages-browser)/./src/contexts/BranchContext.tsx:38:11)
    at OrganizationProvider (webpack-internal:///(app-pages-browser)/./src/contexts/OrganizationContext.tsx:47:11)
    at AuthProvider (webpack-internal:///(app-pages-browser)/./src/contexts/AuthContext.tsx:46:11)
    at QueryClientProvider (webpack-internal:///(app-pages-browser)/./node_modules/@tanstack/react-query/build/modern/QueryClientProvider.js:27:11)
    at Providers (webpack-internal:///(app-pages-browser)/./src/app/providers.tsx:57:11)
    at DateProvider (webpack-internal:///(app-pages-browser)/./src/contexts/DateContext.tsx:14:11)
    at body
    at html
    at RootLayout (Server)
    at RedirectErrorBoundary (webpack-internal:///(app-pages-browser)/./node_modules/next/dist/client/components/redirect-boundary.js:74:9)
    at RedirectBoundary (webpack-internal:///(app-pages-browser)/./node_modules/next/dist/client/components/redirect-boundary.js:82:11)
    at NotFoundErrorBoundary (webpack-internal:///(app-pages-browser)/./node_modules/next/dist/client/components/not-found-boundary.js:76:9)
    at NotFoundBoundary (webpack-internal:///(app-pages-browser)/./node_modules/next/dist/client/components/not-found-boundary.js:84:11)
    at DevRootNotFoundBoundary (webpack-internal:///(app-pages-browser)/./node_modules/next/dist/client/components/dev-root-not-found-boundary.js:33:11)
    at ReactDevOverlay (webpack-internal:///(app-pages-browser)/./node_modules/next/dist/client/components/react-dev-overlay/app/ReactDevOverlay.js:87:9)
    at HotReload (webpack-internal:///(app-pages-browser)/./node_modules/next/dist/client/components/react-dev-overlay/app/hot-reloader-client.js:321:11)
    at Router (webpack-internal:///(app-pages-browser)/./node_modules/next/dist/client/components/app-router.js:207:11)
    at ErrorBoundaryHandler (webpack-internal:///(app-pages-browser)/./node_modules/next/dist/client/components/error-boundary.js:113:9)
    at ErrorBoundary (webpack-internal:///(app-pages-browser)/./node_modules/next/dist/client/components/error-boundary.js:160:11)
    at AppRouter (webpack-internal:///(app-pages-browser)/./node_modules/next/dist/client/components/app-router.js:585:13)
    at ServerRoot (webpack-internal:///(app-pages-browser)/./node_modules/next/dist/client/app-index.js:112:27)
    at Root (webpack-internal:///(app-pages-browser)/./node_modules/next/dist/client/app-index.js:117:11)
window.console.error @ app-index.js:33
console.error @ hydration-error-info.js:63
printWarning @ react-dom.development.js:94
error @ react-dom.development.js:68
warnOnInvalidKey @ react-dom.development.js:9977
reconcileChildrenArray @ react-dom.development.js:10014
reconcileChildFibersImpl @ react-dom.development.js:10515
reconcileChildFibers @ react-dom.development.js:10573
reconcileChildren @ react-dom.development.js:15809
updateHostComponent$1 @ react-dom.development.js:16687
beginWork$1 @ react-dom.development.js:18503
beginWork @ react-dom.development.js:26927
performUnitOfWork @ react-dom.development.js:25748
workLoopSync @ react-dom.development.js:25464
renderRootSync @ react-dom.development.js:25419
performSyncWorkOnRoot @ react-dom.development.js:24887
flushSyncWorkAcrossRoots_impl @ react-dom.development.js:7758
flushSyncWorkOnAllRoots @ react-dom.development.js:7718
processRootScheduleInMicrotask @ react-dom.development.js:7863
eval @ react-dom.development.js:8034
app-index.js:33 Warning: Encountered two children with the same key, `54aca0f1-2f00-45d4-b662-094defa9c704-2025-02-26-19:30`. Keys should be unique so that components maintain their identity across updates. Non-unique keys may cause children to be duplicated and/or omitted — the behavior is unsupported and could change in a future version.
    at div
    at div
    at div
    at div
    at div
    at div
    at div
    at div
    at div
    at PreviewContainer (webpack-internal:///(app-pages-browser)/./src/components/preview/layout/PreviewContainer.tsx:12:11)
    at ShiftsPreview (webpack-internal:///(app-pages-browser)/./src/components/preview/steps/ShiftsPreview.tsx:331:11)
    at div
    at MotionComponent (webpack-internal:///(app-pages-browser)/./node_modules/framer-motion/dist/es/motion/index.mjs:49:65)
    at PresenceChild (webpack-internal:///(app-pages-browser)/./node_modules/framer-motion/dist/es/components/AnimatePresence/PresenceChild.mjs:15:26)
    at AnimatePresence (webpack-internal:///(app-pages-browser)/./node_modules/framer-motion/dist/es/components/AnimatePresence/index.mjs:72:28)
    at div
    at div
    at div
    at main
    at FormContainer (webpack-internal:///(app-pages-browser)/./src/components/public-form/layout/FormContainer.tsx:15:11)
    at PublicFormContent (webpack-internal:///(app-pages-browser)/./src/components/public-form/layout/PublicFormContent.tsx:23:11)
    at div
    at PublicFormLayout (webpack-internal:///(app-pages-browser)/./src/components/public-form/layout/PublicFormLayout.tsx:18:11)
    at PublicFormContent (webpack-internal:///(app-pages-browser)/./src/components/public-form/PublicFormContent.tsx:22:11)
    at div
    at FormProvider (webpack-internal:///(app-pages-browser)/./src/contexts/FormContext.tsx:100:11)
    at PublicFormPage (webpack-internal:///(app-pages-browser)/./src/app/f/[slug]/page.tsx:29:78)
    at ClientPageRoot (webpack-internal:///(app-pages-browser)/./node_modules/next/dist/client/components/client-page.js:14:11)
    at InnerLayoutRouter (webpack-internal:///(app-pages-browser)/./node_modules/next/dist/client/components/layout-router.js:243:11)
    at RedirectErrorBoundary (webpack-internal:///(app-pages-browser)/./node_modules/next/dist/client/components/redirect-boundary.js:74:9)
    at RedirectBoundary (webpack-internal:///(app-pages-browser)/./node_modules/next/dist/client/components/redirect-boundary.js:82:11)
    at NotFoundBoundary (webpack-internal:///(app-pages-browser)/./node_modules/next/dist/client/components/not-found-boundary.js:84:11)
    at LoadingBoundary (webpack-internal:///(app-pages-browser)/./node_modules/next/dist/client/components/layout-router.js:349:11)
    at ErrorBoundary (webpack-internal:///(app-pages-browser)/./node_modules/next/dist/client/components/error-boundary.js:160:11)
    at InnerScrollAndFocusHandler (webpack-internal:///(app-pages-browser)/./node_modules/next/dist/client/components/layout-router.js:153:9)
    at ScrollAndFocusHandler (webpack-internal:///(app-pages-browser)/./node_modules/next/dist/client/components/layout-router.js:228:11)
    at RenderFromTemplateContext (webpack-internal:///(app-pages-browser)/./node_modules/next/dist/client/components/render-from-template-context.js:16:44)
    at OuterLayoutRouter (webpack-internal:///(app-pages-browser)/./node_modules/next/dist/client/components/layout-router.js:370:11)
    at FormProvider (webpack-internal:///(app-pages-browser)/./src/contexts/FormContext.tsx:100:11)
    at BranchProvider (webpack-internal:///(app-pages-browser)/./src/contexts/BranchContext.tsx:38:11)
    at OrganizationProvider (webpack-internal:///(app-pages-browser)/./src/contexts/OrganizationContext.tsx:47:11)
    at DateProvider (webpack-internal:///(app-pages-browser)/./src/contexts/DateContext.tsx:14:11)
    at AuthProvider (webpack-internal:///(app-pages-browser)/./src/contexts/AuthContext.tsx:46:11)
    at PublicFormLayout (webpack-internal:///(app-pages-browser)/./src/app/f/[slug]/layout.tsx:18:11)
    at InnerLayoutRouter (webpack-internal:///(app-pages-browser)/./node_modules/next/dist/client/components/layout-router.js:243:11)
    at RedirectErrorBoundary (webpack-internal:///(app-pages-browser)/./node_modules/next/dist/client/components/redirect-boundary.js:74:9)
    at RedirectBoundary (webpack-internal:///(app-pages-browser)/./node_modules/next/dist/client/components/redirect-boundary.js:82:11)
    at NotFoundBoundary (webpack-internal:///(app-pages-browser)/./node_modules/next/dist/client/components/not-found-boundary.js:84:11)
    at LoadingBoundary (webpack-internal:///(app-pages-browser)/./node_modules/next/dist/client/components/layout-router.js:349:11)
    at ErrorBoundary (webpack-internal:///(app-pages-browser)/./node_modules/next/dist/client/components/error-boundary.js:160:11)
    at InnerScrollAndFocusHandler (webpack-internal:///(app-pages-browser)/./node_modules/next/dist/client/components/layout-router.js:153:9)
    at ScrollAndFocusHandler (webpack-internal:///(app-pages-browser)/./node_modules/next/dist/client/components/layout-router.js:228:11)
    at RenderFromTemplateContext (webpack-internal:///(app-pages-browser)/./node_modules/next/dist/client/components/render-from-template-context.js:16:44)
    at OuterLayoutRouter (webpack-internal:///(app-pages-browser)/./node_modules/next/dist/client/components/layout-router.js:370:11)
    at InnerLayoutRouter (webpack-internal:///(app-pages-browser)/./node_modules/next/dist/client/components/layout-router.js:243:11)
    at RedirectErrorBoundary (webpack-internal:///(app-pages-browser)/./node_modules/next/dist/client/components/redirect-boundary.js:74:9)
    at RedirectBoundary (webpack-internal:///(app-pages-browser)/./node_modules/next/dist/client/components/redirect-boundary.js:82:11)
    at NotFoundErrorBoundary (webpack-internal:///(app-pages-browser)/./node_modules/next/dist/client/components/not-found-boundary.js:76:9)
    at NotFoundBoundary (webpack-internal:///(app-pages-browser)/./node_modules/next/dist/client/components/not-found-boundary.js:84:11)
    at LoadingBoundary (webpack-internal:///(app-pages-browser)/./node_modules/next/dist/client/components/layout-router.js:349:11)
    at ErrorBoundary (webpack-internal:///(app-pages-browser)/./node_modules/next/dist/client/components/error-boundary.js:160:11)
    at InnerScrollAndFocusHandler (webpack-internal:///(app-pages-browser)/./node_modules/next/dist/client/components/layout-router.js:153:9)
    at ScrollAndFocusHandler (webpack-internal:///(app-pages-browser)/./node_modules/next/dist/client/components/layout-router.js:228:11)
    at RenderFromTemplateContext (webpack-internal:///(app-pages-browser)/./node_modules/next/dist/client/components/render-from-template-context.js:16:44)
    at OuterLayoutRouter (webpack-internal:///(app-pages-browser)/./node_modules/next/dist/client/components/layout-router.js:370:11)
    at FormItemsProvider (webpack-internal:///(app-pages-browser)/./src/contexts/FormItemsContext.tsx:14:11)
    at BranchProvider (webpack-internal:///(app-pages-browser)/./src/contexts/BranchContext.tsx:38:11)
    at OrganizationProvider (webpack-internal:///(app-pages-browser)/./src/contexts/OrganizationContext.tsx:47:11)
    at AuthProvider (webpack-internal:///(app-pages-browser)/./src/contexts/AuthContext.tsx:46:11)
    at QueryClientProvider (webpack-internal:///(app-pages-browser)/./node_modules/@tanstack/react-query/build/modern/QueryClientProvider.js:27:11)
    at Providers (webpack-internal:///(app-pages-browser)/./src/app/providers.tsx:57:11)
    at DateProvider (webpack-internal:///(app-pages-browser)/./src/contexts/DateContext.tsx:14:11)
    at body
    at html
    at RootLayout (Server)
    at RedirectErrorBoundary (webpack-internal:///(app-pages-browser)/./node_modules/next/dist/client/components/redirect-boundary.js:74:9)
    at RedirectBoundary (webpack-internal:///(app-pages-browser)/./node_modules/next/dist/client/components/redirect-boundary.js:82:11)
    at NotFoundErrorBoundary (webpack-internal:///(app-pages-browser)/./node_modules/next/dist/client/components/not-found-boundary.js:76:9)
    at NotFoundBoundary (webpack-internal:///(app-pages-browser)/./node_modules/next/dist/client/components/not-found-boundary.js:84:11)
    at DevRootNotFoundBoundary (webpack-internal:///(app-pages-browser)/./node_modules/next/dist/client/components/dev-root-not-found-boundary.js:33:11)
    at ReactDevOverlay (webpack-internal:///(app-pages-browser)/./node_modules/next/dist/client/components/react-dev-overlay/app/ReactDevOverlay.js:87:9)
    at HotReload (webpack-internal:///(app-pages-browser)/./node_modules/next/dist/client/components/react-dev-overlay/app/hot-reloader-client.js:321:11)
    at Router (webpack-internal:///(app-pages-browser)/./node_modules/next/dist/client/components/app-router.js:207:11)
    at ErrorBoundaryHandler (webpack-internal:///(app-pages-browser)/./node_modules/next/dist/client/components/error-boundary.js:113:9)
    at ErrorBoundary (webpack-internal:///(app-pages-browser)/./node_modules/next/dist/client/components/error-boundary.js:160:11)
    at AppRouter (webpack-internal:///(app-pages-browser)/./node_modules/next/dist/client/components/app-router.js:585:13)
    at ServerRoot (webpack-internal:///(app-pages-browser)/./node_modules/next/dist/client/app-index.js:112:27)
    at Root (webpack-internal:///(app-pages-browser)/./node_modules/next/dist/client/app-index.js:117:11)
window.console.error @ app-index.js:33
console.error @ hydration-error-info.js:63
printWarning @ react-dom.development.js:94
error @ react-dom.development.js:68
warnOnInvalidKey @ react-dom.development.js:9977
reconcileChildrenArray @ react-dom.development.js:10014
reconcileChildFibersImpl @ react-dom.development.js:10515
reconcileChildFibers @ react-dom.development.js:10573
reconcileChildren @ react-dom.development.js:15809
updateHostComponent$1 @ react-dom.development.js:16687
beginWork$1 @ react-dom.development.js:18503
beginWork @ react-dom.development.js:26927
performUnitOfWork @ react-dom.development.js:25748
workLoopSync @ react-dom.development.js:25464
renderRootSync @ react-dom.development.js:25419
performSyncWorkOnRoot @ react-dom.development.js:24887
flushSyncWorkAcrossRoots_impl @ react-dom.development.js:7758
flushSyncWorkOnAllRoots @ react-dom.development.js:7718
processRootScheduleInMicrotask @ react-dom.development.js:7863
eval @ react-dom.development.js:8034
PublicFormContent.tsx:62 [Navigation] Iniciando navegación: {from: 'shifts', currentType: 'shifts', currentStep: 1, nextStep: 2, hasNextField: true, …}
preview-to-public.ts:205 [StepType] Normalizando tipo: {original: 'shifts', systemType: 'shifts', hasMapping: false}
preview-to-public.ts:205 [StepType] Normalizando tipo: {original: 'items', systemType: 'items', hasMapping: false}
preview-to-public.ts:219 [StepOrder] Validando orden: {currentType: 'shifts', nextType: 'items', STEP_ORDER: Array(6), totalSteps: 6}
preview-to-public.ts:246 [StepOrder] Resultado de validación: {currentOrder: 2, nextOrder: 3, isValid: true, isSummaryToFarewell: false}
PublicFormContent.tsx:81 [Navigation] Iniciando navegación: {from: 'court', currentType: 'shifts', currentStep: 1, nextStep: 2, hasNextField: true}
PublicFormContent.tsx:91 [Navigation] Navegación completada al paso: 2
preview-to-public.ts:205 [StepType] Normalizando tipo: {original: 'players', systemType: 'items', hasMapping: true}
preview-to-public.ts:205 [StepType] Normalizando tipo: {original: 'players', systemType: 'items', hasMapping: true}
PublicFormLayout.tsx:42 [PublicFormLayout] Renderizando con: {currentStep: 2, fieldType: 'players', slug: 'formulario-03', isNextDisabled: false, showNextButton: false, …}
PublicFormLayout.tsx:42 [PublicFormLayout] Renderizando con: {currentStep: 2, fieldType: 'players', slug: 'formulario-03', isNextDisabled: false, showNextButton: false, …}
preview-to-public.ts:205 [StepType] Normalizando tipo: {original: 'items', systemType: 'items', hasMapping: false}
preview-to-public.ts:261 [ComponentMapper] Mapeando componente: {originalType: 'items', systemType: 'items', availableTypes: Array(6)}
preview-to-public.ts:274 [ComponentMapper] Componente encontrado: {originalType: 'items', systemType: 'items', component: 'ItemsPreview'}
preview-to-public.ts:205 [StepType] Normalizando tipo: {original: 'items', systemType: 'items', hasMapping: false}
preview-to-public.ts:261 [ComponentMapper] Mapeando componente: {originalType: 'items', systemType: 'items', availableTypes: Array(6)}
preview-to-public.ts:274 [ComponentMapper] Componente encontrado: {originalType: 'items', systemType: 'items', component: 'ItemsPreview'}
index.mjs:174 You're attempting to animate multiple children within AnimatePresence, but its mode is set to "wait". This will lead to odd visual behaviour.
AnimatePresence @ index.mjs:174
renderWithHooks @ react-dom.development.js:11121
updateFunctionComponent @ react-dom.development.js:16290
beginWork$1 @ react-dom.development.js:18472
beginWork @ react-dom.development.js:26927
performUnitOfWork @ react-dom.development.js:25748
workLoopSync @ react-dom.development.js:25464
renderRootSync @ react-dom.development.js:25419
performSyncWorkOnRoot @ react-dom.development.js:24887
flushSyncWorkAcrossRoots_impl @ react-dom.development.js:7758
flushSyncWorkOnAllRoots @ react-dom.development.js:7718
processRootScheduleInMicrotask @ react-dom.development.js:7863
eval @ react-dom.development.js:8034
index.mjs:174 You're attempting to animate multiple children within AnimatePresence, but its mode is set to "wait". This will lead to odd visual behaviour.
AnimatePresence @ index.mjs:174
renderWithHooksAgain @ react-dom.development.js:11272
renderWithHooks @ react-dom.development.js:11135
updateFunctionComponent @ react-dom.development.js:16290
beginWork$1 @ react-dom.development.js:18472
beginWork @ react-dom.development.js:26927
performUnitOfWork @ react-dom.development.js:25748
workLoopSync @ react-dom.development.js:25464
renderRootSync @ react-dom.development.js:25419
performSyncWorkOnRoot @ react-dom.development.js:24887
flushSyncWorkAcrossRoots_impl @ react-dom.development.js:7758
flushSyncWorkOnAllRoots @ react-dom.development.js:7718
processRootScheduleInMicrotask @ react-dom.development.js:7863
eval @ react-dom.development.js:8034
app-index.js:33 Warning: Encountered two children with the same key, `54aca0f1-2f00-45d4-b662-094defa9c704-2025-02-26-18:00`. Keys should be unique so that components maintain their identity across updates. Non-unique keys may cause children to be duplicated and/or omitted — the behavior is unsupported and could change in a future version.
    at div
    at div
    at div
    at div
    at div
    at div
    at div
    at div
    at div
    at PreviewContainer (webpack-internal:///(app-pages-browser)/./src/components/preview/layout/PreviewContainer.tsx:12:11)
    at ShiftsPreview (webpack-internal:///(app-pages-browser)/./src/components/preview/steps/ShiftsPreview.tsx:331:11)
    at div
    at MotionComponent (webpack-internal:///(app-pages-browser)/./node_modules/framer-motion/dist/es/motion/index.mjs:49:65)
    at PresenceChild (webpack-internal:///(app-pages-browser)/./node_modules/framer-motion/dist/es/components/AnimatePresence/PresenceChild.mjs:15:26)
    at AnimatePresence (webpack-internal:///(app-pages-browser)/./node_modules/framer-motion/dist/es/components/AnimatePresence/index.mjs:72:28)
    at div
    at div
    at div
    at main
    at FormContainer (webpack-internal:///(app-pages-browser)/./src/components/public-form/layout/FormContainer.tsx:15:11)
    at PublicFormContent (webpack-internal:///(app-pages-browser)/./src/components/public-form/layout/PublicFormContent.tsx:23:11)
    at div
    at PublicFormLayout (webpack-internal:///(app-pages-browser)/./src/components/public-form/layout/PublicFormLayout.tsx:18:11)
    at PublicFormContent (webpack-internal:///(app-pages-browser)/./src/components/public-form/PublicFormContent.tsx:22:11)
    at div
    at FormProvider (webpack-internal:///(app-pages-browser)/./src/contexts/FormContext.tsx:100:11)
    at PublicFormPage (webpack-internal:///(app-pages-browser)/./src/app/f/[slug]/page.tsx:29:78)
    at ClientPageRoot (webpack-internal:///(app-pages-browser)/./node_modules/next/dist/client/components/client-page.js:14:11)
    at InnerLayoutRouter (webpack-internal:///(app-pages-browser)/./node_modules/next/dist/client/components/layout-router.js:243:11)
    at RedirectErrorBoundary (webpack-internal:///(app-pages-browser)/./node_modules/next/dist/client/components/redirect-boundary.js:74:9)
    at RedirectBoundary (webpack-internal:///(app-pages-browser)/./node_modules/next/dist/client/components/redirect-boundary.js:82:11)
    at NotFoundBoundary (webpack-internal:///(app-pages-browser)/./node_modules/next/dist/client/components/not-found-boundary.js:84:11)
    at LoadingBoundary (webpack-internal:///(app-pages-browser)/./node_modules/next/dist/client/components/layout-router.js:349:11)
    at ErrorBoundary (webpack-internal:///(app-pages-browser)/./node_modules/next/dist/client/components/error-boundary.js:160:11)
    at InnerScrollAndFocusHandler (webpack-internal:///(app-pages-browser)/./node_modules/next/dist/client/components/layout-router.js:153:9)
    at ScrollAndFocusHandler (webpack-internal:///(app-pages-browser)/./node_modules/next/dist/client/components/layout-router.js:228:11)
    at RenderFromTemplateContext (webpack-internal:///(app-pages-browser)/./node_modules/next/dist/client/components/render-from-template-context.js:16:44)
    at OuterLayoutRouter (webpack-internal:///(app-pages-browser)/./node_modules/next/dist/client/components/layout-router.js:370:11)
    at FormProvider (webpack-internal:///(app-pages-browser)/./src/contexts/FormContext.tsx:100:11)
    at BranchProvider (webpack-internal:///(app-pages-browser)/./src/contexts/BranchContext.tsx:38:11)
    at OrganizationProvider (webpack-internal:///(app-pages-browser)/./src/contexts/OrganizationContext.tsx:47:11)
    at DateProvider (webpack-internal:///(app-pages-browser)/./src/contexts/DateContext.tsx:14:11)
    at AuthProvider (webpack-internal:///(app-pages-browser)/./src/contexts/AuthContext.tsx:46:11)
    at PublicFormLayout (webpack-internal:///(app-pages-browser)/./src/app/f/[slug]/layout.tsx:18:11)
    at InnerLayoutRouter (webpack-internal:///(app-pages-browser)/./node_modules/next/dist/client/components/layout-router.js:243:11)
    at RedirectErrorBoundary (webpack-internal:///(app-pages-browser)/./node_modules/next/dist/client/components/redirect-boundary.js:74:9)
    at RedirectBoundary (webpack-internal:///(app-pages-browser)/./node_modules/next/dist/client/components/redirect-boundary.js:82:11)
    at NotFoundBoundary (webpack-internal:///(app-pages-browser)/./node_modules/next/dist/client/components/not-found-boundary.js:84:11)
    at LoadingBoundary (webpack-internal:///(app-pages-browser)/./node_modules/next/dist/client/components/layout-router.js:349:11)
    at ErrorBoundary (webpack-internal:///(app-pages-browser)/./node_modules/next/dist/client/components/error-boundary.js:160:11)
    at InnerScrollAndFocusHandler (webpack-internal:///(app-pages-browser)/./node_modules/next/dist/client/components/layout-router.js:153:9)
    at ScrollAndFocusHandler (webpack-internal:///(app-pages-browser)/./node_modules/next/dist/client/components/layout-router.js:228:11)
    at RenderFromTemplateContext (webpack-internal:///(app-pages-browser)/./node_modules/next/dist/client/components/render-from-template-context.js:16:44)
    at OuterLayoutRouter (webpack-internal:///(app-pages-browser)/./node_modules/next/dist/client/components/layout-router.js:370:11)
    at InnerLayoutRouter (webpack-internal:///(app-pages-browser)/./node_modules/next/dist/client/components/layout-router.js:243:11)
    at RedirectErrorBoundary (webpack-internal:///(app-pages-browser)/./node_modules/next/dist/client/components/redirect-boundary.js:74:9)
    at RedirectBoundary (webpack-internal:///(app-pages-browser)/./node_modules/next/dist/client/components/redirect-boundary.js:82:11)
    at NotFoundErrorBoundary (webpack-internal:///(app-pages-browser)/./node_modules/next/dist/client/components/not-found-boundary.js:76:9)
    at NotFoundBoundary (webpack-internal:///(app-pages-browser)/./node_modules/next/dist/client/components/not-found-boundary.js:84:11)
    at LoadingBoundary (webpack-internal:///(app-pages-browser)/./node_modules/next/dist/client/components/layout-router.js:349:11)
    at ErrorBoundary (webpack-internal:///(app-pages-browser)/./node_modules/next/dist/client/components/error-boundary.js:160:11)
    at InnerScrollAndFocusHandler (webpack-internal:///(app-pages-browser)/./node_modules/next/dist/client/components/layout-router.js:153:9)
    at ScrollAndFocusHandler (webpack-internal:///(app-pages-browser)/./node_modules/next/dist/client/components/layout-router.js:228:11)
    at RenderFromTemplateContext (webpack-internal:///(app-pages-browser)/./node_modules/next/dist/client/components/render-from-template-context.js:16:44)
    at OuterLayoutRouter (webpack-internal:///(app-pages-browser)/./node_modules/next/dist/client/components/layout-router.js:370:11)
    at FormItemsProvider (webpack-internal:///(app-pages-browser)/./src/contexts/FormItemsContext.tsx:14:11)
    at BranchProvider (webpack-internal:///(app-pages-browser)/./src/contexts/BranchContext.tsx:38:11)
    at OrganizationProvider (webpack-internal:///(app-pages-browser)/./src/contexts/OrganizationContext.tsx:47:11)
    at AuthProvider (webpack-internal:///(app-pages-browser)/./src/contexts/AuthContext.tsx:46:11)
    at QueryClientProvider (webpack-internal:///(app-pages-browser)/./node_modules/@tanstack/react-query/build/modern/QueryClientProvider.js:27:11)
    at Providers (webpack-internal:///(app-pages-browser)/./src/app/providers.tsx:57:11)
    at DateProvider (webpack-internal:///(app-pages-browser)/./src/contexts/DateContext.tsx:14:11)
    at body
    at html
    at RootLayout (Server)
    at RedirectErrorBoundary (webpack-internal:///(app-pages-browser)/./node_modules/next/dist/client/components/redirect-boundary.js:74:9)
    at RedirectBoundary (webpack-internal:///(app-pages-browser)/./node_modules/next/dist/client/components/redirect-boundary.js:82:11)
    at NotFoundErrorBoundary (webpack-internal:///(app-pages-browser)/./node_modules/next/dist/client/components/not-found-boundary.js:76:9)
    at NotFoundBoundary (webpack-internal:///(app-pages-browser)/./node_modules/next/dist/client/components/not-found-boundary.js:84:11)
    at DevRootNotFoundBoundary (webpack-internal:///(app-pages-browser)/./node_modules/next/dist/client/components/dev-root-not-found-boundary.js:33:11)
    at ReactDevOverlay (webpack-internal:///(app-pages-browser)/./node_modules/next/dist/client/components/react-dev-overlay/app/ReactDevOverlay.js:87:9)
    at HotReload (webpack-internal:///(app-pages-browser)/./node_modules/next/dist/client/components/react-dev-overlay/app/hot-reloader-client.js:321:11)
    at Router (webpack-internal:///(app-pages-browser)/./node_modules/next/dist/client/components/app-router.js:207:11)
    at ErrorBoundaryHandler (webpack-internal:///(app-pages-browser)/./node_modules/next/dist/client/components/error-boundary.js:113:9)
    at ErrorBoundary (webpack-internal:///(app-pages-browser)/./node_modules/next/dist/client/components/error-boundary.js:160:11)
    at AppRouter (webpack-internal:///(app-pages-browser)/./node_modules/next/dist/client/components/app-router.js:585:13)
    at ServerRoot (webpack-internal:///(app-pages-browser)/./node_modules/next/dist/client/app-index.js:112:27)
    at Root (webpack-internal:///(app-pages-browser)/./node_modules/next/dist/client/app-index.js:117:11)
window.console.error @ app-index.js:33
console.error @ hydration-error-info.js:63
printWarning @ react-dom.development.js:94
error @ react-dom.development.js:68
warnOnInvalidKey @ react-dom.development.js:9977
reconcileChildrenArray @ react-dom.development.js:10014
reconcileChildFibersImpl @ react-dom.development.js:10515
reconcileChildFibers @ react-dom.development.js:10573
reconcileChildren @ react-dom.development.js:15809
updateHostComponent$1 @ react-dom.development.js:16687
beginWork$1 @ react-dom.development.js:18503
beginWork @ react-dom.development.js:26927
performUnitOfWork @ react-dom.development.js:25748
workLoopSync @ react-dom.development.js:25464
renderRootSync @ react-dom.development.js:25419
performSyncWorkOnRoot @ react-dom.development.js:24887
flushSyncWorkAcrossRoots_impl @ react-dom.development.js:7758
flushSyncWorkOnAllRoots @ react-dom.development.js:7718
processRootScheduleInMicrotask @ react-dom.development.js:7863
eval @ react-dom.development.js:8034
app-index.js:33 Warning: Encountered two children with the same key, `54aca0f1-2f00-45d4-b662-094defa9c704-2025-02-26-18:30`. Keys should be unique so that components maintain their identity across updates. Non-unique keys may cause children to be duplicated and/or omitted — the behavior is unsupported and could change in a future version.
    at div
    at div
    at div
    at div
    at div
    at div
    at div
    at div
    at div
    at PreviewContainer (webpack-internal:///(app-pages-browser)/./src/components/preview/layout/PreviewContainer.tsx:12:11)
    at ShiftsPreview (webpack-internal:///(app-pages-browser)/./src/components/preview/steps/ShiftsPreview.tsx:331:11)
    at div
    at MotionComponent (webpack-internal:///(app-pages-browser)/./node_modules/framer-motion/dist/es/motion/index.mjs:49:65)
    at PresenceChild (webpack-internal:///(app-pages-browser)/./node_modules/framer-motion/dist/es/components/AnimatePresence/PresenceChild.mjs:15:26)
    at AnimatePresence (webpack-internal:///(app-pages-browser)/./node_modules/framer-motion/dist/es/components/AnimatePresence/index.mjs:72:28)
    at div
    at div
    at div
    at main
    at FormContainer (webpack-internal:///(app-pages-browser)/./src/components/public-form/layout/FormContainer.tsx:15:11)
    at PublicFormContent (webpack-internal:///(app-pages-browser)/./src/components/public-form/layout/PublicFormContent.tsx:23:11)
    at div
    at PublicFormLayout (webpack-internal:///(app-pages-browser)/./src/components/public-form/layout/PublicFormLayout.tsx:18:11)
    at PublicFormContent (webpack-internal:///(app-pages-browser)/./src/components/public-form/PublicFormContent.tsx:22:11)
    at div
    at FormProvider (webpack-internal:///(app-pages-browser)/./src/contexts/FormContext.tsx:100:11)
    at PublicFormPage (webpack-internal:///(app-pages-browser)/./src/app/f/[slug]/page.tsx:29:78)
    at ClientPageRoot (webpack-internal:///(app-pages-browser)/./node_modules/next/dist/client/components/client-page.js:14:11)
    at InnerLayoutRouter (webpack-internal:///(app-pages-browser)/./node_modules/next/dist/client/components/layout-router.js:243:11)
    at RedirectErrorBoundary (webpack-internal:///(app-pages-browser)/./node_modules/next/dist/client/components/redirect-boundary.js:74:9)
    at RedirectBoundary (webpack-internal:///(app-pages-browser)/./node_modules/next/dist/client/components/redirect-boundary.js:82:11)
    at NotFoundBoundary (webpack-internal:///(app-pages-browser)/./node_modules/next/dist/client/components/not-found-boundary.js:84:11)
    at LoadingBoundary (webpack-internal:///(app-pages-browser)/./node_modules/next/dist/client/components/layout-router.js:349:11)
    at ErrorBoundary (webpack-internal:///(app-pages-browser)/./node_modules/next/dist/client/components/error-boundary.js:160:11)
    at InnerScrollAndFocusHandler (webpack-internal:///(app-pages-browser)/./node_modules/next/dist/client/components/layout-router.js:153:9)
    at ScrollAndFocusHandler (webpack-internal:///(app-pages-browser)/./node_modules/next/dist/client/components/layout-router.js:228:11)
    at RenderFromTemplateContext (webpack-internal:///(app-pages-browser)/./node_modules/next/dist/client/components/render-from-template-context.js:16:44)
    at OuterLayoutRouter (webpack-internal:///(app-pages-browser)/./node_modules/next/dist/client/components/layout-router.js:370:11)
    at FormProvider (webpack-internal:///(app-pages-browser)/./src/contexts/FormContext.tsx:100:11)
    at BranchProvider (webpack-internal:///(app-pages-browser)/./src/contexts/BranchContext.tsx:38:11)
    at OrganizationProvider (webpack-internal:///(app-pages-browser)/./src/contexts/OrganizationContext.tsx:47:11)
    at DateProvider (webpack-internal:///(app-pages-browser)/./src/contexts/DateContext.tsx:14:11)
    at AuthProvider (webpack-internal:///(app-pages-browser)/./src/contexts/AuthContext.tsx:46:11)
    at PublicFormLayout (webpack-internal:///(app-pages-browser)/./src/app/f/[slug]/layout.tsx:18:11)
    at InnerLayoutRouter (webpack-internal:///(app-pages-browser)/./node_modules/next/dist/client/components/layout-router.js:243:11)
    at RedirectErrorBoundary (webpack-internal:///(app-pages-browser)/./node_modules/next/dist/client/components/redirect-boundary.js:74:9)
    at RedirectBoundary (webpack-internal:///(app-pages-browser)/./node_modules/next/dist/client/components/redirect-boundary.js:82:11)
    at NotFoundBoundary (webpack-internal:///(app-pages-browser)/./node_modules/next/dist/client/components/not-found-boundary.js:84:11)
    at LoadingBoundary (webpack-internal:///(app-pages-browser)/./node_modules/next/dist/client/components/layout-router.js:349:11)
    at ErrorBoundary (webpack-internal:///(app-pages-browser)/./node_modules/next/dist/client/components/error-boundary.js:160:11)
    at InnerScrollAndFocusHandler (webpack-internal:///(app-pages-browser)/./node_modules/next/dist/client/components/layout-router.js:153:9)
    at ScrollAndFocusHandler (webpack-internal:///(app-pages-browser)/./node_modules/next/dist/client/components/layout-router.js:228:11)
    at RenderFromTemplateContext (webpack-internal:///(app-pages-browser)/./node_modules/next/dist/client/components/render-from-template-context.js:16:44)
    at OuterLayoutRouter (webpack-internal:///(app-pages-browser)/./node_modules/next/dist/client/components/layout-router.js:370:11)
    at InnerLayoutRouter (webpack-internal:///(app-pages-browser)/./node_modules/next/dist/client/components/layout-router.js:243:11)
    at RedirectErrorBoundary (webpack-internal:///(app-pages-browser)/./node_modules/next/dist/client/components/redirect-boundary.js:74:9)
    at RedirectBoundary (webpack-internal:///(app-pages-browser)/./node_modules/next/dist/client/components/redirect-boundary.js:82:11)
    at NotFoundErrorBoundary (webpack-internal:///(app-pages-browser)/./node_modules/next/dist/client/components/not-found-boundary.js:76:9)
    at NotFoundBoundary (webpack-internal:///(app-pages-browser)/./node_modules/next/dist/client/components/not-found-boundary.js:84:11)
    at LoadingBoundary (webpack-internal:///(app-pages-browser)/./node_modules/next/dist/client/components/layout-router.js:349:11)
    at ErrorBoundary (webpack-internal:///(app-pages-browser)/./node_modules/next/dist/client/components/error-boundary.js:160:11)
    at InnerScrollAndFocusHandler (webpack-internal:///(app-pages-browser)/./node_modules/next/dist/client/components/layout-router.js:153:9)
    at ScrollAndFocusHandler (webpack-internal:///(app-pages-browser)/./node_modules/next/dist/client/components/layout-router.js:228:11)
    at RenderFromTemplateContext (webpack-internal:///(app-pages-browser)/./node_modules/next/dist/client/components/render-from-template-context.js:16:44)
    at OuterLayoutRouter (webpack-internal:///(app-pages-browser)/./node_modules/next/dist/client/components/layout-router.js:370:11)
    at FormItemsProvider (webpack-internal:///(app-pages-browser)/./src/contexts/FormItemsContext.tsx:14:11)
    at BranchProvider (webpack-internal:///(app-pages-browser)/./src/contexts/BranchContext.tsx:38:11)
    at OrganizationProvider (webpack-internal:///(app-pages-browser)/./src/contexts/OrganizationContext.tsx:47:11)
    at AuthProvider (webpack-internal:///(app-pages-browser)/./src/contexts/AuthContext.tsx:46:11)
    at QueryClientProvider (webpack-internal:///(app-pages-browser)/./node_modules/@tanstack/react-query/build/modern/QueryClientProvider.js:27:11)
    at Providers (webpack-internal:///(app-pages-browser)/./src/app/providers.tsx:57:11)
    at DateProvider (webpack-internal:///(app-pages-browser)/./src/contexts/DateContext.tsx:14:11)
    at body
    at html
    at RootLayout (Server)
    at RedirectErrorBoundary (webpack-internal:///(app-pages-browser)/./node_modules/next/dist/client/components/redirect-boundary.js:74:9)
    at RedirectBoundary (webpack-internal:///(app-pages-browser)/./node_modules/next/dist/client/components/redirect-boundary.js:82:11)
    at NotFoundErrorBoundary (webpack-internal:///(app-pages-browser)/./node_modules/next/dist/client/components/not-found-boundary.js:76:9)
    at NotFoundBoundary (webpack-internal:///(app-pages-browser)/./node_modules/next/dist/client/components/not-found-boundary.js:84:11)
    at DevRootNotFoundBoundary (webpack-internal:///(app-pages-browser)/./node_modules/next/dist/client/components/dev-root-not-found-boundary.js:33:11)
    at ReactDevOverlay (webpack-internal:///(app-pages-browser)/./node_modules/next/dist/client/components/react-dev-overlay/app/ReactDevOverlay.js:87:9)
    at HotReload (webpack-internal:///(app-pages-browser)/./node_modules/next/dist/client/components/react-dev-overlay/app/hot-reloader-client.js:321:11)
    at Router (webpack-internal:///(app-pages-browser)/./node_modules/next/dist/client/components/app-router.js:207:11)
    at ErrorBoundaryHandler (webpack-internal:///(app-pages-browser)/./node_modules/next/dist/client/components/error-boundary.js:113:9)
    at ErrorBoundary (webpack-internal:///(app-pages-browser)/./node_modules/next/dist/client/components/error-boundary.js:160:11)
    at AppRouter (webpack-internal:///(app-pages-browser)/./node_modules/next/dist/client/components/app-router.js:585:13)
    at ServerRoot (webpack-internal:///(app-pages-browser)/./node_modules/next/dist/client/app-index.js:112:27)
    at Root (webpack-internal:///(app-pages-browser)/./node_modules/next/dist/client/app-index.js:117:11)
window.console.error @ app-index.js:33
console.error @ hydration-error-info.js:63
printWarning @ react-dom.development.js:94
error @ react-dom.development.js:68
warnOnInvalidKey @ react-dom.development.js:9977
reconcileChildrenArray @ react-dom.development.js:10014
reconcileChildFibersImpl @ react-dom.development.js:10515
reconcileChildFibers @ react-dom.development.js:10573
reconcileChildren @ react-dom.development.js:15809
updateHostComponent$1 @ react-dom.development.js:16687
beginWork$1 @ react-dom.development.js:18503
beginWork @ react-dom.development.js:26927
performUnitOfWork @ react-dom.development.js:25748
workLoopSync @ react-dom.development.js:25464
renderRootSync @ react-dom.development.js:25419
performSyncWorkOnRoot @ react-dom.development.js:24887
flushSyncWorkAcrossRoots_impl @ react-dom.development.js:7758
flushSyncWorkOnAllRoots @ react-dom.development.js:7718
processRootScheduleInMicrotask @ react-dom.development.js:7863
eval @ react-dom.development.js:8034
app-index.js:33 Warning: Encountered two children with the same key, `54aca0f1-2f00-45d4-b662-094defa9c704-2025-02-26-19:00`. Keys should be unique so that components maintain their identity across updates. Non-unique keys may cause children to be duplicated and/or omitted — the behavior is unsupported and could change in a future version.
    at div
    at div
    at div
    at div
    at div
    at div
    at div
    at div
    at div
    at PreviewContainer (webpack-internal:///(app-pages-browser)/./src/components/preview/layout/PreviewContainer.tsx:12:11)
    at ShiftsPreview (webpack-internal:///(app-pages-browser)/./src/components/preview/steps/ShiftsPreview.tsx:331:11)
    at div
    at MotionComponent (webpack-internal:///(app-pages-browser)/./node_modules/framer-motion/dist/es/motion/index.mjs:49:65)
    at PresenceChild (webpack-internal:///(app-pages-browser)/./node_modules/framer-motion/dist/es/components/AnimatePresence/PresenceChild.mjs:15:26)
    at AnimatePresence (webpack-internal:///(app-pages-browser)/./node_modules/framer-motion/dist/es/components/AnimatePresence/index.mjs:72:28)
    at div
    at div
    at div
    at main
    at FormContainer (webpack-internal:///(app-pages-browser)/./src/components/public-form/layout/FormContainer.tsx:15:11)
    at PublicFormContent (webpack-internal:///(app-pages-browser)/./src/components/public-form/layout/PublicFormContent.tsx:23:11)
    at div
    at PublicFormLayout (webpack-internal:///(app-pages-browser)/./src/components/public-form/layout/PublicFormLayout.tsx:18:11)
    at PublicFormContent (webpack-internal:///(app-pages-browser)/./src/components/public-form/PublicFormContent.tsx:22:11)
    at div
    at FormProvider (webpack-internal:///(app-pages-browser)/./src/contexts/FormContext.tsx:100:11)
    at PublicFormPage (webpack-internal:///(app-pages-browser)/./src/app/f/[slug]/page.tsx:29:78)
    at ClientPageRoot (webpack-internal:///(app-pages-browser)/./node_modules/next/dist/client/components/client-page.js:14:11)
    at InnerLayoutRouter (webpack-internal:///(app-pages-browser)/./node_modules/next/dist/client/components/layout-router.js:243:11)
    at RedirectErrorBoundary (webpack-internal:///(app-pages-browser)/./node_modules/next/dist/client/components/redirect-boundary.js:74:9)
    at RedirectBoundary (webpack-internal:///(app-pages-browser)/./node_modules/next/dist/client/components/redirect-boundary.js:82:11)
    at NotFoundBoundary (webpack-internal:///(app-pages-browser)/./node_modules/next/dist/client/components/not-found-boundary.js:84:11)
    at LoadingBoundary (webpack-internal:///(app-pages-browser)/./node_modules/next/dist/client/components/layout-router.js:349:11)
    at ErrorBoundary (webpack-internal:///(app-pages-browser)/./node_modules/next/dist/client/components/error-boundary.js:160:11)
    at InnerScrollAndFocusHandler (webpack-internal:///(app-pages-browser)/./node_modules/next/dist/client/components/layout-router.js:153:9)
    at ScrollAndFocusHandler (webpack-internal:///(app-pages-browser)/./node_modules/next/dist/client/components/layout-router.js:228:11)
    at RenderFromTemplateContext (webpack-internal:///(app-pages-browser)/./node_modules/next/dist/client/components/render-from-template-context.js:16:44)
    at OuterLayoutRouter (webpack-internal:///(app-pages-browser)/./node_modules/next/dist/client/components/layout-router.js:370:11)
    at FormProvider (webpack-internal:///(app-pages-browser)/./src/contexts/FormContext.tsx:100:11)
    at BranchProvider (webpack-internal:///(app-pages-browser)/./src/contexts/BranchContext.tsx:38:11)
    at OrganizationProvider (webpack-internal:///(app-pages-browser)/./src/contexts/OrganizationContext.tsx:47:11)
    at DateProvider (webpack-internal:///(app-pages-browser)/./src/contexts/DateContext.tsx:14:11)
    at AuthProvider (webpack-internal:///(app-pages-browser)/./src/contexts/AuthContext.tsx:46:11)
    at PublicFormLayout (webpack-internal:///(app-pages-browser)/./src/app/f/[slug]/layout.tsx:18:11)
    at InnerLayoutRouter (webpack-internal:///(app-pages-browser)/./node_modules/next/dist/client/components/layout-router.js:243:11)
    at RedirectErrorBoundary (webpack-internal:///(app-pages-browser)/./node_modules/next/dist/client/components/redirect-boundary.js:74:9)
    at RedirectBoundary (webpack-internal:///(app-pages-browser)/./node_modules/next/dist/client/components/redirect-boundary.js:82:11)
    at NotFoundBoundary (webpack-internal:///(app-pages-browser)/./node_modules/next/dist/client/components/not-found-boundary.js:84:11)
    at LoadingBoundary (webpack-internal:///(app-pages-browser)/./node_modules/next/dist/client/components/layout-router.js:349:11)
    at ErrorBoundary (webpack-internal:///(app-pages-browser)/./node_modules/next/dist/client/components/error-boundary.js:160:11)
    at InnerScrollAndFocusHandler (webpack-internal:///(app-pages-browser)/./node_modules/next/dist/client/components/layout-router.js:153:9)
    at ScrollAndFocusHandler (webpack-internal:///(app-pages-browser)/./node_modules/next/dist/client/components/layout-router.js:228:11)
    at RenderFromTemplateContext (webpack-internal:///(app-pages-browser)/./node_modules/next/dist/client/components/render-from-template-context.js:16:44)
    at OuterLayoutRouter (webpack-internal:///(app-pages-browser)/./node_modules/next/dist/client/components/layout-router.js:370:11)
    at InnerLayoutRouter (webpack-internal:///(app-pages-browser)/./node_modules/next/dist/client/components/layout-router.js:243:11)
    at RedirectErrorBoundary (webpack-internal:///(app-pages-browser)/./node_modules/next/dist/client/components/redirect-boundary.js:74:9)
    at RedirectBoundary (webpack-internal:///(app-pages-browser)/./node_modules/next/dist/client/components/redirect-boundary.js:82:11)
    at NotFoundErrorBoundary (webpack-internal:///(app-pages-browser)/./node_modules/next/dist/client/components/not-found-boundary.js:76:9)
    at NotFoundBoundary (webpack-internal:///(app-pages-browser)/./node_modules/next/dist/client/components/not-found-boundary.js:84:11)
    at LoadingBoundary (webpack-internal:///(app-pages-browser)/./node_modules/next/dist/client/components/layout-router.js:349:11)
    at ErrorBoundary (webpack-internal:///(app-pages-browser)/./node_modules/next/dist/client/components/error-boundary.js:160:11)
    at InnerScrollAndFocusHandler (webpack-internal:///(app-pages-browser)/./node_modules/next/dist/client/components/layout-router.js:153:9)
    at ScrollAndFocusHandler (webpack-internal:///(app-pages-browser)/./node_modules/next/dist/client/components/layout-router.js:228:11)
    at RenderFromTemplateContext (webpack-internal:///(app-pages-browser)/./node_modules/next/dist/client/components/render-from-template-context.js:16:44)
    at OuterLayoutRouter (webpack-internal:///(app-pages-browser)/./node_modules/next/dist/client/components/layout-router.js:370:11)
    at FormItemsProvider (webpack-internal:///(app-pages-browser)/./src/contexts/FormItemsContext.tsx:14:11)
    at BranchProvider (webpack-internal:///(app-pages-browser)/./src/contexts/BranchContext.tsx:38:11)
    at OrganizationProvider (webpack-internal:///(app-pages-browser)/./src/contexts/OrganizationContext.tsx:47:11)
    at AuthProvider (webpack-internal:///(app-pages-browser)/./src/contexts/AuthContext.tsx:46:11)
    at QueryClientProvider (webpack-internal:///(app-pages-browser)/./node_modules/@tanstack/react-query/build/modern/QueryClientProvider.js:27:11)
    at Providers (webpack-internal:///(app-pages-browser)/./src/app/providers.tsx:57:11)
    at DateProvider (webpack-internal:///(app-pages-browser)/./src/contexts/DateContext.tsx:14:11)
    at body
    at html
    at RootLayout (Server)
    at RedirectErrorBoundary (webpack-internal:///(app-pages-browser)/./node_modules/next/dist/client/components/redirect-boundary.js:74:9)
    at RedirectBoundary (webpack-internal:///(app-pages-browser)/./node_modules/next/dist/client/components/redirect-boundary.js:82:11)
    at NotFoundErrorBoundary (webpack-internal:///(app-pages-browser)/./node_modules/next/dist/client/components/not-found-boundary.js:76:9)
    at NotFoundBoundary (webpack-internal:///(app-pages-browser)/./node_modules/next/dist/client/components/not-found-boundary.js:84:11)
    at DevRootNotFoundBoundary (webpack-internal:///(app-pages-browser)/./node_modules/next/dist/client/components/dev-root-not-found-boundary.js:33:11)
    at ReactDevOverlay (webpack-internal:///(app-pages-browser)/./node_modules/next/dist/client/components/react-dev-overlay/app/ReactDevOverlay.js:87:9)
    at HotReload (webpack-internal:///(app-pages-browser)/./node_modules/next/dist/client/components/react-dev-overlay/app/hot-reloader-client.js:321:11)
    at Router (webpack-internal:///(app-pages-browser)/./node_modules/next/dist/client/components/app-router.js:207:11)
    at ErrorBoundaryHandler (webpack-internal:///(app-pages-browser)/./node_modules/next/dist/client/components/error-boundary.js:113:9)
    at ErrorBoundary (webpack-internal:///(app-pages-browser)/./node_modules/next/dist/client/components/error-boundary.js:160:11)
    at AppRouter (webpack-internal:///(app-pages-browser)/./node_modules/next/dist/client/components/app-router.js:585:13)
    at ServerRoot (webpack-internal:///(app-pages-browser)/./node_modules/next/dist/client/app-index.js:112:27)
    at Root (webpack-internal:///(app-pages-browser)/./node_modules/next/dist/client/app-index.js:117:11)
window.console.error @ app-index.js:33
console.error @ hydration-error-info.js:63
printWarning @ react-dom.development.js:94
error @ react-dom.development.js:68
warnOnInvalidKey @ react-dom.development.js:9977
reconcileChildrenArray @ react-dom.development.js:10014
reconcileChildFibersImpl @ react-dom.development.js:10515
reconcileChildFibers @ react-dom.development.js:10573
reconcileChildren @ react-dom.development.js:15809
updateHostComponent$1 @ react-dom.development.js:16687
beginWork$1 @ react-dom.development.js:18503
beginWork @ react-dom.development.js:26927
performUnitOfWork @ react-dom.development.js:25748
workLoopSync @ react-dom.development.js:25464
renderRootSync @ react-dom.development.js:25419
performSyncWorkOnRoot @ react-dom.development.js:24887
flushSyncWorkAcrossRoots_impl @ react-dom.development.js:7758
flushSyncWorkOnAllRoots @ react-dom.development.js:7718
processRootScheduleInMicrotask @ react-dom.development.js:7863
eval @ react-dom.development.js:8034
app-index.js:33 Warning: Encountered two children with the same key, `54aca0f1-2f00-45d4-b662-094defa9c704-2025-02-26-19:30`. Keys should be unique so that components maintain their identity across updates. Non-unique keys may cause children to be duplicated and/or omitted — the behavior is unsupported and could change in a future version.
    at div
    at div
    at div
    at div
    at div
    at div
    at div
    at div
    at div
    at PreviewContainer (webpack-internal:///(app-pages-browser)/./src/components/preview/layout/PreviewContainer.tsx:12:11)
    at ShiftsPreview (webpack-internal:///(app-pages-browser)/./src/components/preview/steps/ShiftsPreview.tsx:331:11)
    at div
    at MotionComponent (webpack-internal:///(app-pages-browser)/./node_modules/framer-motion/dist/es/motion/index.mjs:49:65)
    at PresenceChild (webpack-internal:///(app-pages-browser)/./node_modules/framer-motion/dist/es/components/AnimatePresence/PresenceChild.mjs:15:26)
    at AnimatePresence (webpack-internal:///(app-pages-browser)/./node_modules/framer-motion/dist/es/components/AnimatePresence/index.mjs:72:28)
    at div
    at div
    at div
    at main
    at FormContainer (webpack-internal:///(app-pages-browser)/./src/components/public-form/layout/FormContainer.tsx:15:11)
    at PublicFormContent (webpack-internal:///(app-pages-browser)/./src/components/public-form/layout/PublicFormContent.tsx:23:11)
    at div
    at PublicFormLayout (webpack-internal:///(app-pages-browser)/./src/components/public-form/layout/PublicFormLayout.tsx:18:11)
    at PublicFormContent (webpack-internal:///(app-pages-browser)/./src/components/public-form/PublicFormContent.tsx:22:11)
    at div
    at FormProvider (webpack-internal:///(app-pages-browser)/./src/contexts/FormContext.tsx:100:11)
    at PublicFormPage (webpack-internal:///(app-pages-browser)/./src/app/f/[slug]/page.tsx:29:78)
    at ClientPageRoot (webpack-internal:///(app-pages-browser)/./node_modules/next/dist/client/components/client-page.js:14:11)
    at InnerLayoutRouter (webpack-internal:///(app-pages-browser)/./node_modules/next/dist/client/components/layout-router.js:243:11)
    at RedirectErrorBoundary (webpack-internal:///(app-pages-browser)/./node_modules/next/dist/client/components/redirect-boundary.js:74:9)
    at RedirectBoundary (webpack-internal:///(app-pages-browser)/./node_modules/next/dist/client/components/redirect-boundary.js:82:11)
    at NotFoundBoundary (webpack-internal:///(app-pages-browser)/./node_modules/next/dist/client/components/not-found-boundary.js:84:11)
    at LoadingBoundary (webpack-internal:///(app-pages-browser)/./node_modules/next/dist/client/components/layout-router.js:349:11)
    at ErrorBoundary (webpack-internal:///(app-pages-browser)/./node_modules/next/dist/client/components/error-boundary.js:160:11)
    at InnerScrollAndFocusHandler (webpack-internal:///(app-pages-browser)/./node_modules/next/dist/client/components/layout-router.js:153:9)
    at ScrollAndFocusHandler (webpack-internal:///(app-pages-browser)/./node_modules/next/dist/client/components/layout-router.js:228:11)
    at RenderFromTemplateContext (webpack-internal:///(app-pages-browser)/./node_modules/next/dist/client/components/render-from-template-context.js:16:44)
    at OuterLayoutRouter (webpack-internal:///(app-pages-browser)/./node_modules/next/dist/client/components/layout-router.js:370:11)
    at FormProvider (webpack-internal:///(app-pages-browser)/./src/contexts/FormContext.tsx:100:11)
    at BranchProvider (webpack-internal:///(app-pages-browser)/./src/contexts/BranchContext.tsx:38:11)
    at OrganizationProvider (webpack-internal:///(app-pages-browser)/./src/contexts/OrganizationContext.tsx:47:11)
    at DateProvider (webpack-internal:///(app-pages-browser)/./src/contexts/DateContext.tsx:14:11)
    at AuthProvider (webpack-internal:///(app-pages-browser)/./src/contexts/AuthContext.tsx:46:11)
    at PublicFormLayout (webpack-internal:///(app-pages-browser)/./src/app/f/[slug]/layout.tsx:18:11)
    at InnerLayoutRouter (webpack-internal:///(app-pages-browser)/./node_modules/next/dist/client/components/layout-router.js:243:11)
    at RedirectErrorBoundary (webpack-internal:///(app-pages-browser)/./node_modules/next/dist/client/components/redirect-boundary.js:74:9)
    at RedirectBoundary (webpack-internal:///(app-pages-browser)/./node_modules/next/dist/client/components/redirect-boundary.js:82:11)
    at NotFoundBoundary (webpack-internal:///(app-pages-browser)/./node_modules/next/dist/client/components/not-found-boundary.js:84:11)
    at LoadingBoundary (webpack-internal:///(app-pages-browser)/./node_modules/next/dist/client/components/layout-router.js:349:11)
    at ErrorBoundary (webpack-internal:///(app-pages-browser)/./node_modules/next/dist/client/components/error-boundary.js:160:11)
    at InnerScrollAndFocusHandler (webpack-internal:///(app-pages-browser)/./node_modules/next/dist/client/components/layout-router.js:153:9)
    at ScrollAndFocusHandler (webpack-internal:///(app-pages-browser)/./node_modules/next/dist/client/components/layout-router.js:228:11)
    at RenderFromTemplateContext (webpack-internal:///(app-pages-browser)/./node_modules/next/dist/client/components/render-from-template-context.js:16:44)
    at OuterLayoutRouter (webpack-internal:///(app-pages-browser)/./node_modules/next/dist/client/components/layout-router.js:370:11)
    at InnerLayoutRouter (webpack-internal:///(app-pages-browser)/./node_modules/next/dist/client/components/layout-router.js:243:11)
    at RedirectErrorBoundary (webpack-internal:///(app-pages-browser)/./node_modules/next/dist/client/components/redirect-boundary.js:74:9)
    at RedirectBoundary (webpack-internal:///(app-pages-browser)/./node_modules/next/dist/client/components/redirect-boundary.js:82:11)
    at NotFoundErrorBoundary (webpack-internal:///(app-pages-browser)/./node_modules/next/dist/client/components/not-found-boundary.js:76:9)
    at NotFoundBoundary (webpack-internal:///(app-pages-browser)/./node_modules/next/dist/client/components/not-found-boundary.js:84:11)
    at LoadingBoundary (webpack-internal:///(app-pages-browser)/./node_modules/next/dist/client/components/layout-router.js:349:11)
    at ErrorBoundary (webpack-internal:///(app-pages-browser)/./node_modules/next/dist/client/components/error-boundary.js:160:11)
    at InnerScrollAndFocusHandler (webpack-internal:///(app-pages-browser)/./node_modules/next/dist/client/components/layout-router.js:153:9)
    at ScrollAndFocusHandler (webpack-internal:///(app-pages-browser)/./node_modules/next/dist/client/components/layout-router.js:228:11)
    at RenderFromTemplateContext (webpack-internal:///(app-pages-browser)/./node_modules/next/dist/client/components/render-from-template-context.js:16:44)
    at OuterLayoutRouter (webpack-internal:///(app-pages-browser)/./node_modules/next/dist/client/components/layout-router.js:370:11)
    at FormItemsProvider (webpack-internal:///(app-pages-browser)/./src/contexts/FormItemsContext.tsx:14:11)
    at BranchProvider (webpack-internal:///(app-pages-browser)/./src/contexts/BranchContext.tsx:38:11)
    at OrganizationProvider (webpack-internal:///(app-pages-browser)/./src/contexts/OrganizationContext.tsx:47:11)
    at AuthProvider (webpack-internal:///(app-pages-browser)/./src/contexts/AuthContext.tsx:46:11)
    at QueryClientProvider (webpack-internal:///(app-pages-browser)/./node_modules/@tanstack/react-query/build/modern/QueryClientProvider.js:27:11)
    at Providers (webpack-internal:///(app-pages-browser)/./src/app/providers.tsx:57:11)
    at DateProvider (webpack-internal:///(app-pages-browser)/./src/contexts/DateContext.tsx:14:11)
    at body
    at html
    at RootLayout (Server)
    at RedirectErrorBoundary (webpack-internal:///(app-pages-browser)/./node_modules/next/dist/client/components/redirect-boundary.js:74:9)
    at RedirectBoundary (webpack-internal:///(app-pages-browser)/./node_modules/next/dist/client/components/redirect-boundary.js:82:11)
    at NotFoundErrorBoundary (webpack-internal:///(app-pages-browser)/./node_modules/next/dist/client/components/not-found-boundary.js:76:9)
    at NotFoundBoundary (webpack-internal:///(app-pages-browser)/./node_modules/next/dist/client/components/not-found-boundary.js:84:11)
    at DevRootNotFoundBoundary (webpack-internal:///(app-pages-browser)/./node_modules/next/dist/client/components/dev-root-not-found-boundary.js:33:11)
    at ReactDevOverlay (webpack-internal:///(app-pages-browser)/./node_modules/next/dist/client/components/react-dev-overlay/app/ReactDevOverlay.js:87:9)
    at HotReload (webpack-internal:///(app-pages-browser)/./node_modules/next/dist/client/components/react-dev-overlay/app/hot-reloader-client.js:321:11)
    at Router (webpack-internal:///(app-pages-browser)/./node_modules/next/dist/client/components/app-router.js:207:11)
    at ErrorBoundaryHandler (webpack-internal:///(app-pages-browser)/./node_modules/next/dist/client/components/error-boundary.js:113:9)
    at ErrorBoundary (webpack-internal:///(app-pages-browser)/./node_modules/next/dist/client/components/error-boundary.js:160:11)
    at AppRouter (webpack-internal:///(app-pages-browser)/./node_modules/next/dist/client/components/app-router.js:585:13)
    at ServerRoot (webpack-internal:///(app-pages-browser)/./node_modules/next/dist/client/app-index.js:112:27)
    at Root (webpack-internal:///(app-pages-browser)/./node_modules/next/dist/client/app-index.js:117:11)
window.console.error @ app-index.js:33
console.error @ hydration-error-info.js:63
printWarning @ react-dom.development.js:94
error @ react-dom.development.js:68
warnOnInvalidKey @ react-dom.development.js:9977
reconcileChildrenArray @ react-dom.development.js:10014
reconcileChildFibersImpl @ react-dom.development.js:10515
reconcileChildFibers @ react-dom.development.js:10573
reconcileChildren @ react-dom.development.js:15809
updateHostComponent$1 @ react-dom.development.js:16687
beginWork$1 @ react-dom.development.js:18503
beginWork @ react-dom.development.js:26927
performUnitOfWork @ react-dom.development.js:25748
workLoopSync @ react-dom.development.js:25464
renderRootSync @ react-dom.development.js:25419
performSyncWorkOnRoot @ react-dom.development.js:24887
flushSyncWorkAcrossRoots_impl @ react-dom.development.js:7758
flushSyncWorkOnAllRoots @ react-dom.development.js:7718
processRootScheduleInMicrotask @ react-dom.development.js:7863
eval @ react-dom.development.js:8034
PublicFormContent.tsx:45 [PublicFormContent] Estado actual: {currentStep: 2, totalSteps: 4, currentField: 'players', currentType: 'items', nextField: 'summary', …}
ItemsPreview.tsx:156 Current Selected Slot: {date: '2025-02-26', startTime: '15:00', endTime: '16:30', duration: 1.5}
ItemsPreview.tsx:156 Current Selected Slot: {date: '2025-02-26', startTime: '15:00', endTime: '16:30', duration: 1.5}
useItems.ts:15 🔍 Iniciando carga de artículos para sede: eb8139e9-261f-4912-bc32-9aa1d455ab15
useItems.ts:24 👉 Verificando existencia de la sede: eb8139e9-261f-4912-bc32-9aa1d455ab15
useItems.ts:41 ✅ Sede verificada: Sede 2
useItems.ts:44 👉 Obteniendo artículos de la sede
useItems.ts:62 ✅ 5 artículos encontrados
useItems.ts:83 Procesando precio por duración: {itemName: 'Artículo 1', duration: 60, price: 10}
useItems.ts:83 Procesando precio por duración: {itemName: 'Artículo 1', duration: 90, price: 16}
useItems.ts:95 Procesando duration_pricing para item: {itemName: 'Artículo 1', originalPricing: {…}, processedPricing: {…}, availableDurations: Array(2)}
useItems.ts:83 Procesando precio por duración: {itemName: 'Artículo 2', duration: 60, price: 12}
useItems.ts:83 Procesando precio por duración: {itemName: 'Artículo 2', duration: 90, price: 17}
useItems.ts:95 Procesando duration_pricing para item: {itemName: 'Artículo 2', originalPricing: {…}, processedPricing: {…}, availableDurations: Array(2)}
useItems.ts:83 Procesando precio por duración: {itemName: 'Artículo 3', duration: 30, price: 10}
useItems.ts:83 Procesando precio por duración: {itemName: 'Artículo 3', duration: 60, price: 12}
useItems.ts:83 Procesando precio por duración: {itemName: 'Artículo 3', duration: 90, price: 15}
useItems.ts:95 Procesando duration_pricing para item: {itemName: 'Artículo 3', originalPricing: {…}, processedPricing: {…}, availableDurations: Array(3)}
useItems.ts:83 Procesando precio por duración: {itemName: 'Artículo 4', duration: 30, price: 12}
useItems.ts:83 Procesando precio por duración: {itemName: 'Artículo 4', duration: 60, price: 10}
useItems.ts:83 Procesando precio por duración: {itemName: 'Artículo 4', duration: 90, price: 14.5}
useItems.ts:95 Procesando duration_pricing para item: {itemName: 'Artículo 4', originalPricing: {…}, processedPricing: {…}, availableDurations: Array(3)}
useItems.ts:83 Procesando precio por duración: {itemName: 'Artículo 5', duration: 60, price: 10}
useItems.ts:83 Procesando precio por duración: {itemName: 'Artículo 5', duration: 90, price: 14}
useItems.ts:95 Procesando duration_pricing para item: {itemName: 'Artículo 5', originalPricing: {…}, processedPricing: {…}, availableDurations: Array(2)}
useItems.ts:122 ✅ Datos transformados correctamente
FormItemsContext.tsx:106 FormItemsContext - Actualizando selectedItems: {8e76de4a-d5d0-4083-afee-581ecf0c9dc9: 1}
ItemsPreview.tsx:156 Current Selected Slot: {date: '2025-02-26', startTime: '15:00', endTime: '16:30', duration: 1.5}
ItemsPreview.tsx:156 Current Selected Slot: {date: '2025-02-26', startTime: '15:00', endTime: '16:30', duration: 1.5}
FormItemsContext.tsx:106 FormItemsContext - Actualizando selectedItems: {8e76de4a-d5d0-4083-afee-581ecf0c9dc9: 2}
ItemsPreview.tsx:156 Current Selected Slot: {date: '2025-02-26', startTime: '15:00', endTime: '16:30', duration: 1.5}
ItemsPreview.tsx:156 Current Selected Slot: {date: '2025-02-26', startTime: '15:00', endTime: '16:30', duration: 1.5}
FormItemsContext.tsx:106 FormItemsContext - Actualizando selectedItems: {8e76de4a-d5d0-4083-afee-581ecf0c9dc9: 3}
ItemsPreview.tsx:156 Current Selected Slot: {date: '2025-02-26', startTime: '15:00', endTime: '16:30', duration: 1.5}
ItemsPreview.tsx:156 Current Selected Slot: {date: '2025-02-26', startTime: '15:00', endTime: '16:30', duration: 1.5}
FormItemsContext.tsx:106 FormItemsContext - Actualizando selectedItems: {8e76de4a-d5d0-4083-afee-581ecf0c9dc9: 4}
ItemsPreview.tsx:156 Current Selected Slot: {date: '2025-02-26', startTime: '15:00', endTime: '16:30', duration: 1.5}
ItemsPreview.tsx:156 Current Selected Slot: {date: '2025-02-26', startTime: '15:00', endTime: '16:30', duration: 1.5}
FormItemsContext.tsx:106 FormItemsContext - Actualizando selectedItems: {8e76de4a-d5d0-4083-afee-581ecf0c9dc9: 5}
ItemsPreview.tsx:156 Current Selected Slot: {date: '2025-02-26', startTime: '15:00', endTime: '16:30', duration: 1.5}
ItemsPreview.tsx:156 Current Selected Slot: {date: '2025-02-26', startTime: '15:00', endTime: '16:30', duration: 1.5}
FormItemsContext.tsx:106 FormItemsContext - Actualizando selectedItems: {8e76de4a-d5d0-4083-afee-581ecf0c9dc9: 6}
ItemsPreview.tsx:156 Current Selected Slot: {date: '2025-02-26', startTime: '15:00', endTime: '16:30', duration: 1.5}
ItemsPreview.tsx:156 Current Selected Slot: {date: '2025-02-26', startTime: '15:00', endTime: '16:30', duration: 1.5}
FormItemsContext.tsx:106 FormItemsContext - Actualizando selectedItems: {8e76de4a-d5d0-4083-afee-581ecf0c9dc9: 7}
ItemsPreview.tsx:156 Current Selected Slot: {date: '2025-02-26', startTime: '15:00', endTime: '16:30', duration: 1.5}
ItemsPreview.tsx:156 Current Selected Slot: {date: '2025-02-26', startTime: '15:00', endTime: '16:30', duration: 1.5}
FormItemsContext.tsx:106 FormItemsContext - Actualizando selectedItems: {8e76de4a-d5d0-4083-afee-581ecf0c9dc9: 8}
ItemsPreview.tsx:156 Current Selected Slot: {date: '2025-02-26', startTime: '15:00', endTime: '16:30', duration: 1.5}
ItemsPreview.tsx:156 Current Selected Slot: {date: '2025-02-26', startTime: '15:00', endTime: '16:30', duration: 1.5}
FormItemsContext.tsx:106 FormItemsContext - Actualizando selectedItems: {8e76de4a-d5d0-4083-afee-581ecf0c9dc9: 9}
ItemsPreview.tsx:156 Current Selected Slot: {date: '2025-02-26', startTime: '15:00', endTime: '16:30', duration: 1.5}
ItemsPreview.tsx:156 Current Selected Slot: {date: '2025-02-26', startTime: '15:00', endTime: '16:30', duration: 1.5}
FormItemsContext.tsx:106 FormItemsContext - Actualizando selectedItems: {8e76de4a-d5d0-4083-afee-581ecf0c9dc9: 10}
ItemsPreview.tsx:156 Current Selected Slot: {date: '2025-02-26', startTime: '15:00', endTime: '16:30', duration: 1.5}
ItemsPreview.tsx:156 Current Selected Slot: {date: '2025-02-26', startTime: '15:00', endTime: '16:30', duration: 1.5}
FormItemsContext.tsx:106 FormItemsContext - Actualizando selectedItems: {8e76de4a-d5d0-4083-afee-581ecf0c9dc9: 11}
ItemsPreview.tsx:156 Current Selected Slot: {date: '2025-02-26', startTime: '15:00', endTime: '16:30', duration: 1.5}
ItemsPreview.tsx:156 Current Selected Slot: {date: '2025-02-26', startTime: '15:00', endTime: '16:30', duration: 1.5}
FormItemsContext.tsx:106 FormItemsContext - Actualizando selectedItems: {8e76de4a-d5d0-4083-afee-581ecf0c9dc9: 12}
ItemsPreview.tsx:156 Current Selected Slot: {date: '2025-02-26', startTime: '15:00', endTime: '16:30', duration: 1.5}
ItemsPreview.tsx:156 Current Selected Slot: {date: '2025-02-26', startTime: '15:00', endTime: '16:30', duration: 1.5}
FormItemsContext.tsx:106 FormItemsContext - Actualizando selectedItems: {8e76de4a-d5d0-4083-afee-581ecf0c9dc9: 13}
ItemsPreview.tsx:156 Current Selected Slot: {date: '2025-02-26', startTime: '15:00', endTime: '16:30', duration: 1.5}
ItemsPreview.tsx:156 Current Selected Slot: {date: '2025-02-26', startTime: '15:00', endTime: '16:30', duration: 1.5}
PublicFormContent.tsx:62 [Navigation] Iniciando navegación: {from: 'items', currentType: 'items', currentStep: 2, nextStep: 3, hasNextField: true, …}
preview-to-public.ts:205 [StepType] Normalizando tipo: {original: 'items', systemType: 'items', hasMapping: false}
preview-to-public.ts:205 [StepType] Normalizando tipo: {original: 'summary', systemType: 'summary', hasMapping: true}
preview-to-public.ts:219 [StepOrder] Validando orden: {currentType: 'items', nextType: 'summary', STEP_ORDER: Array(6), totalSteps: 6}
preview-to-public.ts:246 [StepOrder] Resultado de validación: {currentOrder: 3, nextOrder: 4, isValid: true, isSummaryToFarewell: false}
PublicFormContent.tsx:81 [Navigation] Iniciando navegación: {from: 'players', currentType: 'items', currentStep: 2, nextStep: 3, hasNextField: true}
PublicFormContent.tsx:91 [Navigation] Navegación completada al paso: 3
preview-to-public.ts:205 [StepType] Normalizando tipo: {original: 'summary', systemType: 'summary', hasMapping: true}
preview-to-public.ts:205 [StepType] Normalizando tipo: {original: 'summary', systemType: 'summary', hasMapping: true}
PublicFormLayout.tsx:42 [PublicFormLayout] Renderizando con: {currentStep: 3, fieldType: 'summary', slug: 'formulario-03', isNextDisabled: false, showNextButton: false, …}
PublicFormLayout.tsx:42 [PublicFormLayout] Renderizando con: {currentStep: 3, fieldType: 'summary', slug: 'formulario-03', isNextDisabled: false, showNextButton: false, …}
preview-to-public.ts:205 [StepType] Normalizando tipo: {original: 'summary', systemType: 'summary', hasMapping: true}
preview-to-public.ts:261 [ComponentMapper] Mapeando componente: {originalType: 'summary', systemType: 'summary', availableTypes: Array(6)}
preview-to-public.ts:274 [ComponentMapper] Componente encontrado: {originalType: 'summary', systemType: 'summary', component: 'SummaryPreview'}
preview-to-public.ts:205 [StepType] Normalizando tipo: {original: 'summary', systemType: 'summary', hasMapping: true}
preview-to-public.ts:261 [ComponentMapper] Mapeando componente: {originalType: 'summary', systemType: 'summary', availableTypes: Array(6)}
preview-to-public.ts:274 [ComponentMapper] Componente encontrado: {originalType: 'summary', systemType: 'summary', component: 'SummaryPreview'}
ItemsPreview.tsx:156 Current Selected Slot: {date: '2025-02-26', startTime: '15:00', endTime: '16:30', duration: 1.5}
ItemsPreview.tsx:156 Current Selected Slot: {date: '2025-02-26', startTime: '15:00', endTime: '16:30', duration: 1.5}
PublicFormContent.tsx:45 [PublicFormContent] Estado actual: {currentStep: 3, totalSteps: 4, currentField: 'summary', currentType: 'summary', nextField: undefined, …}
SummaryPreview.tsx:111 [SummaryPreview] ID de empresa encontrado: 99f78081-24fa-4892-aae2-823816e7d132
useStoredCards.ts:41 [StoredCards] No se puede cargar tarjetas: {stripeAccountId: null, isConnected: false, hasUser: true}
useStoredCards.ts:41 [StoredCards] No se puede cargar tarjetas: {stripeAccountId: null, isConnected: false, hasUser: true}
useStripeConfig.ts:52 [StripeConfig] Iniciando búsqueda de configuración: {empresaId: '99f78081-24fa-4892-aae2-823816e7d132'}
StripeConfigContext.tsx:51 [StripeConfig] Iniciando búsqueda de configuración: {empresaId: '99f78081-24fa-4892-aae2-823816e7d132'}
useStripeConfig.ts:66 [StripeConfig] Configuración encontrada: {empresaId: '99f78081-24fa-4892-aae2-823816e7d132', stripeAccountId: 'acct_1QddDLC4oQv4vCtF', status: 'active', charges_enabled: true, is_active: true}
v3:1 You may test your Stripe.js integration over HTTP. However, live Stripe.js integrations must use HTTPS.
value @ v3:1
e @ v3:1
Wd @ v3:1
initStripe @ index.mjs:132
eval @ index.mjs:171
Promise.then
loadStripe @ index.mjs:170
initStripe @ StripeProvider.tsx:28
eval @ StripeProvider.tsx:39
commitHookEffectListMount @ react-dom.development.js:21102
commitHookPassiveMountEffects @ react-dom.development.js:23154
commitPassiveMountOnFiber @ react-dom.development.js:23259
recursivelyTraversePassiveMountEffects @ react-dom.development.js:23237
commitPassiveMountOnFiber @ react-dom.development.js:23370
recursivelyTraversePassiveMountEffects @ react-dom.development.js:23237
commitPassiveMountOnFiber @ react-dom.development.js:23256
recursivelyTraversePassiveMountEffects @ react-dom.development.js:23237
commitPassiveMountOnFiber @ react-dom.development.js:23370
recursivelyTraversePassiveMountEffects @ react-dom.development.js:23237
commitPassiveMountOnFiber @ react-dom.development.js:23370
recursivelyTraversePassiveMountEffects @ react-dom.development.js:23237
commitPassiveMountOnFiber @ react-dom.development.js:23256
recursivelyTraversePassiveMountEffects @ react-dom.development.js:23237
commitPassiveMountOnFiber @ react-dom.development.js:23256
recursivelyTraversePassiveMountEffects @ react-dom.development.js:23237
commitPassiveMountOnFiber @ react-dom.development.js:23370
recursivelyTraversePassiveMountEffects @ react-dom.development.js:23237
commitPassiveMountOnFiber @ react-dom.development.js:23370
recursivelyTraversePassiveMountEffects @ react-dom.development.js:23237
commitPassiveMountOnFiber @ react-dom.development.js:23256
recursivelyTraversePassiveMountEffects @ react-dom.development.js:23237
commitPassiveMountOnFiber @ react-dom.development.js:23370
recursivelyTraversePassiveMountEffects @ react-dom.development.js:23237
commitPassiveMountOnFiber @ react-dom.development.js:23256
recursivelyTraversePassiveMountEffects @ react-dom.development.js:23237
commitPassiveMountOnFiber @ react-dom.development.js:23256
recursivelyTraversePassiveMountEffects @ react-dom.development.js:23237
commitPassiveMountOnFiber @ react-dom.development.js:23370
recursivelyTraversePassiveMountEffects @ react-dom.development.js:23237
commitPassiveMountOnFiber @ react-dom.development.js:23370
recursivelyTraversePassiveMountEffects @ react-dom.development.js:23237
commitPassiveMountOnFiber @ react-dom.development.js:23370
recursivelyTraversePassiveMountEffects @ react-dom.development.js:23237
commitPassiveMountOnFiber @ react-dom.development.js:23370
recursivelyTraversePassiveMountEffects @ react-dom.development.js:23237
commitPassiveMountOnFiber @ react-dom.development.js:23256
recursivelyTraversePassiveMountEffects @ react-dom.development.js:23237
commitPassiveMountOnFiber @ react-dom.development.js:23256
recursivelyTraversePassiveMountEffects @ react-dom.development.js:23237
commitPassiveMountOnFiber @ react-dom.development.js:23370
recursivelyTraversePassiveMountEffects @ react-dom.development.js:23237
commitPassiveMountOnFiber @ react-dom.development.js:23256
recursivelyTraversePassiveMountEffects @ react-dom.development.js:23237
commitPassiveMountOnFiber @ react-dom.development.js:23256
recursivelyTraversePassiveMountEffects @ react-dom.development.js:23237
commitPassiveMountOnFiber @ react-dom.development.js:23370
recursivelyTraversePassiveMountEffects @ react-dom.development.js:23237
commitPassiveMountOnFiber @ react-dom.development.js:23370
recursivelyTraversePassiveMountEffects @ react-dom.development.js:23237
commitPassiveMountOnFiber @ react-dom.development.js:23256
recursivelyTraversePassiveMountEffects @ react-dom.development.js:23237
commitPassiveMountOnFiber @ react-dom.development.js:23256
recursivelyTraversePassiveMountEffects @ react-dom.development.js:23237
commitPassiveMountOnFiber @ react-dom.development.js:23256
recursivelyTraversePassiveMountEffects @ react-dom.development.js:23237
commitPassiveMountOnFiber @ react-dom.development.js:23370
recursivelyTraversePassiveMountEffects @ react-dom.development.js:23237
commitPassiveMountOnFiber @ react-dom.development.js:23370
recursivelyTraversePassiveMountEffects @ react-dom.development.js:23237
commitPassiveMountOnFiber @ react-dom.development.js:23256
recursivelyTraversePassiveMountEffects @ react-dom.development.js:23237
commitPassiveMountOnFiber @ react-dom.development.js:23370
recursivelyTraversePassiveMountEffects @ react-dom.development.js:23237
commitPassiveMountOnFiber @ react-dom.development.js:23256
recursivelyTraversePassiveMountEffects @ react-dom.development.js:23237
commitPassiveMountOnFiber @ react-dom.development.js:23256
recursivelyTraversePassiveMountEffects @ react-dom.development.js:23237
commitPassiveMountOnFiber @ react-dom.development.js:23256
recursivelyTraversePassiveMountEffects @ react-dom.development.js:23237
commitPassiveMountOnFiber @ react-dom.development.js:23256
recursivelyTraversePassiveMountEffects @ react-dom.development.js:23237
commitPassiveMountOnFiber @ react-dom.development.js:23370
recursivelyTraversePassiveMountEffects @ react-dom.development.js:23237
commitPassiveMountOnFiber @ react-dom.development.js:23256
recursivelyTraversePassiveMountEffects @ react-dom.development.js:23237
commitPassiveMountOnFiber @ react-dom.development.js:23256
recursivelyTraversePassiveMountEffects @ react-dom.development.js:23237
commitPassiveMountOnFiber @ react-dom.development.js:23370
recursivelyTraversePassiveMountEffects @ react-dom.development.js:23237
commitPassiveMountOnFiber @ react-dom.development.js:23256
recursivelyTraversePassiveMountEffects @ react-dom.development.js:23237
commitPassiveMountOnFiber @ react-dom.development.js:23370
recursivelyTraversePassiveMountEffects @ react-dom.development.js:23237
commitPassiveMountOnFiber @ react-dom.development.js:23256
recursivelyTraversePassiveMountEffects @ react-dom.development.js:23237
commitPassiveMountOnFiber @ react-dom.development.js:23370
recursivelyTraversePassiveMountEffects @ react-dom.development.js:23237
commitPassiveMountOnFiber @ react-dom.development.js:23256
recursivelyTraversePassiveMountEffects @ react-dom.development.js:23237
commitPassiveMountOnFiber @ react-dom.development.js:23370
recursivelyTraversePassiveMountEffects @ react-dom.development.js:23237
commitPassiveMountOnFiber @ react-dom.development.js:23256
recursivelyTraversePassiveMountEffects @ react-dom.development.js:23237
commitPassiveMountOnFiber @ react-dom.development.js:23370
recursivelyTraversePassiveMountEffects @ react-dom.development.js:23237
commitPassiveMountOnFiber @ react-dom.development.js:23256
recursivelyTraversePassiveMountEffects @ react-dom.development.js:23237
commitPassiveMountOnFiber @ react-dom.development.js:23370
recursivelyTraversePassiveMountEffects @ react-dom.development.js:23237
commitPassiveMountOnFiber @ react-dom.development.js:23256
recursivelyTraversePassiveMountEffects @ react-dom.development.js:23237
commitPassiveMountOnFiber @ react-dom.development.js:23256
recursivelyTraversePassiveMountEffects @ react-dom.development.js:23237
commitPassiveMountOnFiber @ react-dom.development.js:23370
recursivelyTraversePassiveMountEffects @ react-dom.development.js:23237
commitPassiveMountOnFiber @ react-dom.development.js:23370
recursivelyTraversePassiveMountEffects @ react-dom.development.js:23237
commitPassiveMountOnFiber @ react-dom.development.js:23256
recursivelyTraversePassiveMountEffects @ react-dom.development.js:23237
commitPassiveMountOnFiber @ react-dom.development.js:23370
recursivelyTraversePassiveMountEffects @ react-dom.development.js:23237
commitPassiveMountOnFiber @ react-dom.development.js:23256
recursivelyTraversePassiveMountEffects @ react-dom.development.js:23237
commitPassiveMountOnFiber @ react-dom.development.js:23256
recursivelyTraversePassiveMountEffects @ react-dom.development.js:23237
commitPassiveMountOnFiber @ react-dom.development.js:23256
recursivelyTraversePassiveMountEffects @ react-dom.development.js:23237
commitPassiveMountOnFiber @ react-dom.development.js:23256
recursivelyTraversePassiveMountEffects @ react-dom.development.js:23237
commitPassiveMountOnFiber @ react-dom.development.js:23370
recursivelyTraversePassiveMountEffects @ react-dom.development.js:23237
commitPassiveMountOnFiber @ react-dom.development.js:23256
recursivelyTraversePassiveMountEffects @ react-dom.development.js:23237
commitPassiveMountOnFiber @ react-dom.development.js:23256
recursivelyTraversePassiveMountEffects @ react-dom.development.js:23237
commitPassiveMountOnFiber @ react-dom.development.js:23370
recursivelyTraversePassiveMountEffects @ react-dom.development.js:23237
commitPassiveMountOnFiber @ react-dom.development.js:23256
recursivelyTraversePassiveMountEffects @ react-dom.development.js:23237
commitPassiveMountOnFiber @ react-dom.development.js:23370
recursivelyTraversePassiveMountEffects @ react-dom.development.js:23237
commitPassiveMountOnFiber @ react-dom.development.js:23256
recursivelyTraversePassiveMountEffects @ react-dom.development.js:23237
commitPassiveMountOnFiber @ react-dom.development.js:23370
recursivelyTraversePassiveMountEffects @ react-dom.development.js:23237
commitPassiveMountOnFiber @ react-dom.development.js:23256
recursivelyTraversePassiveMountEffects @ react-dom.development.js:23237
commitPassiveMountOnFiber @ react-dom.development.js:23370
recursivelyTraversePassiveMountEffects @ react-dom.development.js:23237
commitPassiveMountOnFiber @ react-dom.development.js:23256
recursivelyTraversePassiveMountEffects @ react-dom.development.js:23237
commitPassiveMountOnFiber @ react-dom.development.js:23256
recursivelyTraversePassiveMountEffects @ react-dom.development.js:23237
commitPassiveMountOnFiber @ react-dom.development.js:23256
recursivelyTraversePassiveMountEffects @ react-dom.development.js:23237
commitPassiveMountOnFiber @ react-dom.development.js:23370
recursivelyTraversePassiveMountEffects @ react-dom.development.js:23237
commitPassiveMountOnFiber @ react-dom.development.js:23256
recursivelyTraversePassiveMountEffects @ react-dom.development.js:23237
commitPassiveMountOnFiber @ react-dom.development.js:23256
recursivelyTraversePassiveMountEffects @ react-dom.development.js:23237
commitPassiveMountOnFiber @ react-dom.development.js:23370
recursivelyTraversePassiveMountEffects @ react-dom.development.js:23237
commitPassiveMountOnFiber @ react-dom.development.js:23256
recursivelyTraversePassiveMountEffects @ react-dom.development.js:23237
commitPassiveMountOnFiber @ react-dom.development.js:23370
recursivelyTraversePassiveMountEffects @ react-dom.development.js:23237
commitPassiveMountOnFiber @ react-dom.development.js:23256
recursivelyTraversePassiveMountEffects @ react-dom.development.js:23237
commitPassiveMountOnFiber @ react-dom.development.js:23370
recursivelyTraversePassiveMountEffects @ react-dom.development.js:23237
commitPassiveMountOnFiber @ react-dom.development.js:23256
recursivelyTraversePassiveMountEffects @ react-dom.development.js:23237
commitPassiveMountOnFiber @ react-dom.development.js:23370
recursivelyTraversePassiveMountEffects @ react-dom.development.js:23237
commitPassiveMountOnFiber @ react-dom.development.js:23256
recursivelyTraversePassiveMountEffects @ react-dom.development.js:23237
commitPassiveMountOnFiber @ react-dom.development.js:23370
recursivelyTraversePassiveMountEffects @ react-dom.development.js:23237
commitPassiveMountOnFiber @ react-dom.development.js:23256
recursivelyTraversePassiveMountEffects @ react-dom.development.js:23237
commitPassiveMountOnFiber @ react-dom.development.js:23370
recursivelyTraversePassiveMountEffects @ react-dom.development.js:23237
commitPassiveMountOnFiber @ react-dom.development.js:23256
recursivelyTraversePassiveMountEffects @ react-dom.development.js:23237
commitPassiveMountOnFiber @ react-dom.development.js:23256
recursivelyTraversePassiveMountEffects @ react-dom.development.js:23237
commitPassiveMountOnFiber @ react-dom.development.js:23370
recursivelyTraversePassiveMountEffects @ react-dom.development.js:23237
commitPassiveMountOnFiber @ react-dom.development.js:23256
recursivelyTraversePassiveMountEffects @ react-dom.development.js:23237
commitPassiveMountOnFiber @ react-dom.development.js:23370
recursivelyTraversePassiveMountEffects @ react-dom.development.js:23237
commitPassiveMountOnFiber @ react-dom.development.js:23370
recursivelyTraversePassiveMountEffects @ react-dom.development.js:23237
commitPassiveMountOnFiber @ react-dom.development.js:23370
recursivelyTraversePassiveMountEffects @ react-dom.development.js:23237
commitPassiveMountOnFiber @ react-dom.development.js:23370
recursivelyTraversePassiveMountEffects @ react-dom.development.js:23237
commitPassiveMountOnFiber @ react-dom.development.js:23370
recursivelyTraversePassiveMountEffects @ react-dom.development.js:23237
commitPassiveMountOnFiber @ react-dom.development.js:23256
recursivelyTraversePassiveMountEffects @ react-dom.development.js:23237
commitPassiveMountOnFiber @ react-dom.development.js:23370
recursivelyTraversePassiveMountEffects @ react-dom.development.js:23237
commitPassiveMountOnFiber @ react-dom.development.js:23370
useStoredCards.ts:52 [StoredCards] 🔄 Iniciando carga de tarjetas: {stripeAccountId: 'acct_1QddDLC4oQv4vCtF', userId: '3860596c-080b-416c-a3a0-5070ea0bbd5a', refreshTrigger: 0, retryCount: 0}
useStoredCards.ts:52 [StoredCards] 🔄 Iniciando carga de tarjetas: {stripeAccountId: 'acct_1QddDLC4oQv4vCtF', userId: '3860596c-080b-416c-a3a0-5070ea0bbd5a', refreshTrigger: 0, retryCount: 0}
StripeConfigContext.tsx:64 [StripeConfig] Configuración encontrada: {empresaId: '99f78081-24fa-4892-aae2-823816e7d132', stripeAccountId: 'acct_1QddDLC4oQv4vCtF', status: 'active', charges_enabled: true, is_active: true}
useStoredCards.ts:108 [StoredCards] ✅ Respuesta recibida: {paymentMethods: Array(1), count: 1, customerId: 'cus_Rn8J5Wbe3ag16g'}
useStoredCards.ts:130 [StoredCards] 💾 Estado actualizado: {cardCount: 1, lastUpdate: '2025-02-26T11:31:56.398Z', retryCount: 0}
useStoredCards.ts:108 [StoredCards] ✅ Respuesta recibida: {paymentMethods: Array(1), count: 1, customerId: 'cus_Rn8J5Wbe3ag16g'}
useStoredCards.ts:130 [StoredCards] 💾 Estado actualizado: {cardCount: 1, lastUpdate: '2025-02-26T11:31:56.606Z', retryCount: 0}
MobilePaymentContainer.tsx:283 [PaymentTypeSelector] Seleccionando garantía directamente
MobilePaymentContainer.tsx:470 [MobilePaymentContainer] handlePaymentTypeSelect: guarantee
MobilePaymentContainer.tsx:496 [MobilePaymentContainer] Procesando selección de garantía
PaymentTypeModal.tsx:45 [PaymentTypeModal] Estado de conexión: {empresaId: '99f78081-24fa-4892-aae2-823816e7d132', isConnected: true, isLoading: false, error: null, stripeAccountId: 'acct_1QddDLC4oQv4vCtF'}
PaymentTypeModal.tsx:66 [PaymentTypeModal] Detectada selección automática de garantía
PaymentTypeModal.tsx:72 [PaymentTypeModal] Procesando selección automática de garantía
PaymentTypeModal.tsx:92 [PaymentTypeModal] Selección automática exitosa, cerrando modal
MobilePaymentContainer.tsx:512 [MobilePaymentContainer] Evento guarantee-selection-completed capturado
MobilePaymentContainer.tsx:301 [PaymentTypeSelector] Mostrando modal de tarjeta para garantía
PaymentMethodModal.tsx:92 Iniciando selección de tarjeta: {cardData: {…}, currentSelection: undefined}
PaymentMethodModal.tsx:115 Propagando selección de tarjeta: {id: 'pm_1QtY3rC4oQv4vCtF9xVlSf3x', brand: 'visa', last4: '4242', expMonth: 4, expYear: 2029, …}
useSummaryState.ts:63 Actualizando método de pago: {id: 'pm_1QtY3rC4oQv4vCtF9xVlSf3x', brand: 'visa', last4: '4242', expMonth: 4, expYear: 2029, …}
PaymentSection.tsx:52 Iniciando validación de método de pago: {id: 'pm_1QtY3rC4oQv4vCtF9xVlSf3x', brand: 'visa', last4: '4242', expMonth: 4, expYear: 2029, …}
PaymentSection.tsx:70 Resultados de validación: {id: true, brand: true, last4: true, expMonth: true, expYear: true, …}
PaymentSection.tsx:74 Método de pago válido: true
PaymentSection.tsx:52 Iniciando validación de método de pago: {id: 'pm_1QtY3rC4oQv4vCtF9xVlSf3x', brand: 'visa', last4: '4242', expMonth: 4, expYear: 2029, …}
PaymentSection.tsx:70 Resultados de validación: {id: true, brand: true, last4: true, expMonth: true, expYear: true, …}
PaymentSection.tsx:74 Método de pago válido: true
PaymentSection.tsx:35 Actualizando método de pago local: {id: 'pm_1QtY3rC4oQv4vCtF9xVlSf3x', brand: 'visa', last4: '4242', expMonth: 4, expYear: 2029, …}
PaymentMethodModal.tsx:125 Cerrando modal con selección: {selectedId: 'pm_1QtY3rC4oQv4vCtF9xVlSf3x', paymentMethod: {…}}
FormContext.tsx:97 FormContext: Estado antes de actualización: {current: {…}, incoming: {…}, hasSelectedMethod: false}
FormContext.tsx:123 FormContext: Estado después de transformación: {newState: {…}, hasSelectedMethod: true, selectedMethod: {…}}
FormContext.tsx:97 FormContext: Estado antes de actualización: {current: {…}, incoming: {…}, hasSelectedMethod: false}
FormContext.tsx:123 FormContext: Estado después de transformación: {newState: {…}, hasSelectedMethod: true, selectedMethod: {…}}
preview-to-public.ts:205 [StepType] Normalizando tipo: {original: 'summary', systemType: 'summary', hasMapping: true}
preview-to-public.ts:205 [StepType] Normalizando tipo: {original: 'summary', systemType: 'summary', hasMapping: true}
PublicFormLayout.tsx:42 [PublicFormLayout] Renderizando con: {currentStep: 3, fieldType: 'summary', slug: 'formulario-03', isNextDisabled: false, showNextButton: false, …}
PublicFormLayout.tsx:42 [PublicFormLayout] Renderizando con: {currentStep: 3, fieldType: 'summary', slug: 'formulario-03', isNextDisabled: false, showNextButton: false, …}
preview-to-public.ts:205 [StepType] Normalizando tipo: {original: 'summary', systemType: 'summary', hasMapping: true}
preview-to-public.ts:261 [ComponentMapper] Mapeando componente: {originalType: 'summary', systemType: 'summary', availableTypes: Array(6)}
preview-to-public.ts:274 [ComponentMapper] Componente encontrado: {originalType: 'summary', systemType: 'summary', component: 'SummaryPreview'}
preview-to-public.ts:205 [StepType] Normalizando tipo: {original: 'summary', systemType: 'summary', hasMapping: true}
preview-to-public.ts:261 [ComponentMapper] Mapeando componente: {originalType: 'summary', systemType: 'summary', availableTypes: Array(6)}
preview-to-public.ts:274 [ComponentMapper] Componente encontrado: {originalType: 'summary', systemType: 'summary', component: 'SummaryPreview'}
PaymentSection.tsx:52 Iniciando validación de método de pago: {id: 'pm_1QtY3rC4oQv4vCtF9xVlSf3x', brand: 'visa', last4: '4242', expMonth: 4, expYear: 2029, …}
PaymentSection.tsx:70 Resultados de validación: {id: true, brand: true, last4: true, expMonth: true, expYear: true, …}
PaymentSection.tsx:74 Método de pago válido: true
PaymentSection.tsx:52 Iniciando validación de método de pago: {id: 'pm_1QtY3rC4oQv4vCtF9xVlSf3x', brand: 'visa', last4: '4242', expMonth: 4, expYear: 2029, …}
PaymentSection.tsx:70 Resultados de validación: {id: true, brand: true, last4: true, expMonth: true, expYear: true, …}
PaymentSection.tsx:74 Método de pago válido: true
PaymentSection.tsx:52 Iniciando validación de método de pago: {id: 'pm_1QtY3rC4oQv4vCtF9xVlSf3x', brand: 'visa', last4: '4242', expMonth: 4, expYear: 2029, …}
PaymentSection.tsx:70 Resultados de validación: {id: true, brand: true, last4: true, expMonth: true, expYear: true, …}
PaymentSection.tsx:74 Método de pago válido: true
PaymentSection.tsx:52 Iniciando validación de método de pago: {id: 'pm_1QtY3rC4oQv4vCtF9xVlSf3x', brand: 'visa', last4: '4242', expMonth: 4, expYear: 2029, …}
PaymentSection.tsx:70 Resultados de validación: {id: true, brand: true, last4: true, expMonth: true, expYear: true, …}
PaymentSection.tsx:74 Método de pago válido: true
SummaryPreview.tsx:193 Formulario válido, procediendo a farewell
PublicFormContent.tsx:62 [Navigation] Iniciando navegación: {from: 'summary', currentType: 'summary', currentStep: 3, nextStep: 4, hasNextField: true, …}
preview-to-public.ts:205 [StepType] Normalizando tipo: {original: 'summary', systemType: 'summary', hasMapping: true}
preview-to-public.ts:205 [StepType] Normalizando tipo: {original: 'farewell', systemType: 'farewell', hasMapping: true}
preview-to-public.ts:219 [StepOrder] Validando orden: {currentType: 'summary', nextType: 'farewell', STEP_ORDER: Array(6), totalSteps: 6}
preview-to-public.ts:246 [StepOrder] Resultado de validación: {currentOrder: 4, nextOrder: 5, isValid: true, isSummaryToFarewell: true}
PublicFormContent.tsx:81 [Navigation] Iniciando navegación: {from: 'summary', currentType: 'summary', currentStep: 3, nextStep: 4, hasNextField: false}
PublicFormContent.tsx:91 [Navigation] Navegación completada al paso: 4
preview-to-public.ts:205 [StepType] Normalizando tipo: {original: undefined, systemType: undefined, hasMapping: false}
preview-to-public.ts:205 [StepType] Normalizando tipo: {original: undefined, systemType: undefined, hasMapping: false}
PublicFormLayout.tsx:42 [PublicFormLayout] Renderizando con: {currentStep: 4, fieldType: undefined, slug: 'formulario-03', isNextDisabled: false, showNextButton: false, …}
PublicFormLayout.tsx:42 [PublicFormLayout] Renderizando con: {currentStep: 4, fieldType: undefined, slug: 'formulario-03', isNextDisabled: false, showNextButton: false, …}
preview-to-public.ts:205 [StepType] Normalizando tipo: {original: 'farewell', systemType: 'farewell', hasMapping: true}
preview-to-public.ts:261 [ComponentMapper] Mapeando componente: {originalType: 'farewell', systemType: 'farewell', availableTypes: Array(6)}
preview-to-public.ts:274 [ComponentMapper] Componente encontrado: {originalType: 'farewell', systemType: 'farewell', component: 'FarewellPreview'}
preview-to-public.ts:205 [StepType] Normalizando tipo: {original: 'farewell', systemType: 'farewell', hasMapping: true}
preview-to-public.ts:261 [ComponentMapper] Mapeando componente: {originalType: 'farewell', systemType: 'farewell', availableTypes: Array(6)}
preview-to-public.ts:274 [ComponentMapper] Componente encontrado: {originalType: 'farewell', systemType: 'farewell', component: 'FarewellPreview'}
PaymentSection.tsx:52 Iniciando validación de método de pago: {id: 'pm_1QtY3rC4oQv4vCtF9xVlSf3x', brand: 'visa', last4: '4242', expMonth: 4, expYear: 2029, …}
PaymentSection.tsx:70 Resultados de validación: {id: true, brand: true, last4: true, expMonth: true, expYear: true, …}
PaymentSection.tsx:74 Método de pago válido: true
PaymentSection.tsx:52 Iniciando validación de método de pago: {id: 'pm_1QtY3rC4oQv4vCtF9xVlSf3x', brand: 'visa', last4: '4242', expMonth: 4, expYear: 2029, …}
PaymentSection.tsx:70 Resultados de validación: {id: true, brand: true, last4: true, expMonth: true, expYear: true, …}
PaymentSection.tsx:74 Método de pago válido: true
PublicFormContent.tsx:45 [PublicFormContent] Estado actual: {currentStep: 4, totalSteps: 4, currentField: undefined, currentType: undefined, nextField: undefined, …}
FarewellPreview.tsx:153 [FarewellPreview] Iniciando creación de reserva {isValid: true, validationErrors: Array(0), currentPayment: {…}, isCreating: false}
use-summary-booking.ts:138 Iniciando creación de reserva con estado: {payment: {…}, calculations: {…}, validationErrors: Array(0), userId: '3860596c-080b-416c-a3a0-5070ea0bbd5a', empresa_id: '99f78081-24fa-4892-aae2-823816e7d132', …}
use-summary-booking.ts:192 Datos de reserva preparados: {courtId: '1ff82367-757c-4812-96b7-daee3238d6cd', date: '2025-02-26', startTime: '15:00', endTime: '16:30', courtPrice: 50, …}
bookingService.ts:497 Verificando disponibilidad para: {courtId: '1ff82367-757c-4812-96b7-daee3238d6cd', date: '2025-02-26', startTime: '15:00', endTime: '16:30'}
:3000/sonidos/bell-congratulations-epic-stock-media-1-00-01.mp3:1 
            
            
           GET http://localhost:3000/sonidos/bell-congratulations-epic-stock-media-1-00-01.mp3 net::ERR_ABORTED 404 (Not Found)
:3000/sonidos/bell-congratulations-epic-stock-media-1-00-01.mp3:1 
            
            
           GET http://localhost:3000/sonidos/bell-congratulations-epic-stock-media-1-00-01.mp3 net::ERR_ABORTED 404 (Not Found)
:3000/sonidos/bell-congratulations-epic-stock-media-1-00-01.mp3:1 
            
            
           GET http://localhost:3000/sonidos/bell-congratulations-epic-stock-media-1-00-01.mp3 net::ERR_ABORTED 404 (Not Found)
bookingService.ts:586 No hay reservas existentes para esta fecha y cancha
bookingService.ts:806 📝 Creando reserva con datos: {courtId: '1ff82367-757c-4812-96b7-daee3238d6cd', date: '2025-02-26', startTime: '15:00', endTime: '16:30', courtPrice: 50, …}
bookingService.ts:844 ✅ Zona horaria de la sede: Europe/Madrid
bookingService.ts:863 🕒 Conversión de horarios: {local: {…}, utc: {…}}
bookingService.ts:901 📦 Parámetros de la reserva: {p_court_id: '1ff82367-757c-4812-96b7-daee3238d6cd', p_date: '2025-02-26', p_start_time: '14:00:00', p_end_time: '15:30:00', p_court_price: 50, …}p_court_id: "1ff82367-757c-4812-96b7-daee3238d6cd"p_court_price: 50p_date: "2025-02-26"p_deposit_amount: 0p_description: nullp_empresa_id: "99f78081-24fa-4892-aae2-823816e7d132"p_end_time: "15:30:00"p_participants: Array(1)0: id: "3860596c-080b-416c-a3a0-5070ea0bbd5a"role: "player"userId: "3860596c-080b-416c-a3a0-5070ea0bbd5a"[[Prototype]]: Objectlength: 1[[Prototype]]: Array(0)p_payment_method: "stripe"p_payment_status: "pending"p_payment_type: "guarantee"p_rental_items: Array(0)length: 0[[Prototype]]: Array(0)p_rental_items_price: 195p_start_time: "14:00:00"p_stripe_payment_method_id: "pm_1QtY3rC4oQv4vCtF9xVlSf3x"p_title: null[[Prototype]]: Object
bookingService.ts:913 ✅ Reserva creada exitosamente: bd5d1a1a-921f-4460-8996-383b557ddf2b
FarewellPreview.tsx:126 NotSupportedError: The element has no supported sources.
window.console.error @ app-index.js:33
console.error @ hydration-error-info.js:63
Promise.catch
onSuccess @ FarewellPreview.tsx:126
eval @ use-summary-booking.ts:212
await in eval
createBooking @ FarewellPreview.tsx:160
eval @ FarewellPreview.tsx:218
commitHookEffectListMount @ react-dom.development.js:21102
commitHookPassiveMountEffects @ react-dom.development.js:23154
commitPassiveMountOnFiber @ react-dom.development.js:23259
recursivelyTraversePassiveMountEffects @ react-dom.development.js:23237
commitPassiveMountOnFiber @ react-dom.development.js:23370
recursivelyTraversePassiveMountEffects @ react-dom.development.js:23237
commitPassiveMountOnFiber @ react-dom.development.js:23370
recursivelyTraversePassiveMountEffects @ react-dom.development.js:23237
commitPassiveMountOnFiber @ react-dom.development.js:23256
recursivelyTraversePassiveMountEffects @ react-dom.development.js:23237
commitPassiveMountOnFiber @ react-dom.development.js:23370
recursivelyTraversePassiveMountEffects @ react-dom.development.js:23237
commitPassiveMountOnFiber @ react-dom.development.js:23256
recursivelyTraversePassiveMountEffects @ react-dom.development.js:23237
commitPassiveMountOnFiber @ react-dom.development.js:23256
recursivelyTraversePassiveMountEffects @ react-dom.development.js:23237
commitPassiveMountOnFiber @ react-dom.development.js:23370
recursivelyTraversePassiveMountEffects @ react-dom.development.js:23237
commitPassiveMountOnFiber @ react-dom.development.js:23370
recursivelyTraversePassiveMountEffects @ react-dom.development.js:23237
commitPassiveMountOnFiber @ react-dom.development.js:23370
recursivelyTraversePassiveMountEffects @ react-dom.development.js:23237
commitPassiveMountOnFiber @ react-dom.development.js:23370
recursivelyTraversePassiveMountEffects @ react-dom.development.js:23237
commitPassiveMountOnFiber @ react-dom.development.js:23256
recursivelyTraversePassiveMountEffects @ react-dom.development.js:23237
commitPassiveMountOnFiber @ react-dom.development.js:23256
recursivelyTraversePassiveMountEffects @ react-dom.development.js:23237
commitPassiveMountOnFiber @ react-dom.development.js:23370
recursivelyTraversePassiveMountEffects @ react-dom.development.js:23237
commitPassiveMountOnFiber @ react-dom.development.js:23256
recursivelyTraversePassiveMountEffects @ react-dom.development.js:23237
commitPassiveMountOnFiber @ react-dom.development.js:23256
recursivelyTraversePassiveMountEffects @ react-dom.development.js:23237
commitPassiveMountOnFiber @ react-dom.development.js:23370
recursivelyTraversePassiveMountEffects @ react-dom.development.js:23237
commitPassiveMountOnFiber @ react-dom.development.js:23370
recursivelyTraversePassiveMountEffects @ react-dom.development.js:23237
commitPassiveMountOnFiber @ react-dom.development.js:23256
recursivelyTraversePassiveMountEffects @ react-dom.development.js:23237
commitPassiveMountOnFiber @ react-dom.development.js:23256
recursivelyTraversePassiveMountEffects @ react-dom.development.js:23237
commitPassiveMountOnFiber @ react-dom.development.js:23256
recursivelyTraversePassiveMountEffects @ react-dom.development.js:23237
commitPassiveMountOnFiber @ react-dom.development.js:23370
recursivelyTraversePassiveMountEffects @ react-dom.development.js:23237
commitPassiveMountOnFiber @ react-dom.development.js:23370
recursivelyTraversePassiveMountEffects @ react-dom.development.js:23237
commitPassiveMountOnFiber @ react-dom.development.js:23256
recursivelyTraversePassiveMountEffects @ react-dom.development.js:23237
commitPassiveMountOnFiber @ react-dom.development.js:23370
recursivelyTraversePassiveMountEffects @ react-dom.development.js:23237
commitPassiveMountOnFiber @ react-dom.development.js:23256
recursivelyTraversePassiveMountEffects @ react-dom.development.js:23237
commitPassiveMountOnFiber @ react-dom.development.js:23256
recursivelyTraversePassiveMountEffects @ react-dom.development.js:23237
commitPassiveMountOnFiber @ react-dom.development.js:23256
recursivelyTraversePassiveMountEffects @ react-dom.development.js:23237
commitPassiveMountOnFiber @ react-dom.development.js:23256
recursivelyTraversePassiveMountEffects @ react-dom.development.js:23237
commitPassiveMountOnFiber @ react-dom.development.js:23370
recursivelyTraversePassiveMountEffects @ react-dom.development.js:23237
commitPassiveMountOnFiber @ react-dom.development.js:23256
recursivelyTraversePassiveMountEffects @ react-dom.development.js:23237
commitPassiveMountOnFiber @ react-dom.development.js:23256
recursivelyTraversePassiveMountEffects @ react-dom.development.js:23237
commitPassiveMountOnFiber @ react-dom.development.js:23370
recursivelyTraversePassiveMountEffects @ react-dom.development.js:23237
commitPassiveMountOnFiber @ react-dom.development.js:23256
recursivelyTraversePassiveMountEffects @ react-dom.development.js:23237
commitPassiveMountOnFiber @ react-dom.development.js:23370
recursivelyTraversePassiveMountEffects @ react-dom.development.js:23237
commitPassiveMountOnFiber @ react-dom.development.js:23256
recursivelyTraversePassiveMountEffects @ react-dom.development.js:23237
commitPassiveMountOnFiber @ react-dom.development.js:23370
recursivelyTraversePassiveMountEffects @ react-dom.development.js:23237
commitPassiveMountOnFiber @ react-dom.development.js:23256
recursivelyTraversePassiveMountEffects @ react-dom.development.js:23237
commitPassiveMountOnFiber @ react-dom.development.js:23370
recursivelyTraversePassiveMountEffects @ react-dom.development.js:23237
commitPassiveMountOnFiber @ react-dom.development.js:23256
recursivelyTraversePassiveMountEffects @ react-dom.development.js:23237
commitPassiveMountOnFiber @ react-dom.development.js:23370
recursivelyTraversePassiveMountEffects @ react-dom.development.js:23237
commitPassiveMountOnFiber @ react-dom.development.js:23256
recursivelyTraversePassiveMountEffects @ react-dom.development.js:23237
commitPassiveMountOnFiber @ react-dom.development.js:23370
recursivelyTraversePassiveMountEffects @ react-dom.development.js:23237
commitPassiveMountOnFiber @ react-dom.development.js:23256
recursivelyTraversePassiveMountEffects @ react-dom.development.js:23237
commitPassiveMountOnFiber @ react-dom.development.js:23256
recursivelyTraversePassiveMountEffects @ react-dom.development.js:23237
commitPassiveMountOnFiber @ react-dom.development.js:23370
recursivelyTraversePassiveMountEffects @ react-dom.development.js:23237
commitPassiveMountOnFiber @ react-dom.development.js:23370
recursivelyTraversePassiveMountEffects @ react-dom.development.js:23237
commitPassiveMountOnFiber @ react-dom.development.js:23256
recursivelyTraversePassiveMountEffects @ react-dom.development.js:23237
commitPassiveMountOnFiber @ react-dom.development.js:23370
recursivelyTraversePassiveMountEffects @ react-dom.development.js:23237
commitPassiveMountOnFiber @ react-dom.development.js:23256
recursivelyTraversePassiveMountEffects @ react-dom.development.js:23237
commitPassiveMountOnFiber @ react-dom.development.js:23256
recursivelyTraversePassiveMountEffects @ react-dom.development.js:23237
commitPassiveMountOnFiber @ react-dom.development.js:23256
recursivelyTraversePassiveMountEffects @ react-dom.development.js:23237
commitPassiveMountOnFiber @ react-dom.development.js:23256
recursivelyTraversePassiveMountEffects @ react-dom.development.js:23237
commitPassiveMountOnFiber @ react-dom.development.js:23370
recursivelyTraversePassiveMountEffects @ react-dom.development.js:23237
commitPassiveMountOnFiber @ react-dom.development.js:23256
recursivelyTraversePassiveMountEffects @ react-dom.development.js:23237
commitPassiveMountOnFiber @ react-dom.development.js:23256
recursivelyTraversePassiveMountEffects @ react-dom.development.js:23237
commitPassiveMountOnFiber @ react-dom.development.js:23370
recursivelyTraversePassiveMountEffects @ react-dom.development.js:23237
commitPassiveMountOnFiber @ react-dom.development.js:23256
recursivelyTraversePassiveMountEffects @ react-dom.development.js:23237
commitPassiveMountOnFiber @ react-dom.development.js:23370
recursivelyTraversePassiveMountEffects @ react-dom.development.js:23237
commitPassiveMountOnFiber @ react-dom.development.js:23256
recursivelyTraversePassiveMountEffects @ react-dom.development.js:23237
commitPassiveMountOnFiber @ react-dom.development.js:23370
recursivelyTraversePassiveMountEffects @ react-dom.development.js:23237
commitPassiveMountOnFiber @ react-dom.development.js:23256
recursivelyTraversePassiveMountEffects @ react-dom.development.js:23237
commitPassiveMountOnFiber @ react-dom.development.js:23370
recursivelyTraversePassiveMountEffects @ react-dom.development.js:23237
commitPassiveMountOnFiber @ react-dom.development.js:23256
recursivelyTraversePassiveMountEffects @ react-dom.development.js:23237
commitPassiveMountOnFiber @ react-dom.development.js:23256
recursivelyTraversePassiveMountEffects @ react-dom.development.js:23237
commitPassiveMountOnFiber @ react-dom.development.js:23256
recursivelyTraversePassiveMountEffects @ react-dom.development.js:23237
commitPassiveMountOnFiber @ react-dom.development.js:23370
recursivelyTraversePassiveMountEffects @ react-dom.development.js:23237
commitPassiveMountOnFiber @ react-dom.development.js:23256
recursivelyTraversePassiveMountEffects @ react-dom.development.js:23237
commitPassiveMountOnFiber @ react-dom.development.js:23256
recursivelyTraversePassiveMountEffects @ react-dom.development.js:23237
commitPassiveMountOnFiber @ react-dom.development.js:23370
recursivelyTraversePassiveMountEffects @ react-dom.development.js:23237
commitPassiveMountOnFiber @ react-dom.development.js:23256
recursivelyTraversePassiveMountEffects @ react-dom.development.js:23237
commitPassiveMountOnFiber @ react-dom.development.js:23370
recursivelyTraversePassiveMountEffects @ react-dom.development.js:23237
commitPassiveMountOnFiber @ react-dom.development.js:23256
recursivelyTraversePassiveMountEffects @ react-dom.development.js:23237
commitPassiveMountOnFiber @ react-dom.development.js:23370
recursivelyTraversePassiveMountEffects @ react-dom.development.js:23237
commitPassiveMountOnFiber @ react-dom.development.js:23256
recursivelyTraversePassiveMountEffects @ react-dom.development.js:23237
commitPassiveMountOnFiber @ react-dom.development.js:23370
recursivelyTraversePassiveMountEffects @ react-dom.development.js:23237
commitPassiveMountOnFiber @ react-dom.development.js:23256
recursivelyTraversePassiveMountEffects @ react-dom.development.js:23237
commitPassiveMountOnFiber @ react-dom.development.js:23370
recursivelyTraversePassiveMountEffects @ react-dom.development.js:23237
commitPassiveMountOnFiber @ react-dom.development.js:23256
recursivelyTraversePassiveMountEffects @ react-dom.development.js:23237
commitPassiveMountOnFiber @ react-dom.development.js:23370
recursivelyTraversePassiveMountEffects @ react-dom.development.js:23237
commitPassiveMountOnFiber @ react-dom.development.js:23256
recursivelyTraversePassiveMountEffects @ react-dom.development.js:23237
commitPassiveMountOnFiber @ react-dom.development.js:23256
recursivelyTraversePassiveMountEffects @ react-dom.development.js:23237
commitPassiveMountOnFiber @ react-dom.development.js:23370
recursivelyTraversePassiveMountEffects @ react-dom.development.js:23237
commitPassiveMountOnFiber @ react-dom.development.js:23256
recursivelyTraversePassiveMountEffects @ react-dom.development.js:23237
commitPassiveMountOnFiber @ react-dom.development.js:23370
recursivelyTraversePassiveMountEffects @ react-dom.development.js:23237
commitPassiveMountOnFiber @ react-dom.development.js:23370
recursivelyTraversePassiveMountEffects @ react-dom.development.js:23237
commitPassiveMountOnFiber @ react-dom.development.js:23370
recursivelyTraversePassiveMountEffects @ react-dom.development.js:23237
commitPassiveMountOnFiber @ react-dom.development.js:23370
recursivelyTraversePassiveMountEffects @ react-dom.development.js:23237
commitPassiveMountOnFiber @ react-dom.development.js:23370
recursivelyTraversePassiveMountEffects @ react-dom.development.js:23237
commitPassiveMountOnFiber @ react-dom.development.js:23256
recursivelyTraversePassiveMountEffects @ react-dom.development.js:23237
commitPassiveMountOnFiber @ react-dom.development.js:23370
recursivelyTraversePassiveMountEffects @ react-dom.development.js:23237
commitPassiveMountOnFiber @ react-dom.development.js:23370
recursivelyTraversePassiveMountEffects @ react-dom.development.js:23237
commitPassiveMountOnFiber @ react-dom.development.js:23256
recursivelyTraversePassiveMountEffects @ react-dom.development.js:23237
commitPassiveMountOnFiber @ react-dom.development.js:23256
recursivelyTraversePassiveMountEffects @ react-dom.development.js:23237
commitPassiveMountOnFiber @ react-dom.development.js:23370
recursivelyTraversePassiveMountEffects @ react-dom.development.js:23237
commitPassiveMountOnFiber @ react-dom.development.js:23256
recursivelyTraversePassiveMountEffects @ react-dom.development.js:23237
commitPassiveMountOnFiber @ react-dom.development.js:23370
recursivelyTraversePassiveMountEffects @ react-dom.development.js:23237
commitPassiveMountOnFiber @ react-dom.development.js:23370
:3000/sonidos/bell-congratulations-epic-stock-media-1-00-01.mp3:1 
            
            
           GET http://localhost:3000/sonidos/bell-congratulations-epic-stock-media-1-00-01.mp3 net::ERR_ABORTED 404 (Not Found)
supabase.ts:91 🔄 Cambio en estado de autenticación: {event: 'SIGNED_IN', timestamp: '2025-02-26T11:32:07.068Z', storageKey: 'sb-padel-auth-token'}
AuthContext.tsx:279 Sesión iniciada
AuthContext.tsx:279 Sesión iniciada
