main-app.js?v=1739520979498:1836 Download the React DevTools for a better development experience: https://reactjs.org/link/react-devtools
publish-service.ts:7 Multiple GoTrueClient instances detected in the same browser context. It is not an error, but this should be avoided as it may produce undefined behavior when used concurrently under the same storage key.
GoTrueClient @ GoTrueClient.js:74
SupabaseAuthClient @ SupabaseAuthClient.js:9
_initSupabaseAuthClient @ SupabaseClient.js:202
SupabaseClient @ SupabaseClient.js:73
createClient @ index.js:55
createSupabaseClient @ index.mjs:375
createNewClient @ index.js:53
createClientComponentClient @ index.js:68
FormPublishService @ publish-service.ts:7
eval @ publish-service.ts:271
(app-pages-browser)/./src/lib/services/forms/publish-service.ts @ page.js:1773
options.factory @ webpack.js?v=1739520979498:715
__webpack_require__ @ webpack.js?v=1739520979498:37
fn @ webpack.js?v=1739520979498:371
eval @ page.tsx:9
(app-pages-browser)/./src/app/f/[slug]/page.tsx @ page.js:1157
options.factory @ webpack.js?v=1739520979498:715
__webpack_require__ @ webpack.js?v=1739520979498:37
fn @ webpack.js?v=1739520979498:371
Promise.then
eval @ next-flight-client-entry-loader.js?modules=%7B%22request%22%3A%22C%3A%5C%5CUsers%5C%5Curieltac02%5C%5CDocuments%5C%5CGitHub%5C%5CPadel-02-09-25%5C%5Csrc%5C%5Capp%5C%5Cf%5C%5C%5Bslug%5D%5C%5Cpage.tsx%22%2C%22ids%22%3A%5B%5D%7D&server=false!:1
(app-pages-browser)/./node_modules/next/dist/build/webpack/loaders/next-flight-client-entry-loader.js?modules=%7B%22request%22%3A%22C%3A%5C%5CUsers%5C%5Curieltac02%5C%5CDocuments%5C%5CGitHub%5C%5CPadel-02-09-25%5C%5Csrc%5C%5Capp%5C%5Cf%5C%5C%5Bslug%5D%5C%5Cpage.tsx%22%2C%22ids%22%3A%5B%5D%7D&server=false! @ page.js:17
options.factory @ webpack.js?v=1739520979498:715
__webpack_require__ @ webpack.js?v=1739520979498:37
__webpack_exec__ @ page.js:5409
(anonymous) @ page.js:5410
__webpack_require__.O @ webpack.js?v=1739520979498:86
webpackJsonpCallback @ webpack.js?v=1739520979498:1397
(anonymous) @ main-app.js?v=1739520979498:9
availability.service.ts:14 Multiple GoTrueClient instances detected in the same browser context. It is not an error, but this should be avoided as it may produce undefined behavior when used concurrently under the same storage key.
GoTrueClient @ GoTrueClient.js:74
SupabaseAuthClient @ SupabaseAuthClient.js:9
_initSupabaseAuthClient @ SupabaseClient.js:202
SupabaseClient @ SupabaseClient.js:73
createClient @ index.js:55
eval @ availability.service.ts:14
(app-pages-browser)/./src/services/availability.service.ts @ page.js:1850
options.factory @ webpack.js?v=1739520979498:715
__webpack_require__ @ webpack.js?v=1739520979498:37
fn @ webpack.js?v=1739520979498:371
eval @ useAvailability.ts:7
(app-pages-browser)/./src/hooks/useAvailability.ts @ page.js:1696
options.factory @ webpack.js?v=1739520979498:715
__webpack_require__ @ webpack.js?v=1739520979498:37
fn @ webpack.js?v=1739520979498:371
eval @ ShiftsPreview.tsx:32
(app-pages-browser)/./src/components/preview/steps/ShiftsPreview.tsx @ page.js:1256
options.factory @ webpack.js?v=1739520979498:715
__webpack_require__ @ webpack.js?v=1739520979498:37
fn @ webpack.js?v=1739520979498:371
eval @ index.ts:16
(app-pages-browser)/./src/components/preview/steps/index.ts @ page.js:1278
options.factory @ webpack.js?v=1739520979498:715
__webpack_require__ @ webpack.js?v=1739520979498:37
fn @ webpack.js?v=1739520979498:371
eval @ preview-to-public.ts:8
(app-pages-browser)/./src/lib/mappers/preview-to-public.ts @ page.js:1762
options.factory @ webpack.js?v=1739520979498:715
__webpack_require__ @ webpack.js?v=1739520979498:37
fn @ webpack.js?v=1739520979498:371
eval @ PublicFormContent.tsx:10
(app-pages-browser)/./src/components/public-form/PublicFormContent.tsx @ page.js:1476
options.factory @ webpack.js?v=1739520979498:715
__webpack_require__ @ webpack.js?v=1739520979498:37
fn @ webpack.js?v=1739520979498:371
eval @ page.tsx:10
(app-pages-browser)/./src/app/f/[slug]/page.tsx @ page.js:1157
options.factory @ webpack.js?v=1739520979498:715
__webpack_require__ @ webpack.js?v=1739520979498:37
fn @ webpack.js?v=1739520979498:371
Promise.then
eval @ next-flight-client-entry-loader.js?modules=%7B%22request%22%3A%22C%3A%5C%5CUsers%5C%5Curieltac02%5C%5CDocuments%5C%5CGitHub%5C%5CPadel-02-09-25%5C%5Csrc%5C%5Capp%5C%5Cf%5C%5C%5Bslug%5D%5C%5Cpage.tsx%22%2C%22ids%22%3A%5B%5D%7D&server=false!:1
(app-pages-browser)/./node_modules/next/dist/build/webpack/loaders/next-flight-client-entry-loader.js?modules=%7B%22request%22%3A%22C%3A%5C%5CUsers%5C%5Curieltac02%5C%5CDocuments%5C%5CGitHub%5C%5CPadel-02-09-25%5C%5Csrc%5C%5Capp%5C%5Cf%5C%5C%5Bslug%5D%5C%5Cpage.tsx%22%2C%22ids%22%3A%5B%5D%7D&server=false! @ page.js:17
options.factory @ webpack.js?v=1739520979498:715
__webpack_require__ @ webpack.js?v=1739520979498:37
__webpack_exec__ @ page.js:5409
(anonymous) @ page.js:5410
__webpack_require__.O @ webpack.js?v=1739520979498:86
webpackJsonpCallback @ webpack.js?v=1739520979498:1397
(anonymous) @ main-app.js?v=1739520979498:9
Chrome is moving towards a new experience that allows users to choose to browse without third-party cookies.
Chrome is moving towards a new experience that allows users to choose to browse without third-party cookies.
Chrome is moving towards a new experience that allows users to choose to browse without third-party cookies.
Chrome is moving towards a new experience that allows users to choose to browse without third-party cookies.
Chrome is moving towards a new experience that allows users to choose to browse without third-party cookies.
Chrome is moving towards a new experience that allows users to choose to browse without third-party cookies.
publish-service.ts:12 [FormPublishService] 🔍 Buscando formulario: {slug: 'formulario-03'}
publish-service.ts:12 [FormPublishService] 🔍 Buscando formulario: {slug: 'formulario-03'}
OrganizationContext.tsx:28 💾 Empresa ID guardado en caché: 99f78081-24fa-4892-aae2-823816e7d132
publish-service.ts:12 [FormPublishService] ✅ Link encontrado: {id: 'dc1cceb5-47f0-4cf4-8640-fdfaf683f636', type: 'bookings', empresa_id: '99f78081-24fa-4892-aae2-823816e7d132', created_at: '2025-02-11T00:56:01.36705+00:00'}
publish-service.ts:12 [FormPublishService] 📋 Campos del formulario: {count: 4}
publish-service.ts:12 [FormPublishService] ✅ Validación de campos exitosa: {count: 4}
publish-service.ts:12 [FormPublishService] ✅ Formulario procesado: {id: 'dc1cceb5-47f0-4cf4-8640-fdfaf683f636', slug: 'formulario-03', fieldsCount: 4}
page.tsx:29 Formulario cargado: {id: 'dc1cceb5-47f0-4cf4-8640-fdfaf683f636', empresa_id: '99f78081-24fa-4892-aae2-823816e7d132', slug: 'formulario-03', title: 'Formulario sin título', description: '', …}
publish-service.ts:12 [FormPublishService] ✅ Link encontrado: {id: 'dc1cceb5-47f0-4cf4-8640-fdfaf683f636', type: 'bookings', empresa_id: '99f78081-24fa-4892-aae2-823816e7d132', created_at: '2025-02-11T00:56:01.36705+00:00'}
publish-service.ts:12 [FormPublishService] 📋 Campos del formulario: {count: 4}
 [FormPublishService] ✅ Validación de campos exitosa: {count: 4}
 [FormPublishService] ✅ Formulario procesado: {id: 'dc1cceb5-47f0-4cf4-8640-fdfaf683f636', slug: 'formulario-03', fieldsCount: 4}
 Formulario cargado: {id: 'dc1cceb5-47f0-4cf4-8640-fdfaf683f636', empresa_id: '99f78081-24fa-4892-aae2-823816e7d132', slug: 'formulario-03', title: 'Formulario sin título', description: '', …}
 [FormPublishService] 📊 Vistas incrementadas para: {slug: 'formulario-03'}
 [StepType] Normalizando tipo: {original: 'date', systemType: 'location', hasMapping: true}
 [StepType] Normalizando tipo: {original: 'date', systemType: 'location', hasMapping: true}
 [FieldSorter] Campos originales: (4) ['date', 'court', 'players', 'summary']
 [StepType] Normalizando tipo: {original: 'date', systemType: 'location', hasMapping: true}
 [StepType] Normalizando tipo: {original: 'court', systemType: 'shifts', hasMapping: true}
 [StepType] Normalizando tipo: {original: 'players', systemType: 'items', hasMapping: true}
 [StepType] Normalizando tipo: {original: 'summary', systemType: 'summary', hasMapping: true}
 [FieldSorter] Agregando paso farewell
 [TypeMapper] Mapeando tipo: date -> location
 [StepType] Normalizando tipo: {original: 'date', systemType: 'location', hasMapping: true}
 [OrderMapper] Orden para date -> location: 1
 [FieldSorter] Mapeando campo: date -> location (orden: 1)
 [TypeMapper] Mapeando tipo: court -> shifts
 [StepType] Normalizando tipo: {original: 'court', systemType: 'shifts', hasMapping: true}
 [OrderMapper] Orden para court -> shifts: 2
 [FieldSorter] Mapeando campo: court -> shifts (orden: 2)
 [TypeMapper] Mapeando tipo: players -> items
 [StepType] Normalizando tipo: {original: 'players', systemType: 'items', hasMapping: true}
 [OrderMapper] Orden para players -> items: 3
 [FieldSorter] Mapeando campo: players -> items (orden: 3)
 [TypeMapper] Mapeando tipo: summary -> summary
 [StepType] Normalizando tipo: {original: 'summary', systemType: 'summary', hasMapping: true}
 [OrderMapper] Orden para summary -> summary: 4
 [FieldSorter] Mapeando campo: summary -> summary (orden: 4)
 [TypeMapper] Mapeando tipo: farewell -> farewell
 [StepType] Normalizando tipo: {original: 'farewell', systemType: 'farewell', hasMapping: true}
 [OrderMapper] Orden para farewell -> farewell: 5
 [FieldSorter] Mapeando campo: farewell -> farewell (orden: 5)
 [StepType] Normalizando tipo: {original: 'shifts', systemType: 'shifts', hasMapping: false}
 [OrderMapper] Orden para shifts -> shifts: 2
 [StepType] Normalizando tipo: {original: 'location', systemType: 'location', hasMapping: false}
 [OrderMapper] Orden para location -> location: 1
 [FieldSorter] Comparando: shifts(2) vs location(1)
 [StepType] Normalizando tipo: {original: 'items', systemType: 'items', hasMapping: false}
 [OrderMapper] Orden para items -> items: 3
 [StepType] Normalizando tipo: {original: 'shifts', systemType: 'shifts', hasMapping: false}
 [OrderMapper] Orden para shifts -> shifts: 2
 [FieldSorter] Comparando: items(3) vs shifts(2)
 [StepType] Normalizando tipo: {original: 'summary', systemType: 'summary', hasMapping: true}
 [OrderMapper] Orden para summary -> summary: 4
 [StepType] Normalizando tipo: {original: 'items', systemType: 'items', hasMapping: false}
 [OrderMapper] Orden para items -> items: 3
 [FieldSorter] Comparando: summary(4) vs items(3)
 [StepType] Normalizando tipo: {original: 'farewell', systemType: 'farewell', hasMapping: true}
 [OrderMapper] Orden para farewell -> farewell: 5
 [StepType] Normalizando tipo: {original: 'summary', systemType: 'summary', hasMapping: true}
 [OrderMapper] Orden para summary -> summary: 4
 [FieldSorter] Comparando: farewell(5) vs summary(4)
 [StepType] Normalizando tipo: {original: 'location', systemType: 'location', hasMapping: false}
 [OrderMapper] Orden para location -> location: 1
 [StepType] Normalizando tipo: {original: 'shifts', systemType: 'shifts', hasMapping: false}
 [OrderMapper] Orden para shifts -> shifts: 2
 [StepType] Normalizando tipo: {original: 'items', systemType: 'items', hasMapping: false}
 [OrderMapper] Orden para items -> items: 3
 [StepType] Normalizando tipo: {original: 'summary', systemType: 'summary', hasMapping: true}
 [OrderMapper] Orden para summary -> summary: 4
 [StepType] Normalizando tipo: {original: 'farewell', systemType: 'farewell', hasMapping: true}
 [OrderMapper] Orden para farewell -> farewell: 5
 [FieldSorter] Campos ordenados: (5) [{…}, {…}, {…}, {…}, {…}]
 [FieldSorter] Campos originales: (4) ['date', 'court', 'players', 'summary']
 [StepType] Normalizando tipo: {original: 'date', systemType: 'location', hasMapping: true}
 [StepType] Normalizando tipo: {original: 'court', systemType: 'shifts', hasMapping: true}
 [StepType] Normalizando tipo: {original: 'players', systemType: 'items', hasMapping: true}
 [StepType] Normalizando tipo: {original: 'summary', systemType: 'summary', hasMapping: true}
 [FieldSorter] Agregando paso farewell
 [TypeMapper] Mapeando tipo: date -> location
 [StepType] Normalizando tipo: {original: 'date', systemType: 'location', hasMapping: true}
 [OrderMapper] Orden para date -> location: 1
 [FieldSorter] Mapeando campo: date -> location (orden: 1)
 [TypeMapper] Mapeando tipo: court -> shifts
 [StepType] Normalizando tipo: {original: 'court', systemType: 'shifts', hasMapping: true}
 [OrderMapper] Orden para court -> shifts: 2
 [FieldSorter] Mapeando campo: court -> shifts (orden: 2)
 [TypeMapper] Mapeando tipo: players -> items
 [StepType] Normalizando tipo: {original: 'players', systemType: 'items', hasMapping: true}
 [OrderMapper] Orden para players -> items: 3
 [FieldSorter] Mapeando campo: players -> items (orden: 3)
 [TypeMapper] Mapeando tipo: summary -> summary
 [StepType] Normalizando tipo: {original: 'summary', systemType: 'summary', hasMapping: true}
 [OrderMapper] Orden para summary -> summary: 4
 [FieldSorter] Mapeando campo: summary -> summary (orden: 4)
 [TypeMapper] Mapeando tipo: farewell -> farewell
 [StepType] Normalizando tipo: {original: 'farewell', systemType: 'farewell', hasMapping: true}
 [OrderMapper] Orden para farewell -> farewell: 5
 [FieldSorter] Mapeando campo: farewell -> farewell (orden: 5)
 [StepType] Normalizando tipo: {original: 'shifts', systemType: 'shifts', hasMapping: false}
 [OrderMapper] Orden para shifts -> shifts: 2
 [StepType] Normalizando tipo: {original: 'location', systemType: 'location', hasMapping: false}
 [OrderMapper] Orden para location -> location: 1
 [FieldSorter] Comparando: shifts(2) vs location(1)
 [StepType] Normalizando tipo: {original: 'items', systemType: 'items', hasMapping: false}
 [OrderMapper] Orden para items -> items: 3
 [StepType] Normalizando tipo: {original: 'shifts', systemType: 'shifts', hasMapping: false}
 [OrderMapper] Orden para shifts -> shifts: 2
 [FieldSorter] Comparando: items(3) vs shifts(2)
 [StepType] Normalizando tipo: {original: 'summary', systemType: 'summary', hasMapping: true}
 [OrderMapper] Orden para summary -> summary: 4
 [StepType] Normalizando tipo: {original: 'items', systemType: 'items', hasMapping: false}
 [OrderMapper] Orden para items -> items: 3
 [FieldSorter] Comparando: summary(4) vs items(3)
 [StepType] Normalizando tipo: {original: 'farewell', systemType: 'farewell', hasMapping: true}
 [OrderMapper] Orden para farewell -> farewell: 5
 [StepType] Normalizando tipo: {original: 'summary', systemType: 'summary', hasMapping: true}
 [OrderMapper] Orden para summary -> summary: 4
 [FieldSorter] Comparando: farewell(5) vs summary(4)
 [StepType] Normalizando tipo: {original: 'location', systemType: 'location', hasMapping: false}
 [OrderMapper] Orden para location -> location: 1
 [StepType] Normalizando tipo: {original: 'shifts', systemType: 'shifts', hasMapping: false}
 [OrderMapper] Orden para shifts -> shifts: 2
 [StepType] Normalizando tipo: {original: 'items', systemType: 'items', hasMapping: false}
 [OrderMapper] Orden para items -> items: 3
 [StepType] Normalizando tipo: {original: 'summary', systemType: 'summary', hasMapping: true}
 [OrderMapper] Orden para summary -> summary: 4
 [StepType] Normalizando tipo: {original: 'farewell', systemType: 'farewell', hasMapping: true}
 [OrderMapper] Orden para farewell -> farewell: 5
 [FieldSorter] Campos ordenados: (5) [{…}, {…}, {…}, {…}, {…}]
 [PublicFormLayout] Renderizando con: {currentStep: 0, fieldType: 'date', slug: 'formulario-03', isNextDisabled: false, showNextButton: true, …}
 [PublicFormLayout] Renderizando con: {currentStep: 0, fieldType: 'date', slug: 'formulario-03', isNextDisabled: false, showNextButton: true, …}
 [StepType] Normalizando tipo: {original: 'location', systemType: 'location', hasMapping: false}
 [ComponentMapper] Mapeando componente: {originalType: 'location', systemType: 'location', availableTypes: Array(6)}
 [ComponentMapper] Componente encontrado: {originalType: 'location', systemType: 'location', component: 'LocationPreview'}
 [StepType] Normalizando tipo: {original: 'location', systemType: 'location', hasMapping: false}
 [ComponentMapper] Mapeando componente: {originalType: 'location', systemType: 'location', availableTypes: Array(6)}
 [ComponentMapper] Componente encontrado: {originalType: 'location', systemType: 'location', component: 'LocationPreview'}
 [LocationPreview] Estado inicial: {empresaId: null, settings: {…}, isLoadingConfig: true, configError: undefined, selectedLocation: null, …}
 🔍 useLocationBranches iniciado con: {empresaId: null, hasSettings: true}
 [LocationPreview] Estado inicial: {empresaId: null, settings: {…}, isLoadingConfig: true, configError: undefined, selectedLocation: null, …}
 🔍 useLocationBranches iniciado con: {empresaId: null, hasSettings: true}
 ℹ️ No hay sucursales o hay error: {branchesLength: 0, error: undefined, empresaId: null}
 [LocationPreview] Sincronizando estado: {contextBranchId: null, selectedLocation: null}
 [FieldSorter] Campos originales: (4) ['date', 'court', 'players', 'summary']
 [StepType] Normalizando tipo: {original: 'date', systemType: 'location', hasMapping: true}
 [StepType] Normalizando tipo: {original: 'court', systemType: 'shifts', hasMapping: true}
 [StepType] Normalizando tipo: {original: 'players', systemType: 'items', hasMapping: true}
 [StepType] Normalizando tipo: {original: 'summary', systemType: 'summary', hasMapping: true}
 [FieldSorter] Agregando paso farewell
 [TypeMapper] Mapeando tipo: date -> location
 [StepType] Normalizando tipo: {original: 'date', systemType: 'location', hasMapping: true}
 [OrderMapper] Orden para date -> location: 1
 [FieldSorter] Mapeando campo: date -> location (orden: 1)
 [TypeMapper] Mapeando tipo: court -> shifts
 [StepType] Normalizando tipo: {original: 'court', systemType: 'shifts', hasMapping: true}
 [OrderMapper] Orden para court -> shifts: 2
 [FieldSorter] Mapeando campo: court -> shifts (orden: 2)
 [TypeMapper] Mapeando tipo: players -> items
 [StepType] Normalizando tipo: {original: 'players', systemType: 'items', hasMapping: true}
 [OrderMapper] Orden para players -> items: 3
 [FieldSorter] Mapeando campo: players -> items (orden: 3)
 [TypeMapper] Mapeando tipo: summary -> summary
 [StepType] Normalizando tipo: {original: 'summary', systemType: 'summary', hasMapping: true}
 [OrderMapper] Orden para summary -> summary: 4
 [FieldSorter] Mapeando campo: summary -> summary (orden: 4)
 [TypeMapper] Mapeando tipo: farewell -> farewell
 [StepType] Normalizando tipo: {original: 'farewell', systemType: 'farewell', hasMapping: true}
 [OrderMapper] Orden para farewell -> farewell: 5
 [FieldSorter] Mapeando campo: farewell -> farewell (orden: 5)
 [StepType] Normalizando tipo: {original: 'shifts', systemType: 'shifts', hasMapping: false}
 [OrderMapper] Orden para shifts -> shifts: 2
 [StepType] Normalizando tipo: {original: 'location', systemType: 'location', hasMapping: false}
 [OrderMapper] Orden para location -> location: 1
 [FieldSorter] Comparando: shifts(2) vs location(1)
 [StepType] Normalizando tipo: {original: 'items', systemType: 'items', hasMapping: false}
 [OrderMapper] Orden para items -> items: 3
 [StepType] Normalizando tipo: {original: 'shifts', systemType: 'shifts', hasMapping: false}
 [OrderMapper] Orden para shifts -> shifts: 2
 [FieldSorter] Comparando: items(3) vs shifts(2)
 [StepType] Normalizando tipo: {original: 'summary', systemType: 'summary', hasMapping: true}
 [OrderMapper] Orden para summary -> summary: 4
 [StepType] Normalizando tipo: {original: 'items', systemType: 'items', hasMapping: false}
 [OrderMapper] Orden para items -> items: 3
 [FieldSorter] Comparando: summary(4) vs items(3)
 [StepType] Normalizando tipo: {original: 'farewell', systemType: 'farewell', hasMapping: true}
 [OrderMapper] Orden para farewell -> farewell: 5
 [StepType] Normalizando tipo: {original: 'summary', systemType: 'summary', hasMapping: true}
 [OrderMapper] Orden para summary -> summary: 4
 [FieldSorter] Comparando: farewell(5) vs summary(4)
 [StepType] Normalizando tipo: {original: 'location', systemType: 'location', hasMapping: false}
 [OrderMapper] Orden para location -> location: 1
 [StepType] Normalizando tipo: {original: 'shifts', systemType: 'shifts', hasMapping: false}
 [OrderMapper] Orden para shifts -> shifts: 2
 [StepType] Normalizando tipo: {original: 'items', systemType: 'items', hasMapping: false}
 [OrderMapper] Orden para items -> items: 3
 [StepType] Normalizando tipo: {original: 'summary', systemType: 'summary', hasMapping: true}
 [OrderMapper] Orden para summary -> summary: 4
 [StepType] Normalizando tipo: {original: 'farewell', systemType: 'farewell', hasMapping: true}
 [OrderMapper] Orden para farewell -> farewell: 5
 [FieldSorter] Campos ordenados: (5) [{…}, {…}, {…}, {…}, {…}]
 [PublicFormContent] Estado actual: {currentStep: 0, totalSteps: 4, currentField: 'date', currentType: 'location', nextField: 'court', …}
 [PublicFormContent] Inicializando formulario: {id: 'dc1cceb5-47f0-4cf4-8640-fdfaf683f636', empresa_id: '99f78081-24fa-4892-aae2-823816e7d132', totalSteps: 4, currentStep: 0, canNavigateNext: true}
 ℹ️ No hay sucursales o hay error: {branchesLength: 0, error: undefined, empresaId: null}
 [LocationPreview] Sincronizando estado: {contextBranchId: null, selectedLocation: null}
 [FieldSorter] Campos originales: (4) ['date', 'court', 'players', 'summary']
 [StepType] Normalizando tipo: {original: 'date', systemType: 'location', hasMapping: true}
 [StepType] Normalizando tipo: {original: 'court', systemType: 'shifts', hasMapping: true}
 [StepType] Normalizando tipo: {original: 'players', systemType: 'items', hasMapping: true}
 [StepType] Normalizando tipo: {original: 'summary', systemType: 'summary', hasMapping: true}
 [FieldSorter] Agregando paso farewell
 [TypeMapper] Mapeando tipo: date -> location
 [StepType] Normalizando tipo: {original: 'date', systemType: 'location', hasMapping: true}
 [OrderMapper] Orden para date -> location: 1
 [FieldSorter] Mapeando campo: date -> location (orden: 1)
 [TypeMapper] Mapeando tipo: court -> shifts
 [StepType] Normalizando tipo: {original: 'court', systemType: 'shifts', hasMapping: true}
 [OrderMapper] Orden para court -> shifts: 2
 [FieldSorter] Mapeando campo: court -> shifts (orden: 2)
 [TypeMapper] Mapeando tipo: players -> items
 [StepType] Normalizando tipo: {original: 'players', systemType: 'items', hasMapping: true}
 [OrderMapper] Orden para players -> items: 3
 [FieldSorter] Mapeando campo: players -> items (orden: 3)
 [TypeMapper] Mapeando tipo: summary -> summary
 [StepType] Normalizando tipo: {original: 'summary', systemType: 'summary', hasMapping: true}
 [OrderMapper] Orden para summary -> summary: 4
 [FieldSorter] Mapeando campo: summary -> summary (orden: 4)
 [TypeMapper] Mapeando tipo: farewell -> farewell
 [StepType] Normalizando tipo: {original: 'farewell', systemType: 'farewell', hasMapping: true}
 [OrderMapper] Orden para farewell -> farewell: 5
 [FieldSorter] Mapeando campo: farewell -> farewell (orden: 5)
 [StepType] Normalizando tipo: {original: 'shifts', systemType: 'shifts', hasMapping: false}
 [OrderMapper] Orden para shifts -> shifts: 2
 [StepType] Normalizando tipo: {original: 'location', systemType: 'location', hasMapping: false}
 [OrderMapper] Orden para location -> location: 1
 [FieldSorter] Comparando: shifts(2) vs location(1)
 [StepType] Normalizando tipo: {original: 'items', systemType: 'items', hasMapping: false}
 [OrderMapper] Orden para items -> items: 3
 [StepType] Normalizando tipo: {original: 'shifts', systemType: 'shifts', hasMapping: false}
 [OrderMapper] Orden para shifts -> shifts: 2
 [FieldSorter] Comparando: items(3) vs shifts(2)
 [StepType] Normalizando tipo: {original: 'summary', systemType: 'summary', hasMapping: true}
 [OrderMapper] Orden para summary -> summary: 4
 [StepType] Normalizando tipo: {original: 'items', systemType: 'items', hasMapping: false}
 [OrderMapper] Orden para items -> items: 3
 [FieldSorter] Comparando: summary(4) vs items(3)
 [StepType] Normalizando tipo: {original: 'farewell', systemType: 'farewell', hasMapping: true}
 [OrderMapper] Orden para farewell -> farewell: 5
 [StepType] Normalizando tipo: {original: 'summary', systemType: 'summary', hasMapping: true}
 [OrderMapper] Orden para summary -> summary: 4
 [FieldSorter] Comparando: farewell(5) vs summary(4)
 [StepType] Normalizando tipo: {original: 'location', systemType: 'location', hasMapping: false}
preview-to-public.ts:312 [OrderMapper] Orden para location -> location: 1
preview-to-public.ts:205 [StepType] Normalizando tipo: {original: 'shifts', systemType: 'shifts', hasMapping: false}
preview-to-public.ts:312 [OrderMapper] Orden para shifts -> shifts: 2
preview-to-public.ts:205 [StepType] Normalizando tipo: {original: 'items', systemType: 'items', hasMapping: false}
preview-to-public.ts:312 [OrderMapper] Orden para items -> items: 3
preview-to-public.ts:205 [StepType] Normalizando tipo: {original: 'summary', systemType: 'summary', hasMapping: true}
preview-to-public.ts:312 [OrderMapper] Orden para summary -> summary: 4
preview-to-public.ts:205 [StepType] Normalizando tipo: {original: 'farewell', systemType: 'farewell', hasMapping: true}
preview-to-public.ts:312 [OrderMapper] Orden para farewell -> farewell: 5
preview-to-public.ts:370 [FieldSorter] Campos ordenados: (5) [{…}, {…}, {…}, {…}, {…}]
PublicFormContent.tsx:32 [PublicFormContent] Estado actual: {currentStep: 0, totalSteps: 4, currentField: 'date', currentType: 'location', nextField: 'court', …}
PublicFormContent.tsx:44 [PublicFormContent] Inicializando formulario: {id: 'dc1cceb5-47f0-4cf4-8640-fdfaf683f636', empresa_id: '99f78081-24fa-4892-aae2-823816e7d132', totalSteps: 4, currentStep: 0, canNavigateNext: true}
preview-to-public.ts:205 [StepType] Normalizando tipo: {original: 'date', systemType: 'location', hasMapping: true}
preview-to-public.ts:205 [StepType] Normalizando tipo: {original: 'date', systemType: 'location', hasMapping: true}
PublicFormLayout.tsx:38 [PublicFormLayout] Renderizando con: {currentStep: 0, fieldType: 'date', slug: 'formulario-03', isNextDisabled: false, showNextButton: true, …}
PublicFormLayout.tsx:38 [PublicFormLayout] Renderizando con: {currentStep: 0, fieldType: 'date', slug: 'formulario-03', isNextDisabled: false, showNextButton: true, …}
preview-to-public.ts:205 [StepType] Normalizando tipo: {original: 'location', systemType: 'location', hasMapping: false}
preview-to-public.ts:261 [ComponentMapper] Mapeando componente: {originalType: 'location', systemType: 'location', availableTypes: Array(6)}
preview-to-public.ts:274 [ComponentMapper] Componente encontrado: {originalType: 'location', systemType: 'location', component: 'LocationPreview'}
preview-to-public.ts:205 [StepType] Normalizando tipo: {original: 'location', systemType: 'location', hasMapping: false}
preview-to-public.ts:261 [ComponentMapper] Mapeando componente: {originalType: 'location', systemType: 'location', availableTypes: Array(6)}
preview-to-public.ts:274 [ComponentMapper] Componente encontrado: {originalType: 'location', systemType: 'location', component: 'LocationPreview'}
LocationPreview.tsx:61 [LocationPreview] Estado inicial: {empresaId: null, settings: {…}, isLoadingConfig: true, configError: undefined, selectedLocation: null, …}
use-location-branches.ts:15 🔍 useLocationBranches iniciado con: {empresaId: null, hasSettings: true}
LocationPreview.tsx:61 [LocationPreview] Estado inicial: {empresaId: null, settings: {…}, isLoadingConfig: true, configError: undefined, selectedLocation: null, …}
use-location-branches.ts:15 🔍 useLocationBranches iniciado con: {empresaId: null, hasSettings: true}
use-location-branches.ts:75 ℹ️ No hay sucursales o hay error: {branchesLength: 0, error: undefined, empresaId: null}
LocationPreview.tsx:61 [LocationPreview] Estado inicial: {empresaId: null, settings: {…}, isLoadingConfig: true, configError: undefined, selectedLocation: null, …}
use-location-branches.ts:15 🔍 useLocationBranches iniciado con: {empresaId: null, hasSettings: true}
LocationPreview.tsx:61 [LocationPreview] Estado inicial: {empresaId: null, settings: {…}, isLoadingConfig: true, configError: undefined, selectedLocation: null, …}
use-location-branches.ts:15 🔍 useLocationBranches iniciado con: {empresaId: null, hasSettings: true}
publish-service.ts:12 [FormPublishService] 📊 Vistas incrementadas para: {slug: 'formulario-03'}
publish-service.ts:12 [FormPublishService] 📊 Vistas incrementadas para: {slug: 'formulario-03'}
publish-service.ts:12 [FormPublishService] 📊 Vistas incrementadas para: {slug: 'formulario-03'}
preview-to-public.ts:205 [StepType] Normalizando tipo: {original: 'date', systemType: 'location', hasMapping: true}
preview-to-public.ts:205 [StepType] Normalizando tipo: {original: 'date', systemType: 'location', hasMapping: true}
PublicFormLayout.tsx:38 [PublicFormLayout] Renderizando con: {currentStep: 0, fieldType: 'date', slug: 'formulario-03', isNextDisabled: false, showNextButton: true, …}
PublicFormLayout.tsx:38 [PublicFormLayout] Renderizando con: {currentStep: 0, fieldType: 'date', slug: 'formulario-03', isNextDisabled: false, showNextButton: true, …}
preview-to-public.ts:205 [StepType] Normalizando tipo: {original: 'location', systemType: 'location', hasMapping: false}
preview-to-public.ts:261 [ComponentMapper] Mapeando componente: {originalType: 'location', systemType: 'location', availableTypes: Array(6)}
preview-to-public.ts:274 [ComponentMapper] Componente encontrado: {originalType: 'location', systemType: 'location', component: 'LocationPreview'}
preview-to-public.ts:205 [StepType] Normalizando tipo: {original: 'location', systemType: 'location', hasMapping: false}
preview-to-public.ts:261 [ComponentMapper] Mapeando componente: {originalType: 'location', systemType: 'location', availableTypes: Array(6)}
preview-to-public.ts:274 [ComponentMapper] Componente encontrado: {originalType: 'location', systemType: 'location', component: 'LocationPreview'}
LocationPreview.tsx:61 [LocationPreview] Estado inicial: {empresaId: null, settings: {…}, isLoadingConfig: true, configError: undefined, selectedLocation: null, …}
use-location-branches.ts:15 🔍 useLocationBranches iniciado con: {empresaId: null, hasSettings: true}
LocationPreview.tsx:61 [LocationPreview] Estado inicial: {empresaId: null, settings: {…}, isLoadingConfig: true, configError: undefined, selectedLocation: null, …}
use-location-branches.ts:15 🔍 useLocationBranches iniciado con: {empresaId: null, hasSettings: true}
OrganizationContext.tsx:85 ⏭️ Usando organización en caché
LocationPreview.tsx:61 [LocationPreview] Estado inicial: {empresaId: '99f78081-24fa-4892-aae2-823816e7d132', settings: {…}, isLoadingConfig: false, configError: undefined, selectedLocation: null, …}
use-location-branches.ts:15 🔍 useLocationBranches iniciado con: {empresaId: '99f78081-24fa-4892-aae2-823816e7d132', hasSettings: true}
LocationPreview.tsx:61 [LocationPreview] Estado inicial: {empresaId: '99f78081-24fa-4892-aae2-823816e7d132', settings: {…}, isLoadingConfig: false, configError: undefined, selectedLocation: null, …}
use-location-branches.ts:15 🔍 useLocationBranches iniciado con: {empresaId: '99f78081-24fa-4892-aae2-823816e7d132', hasSettings: true}
use-location-branches.ts:29 📍 Consultando sedes para empresa: 99f78081-24fa-4892-aae2-823816e7d132
use-location-branches.ts:75 ℹ️ No hay sucursales o hay error: {branchesLength: 0, error: undefined, empresaId: '99f78081-24fa-4892-aae2-823816e7d132'}
LocationPreview.tsx:61 [LocationPreview] Estado inicial: {empresaId: '99f78081-24fa-4892-aae2-823816e7d132', settings: {…}, isLoadingConfig: false, configError: undefined, selectedLocation: null, …}
use-location-branches.ts:15 🔍 useLocationBranches iniciado con: {empresaId: '99f78081-24fa-4892-aae2-823816e7d132', hasSettings: true}
LocationPreview.tsx:61 [LocationPreview] Estado inicial: {empresaId: '99f78081-24fa-4892-aae2-823816e7d132', settings: {…}, isLoadingConfig: false, configError: undefined, selectedLocation: null, …}
use-location-branches.ts:15 🔍 useLocationBranches iniciado con: {empresaId: '99f78081-24fa-4892-aae2-823816e7d132', hasSettings: true}
use-location-branches.ts:58 ✅ Sucursales obtenidas: {total: 3, empresaId: '99f78081-24fa-4892-aae2-823816e7d132', firstBranch: 'Sede 1'}
LocationPreview.tsx:61 [LocationPreview] Estado inicial: {empresaId: '99f78081-24fa-4892-aae2-823816e7d132', settings: {…}, isLoadingConfig: false, configError: undefined, selectedLocation: null, …}
use-location-branches.ts:15 🔍 useLocationBranches iniciado con: {empresaId: '99f78081-24fa-4892-aae2-823816e7d132', hasSettings: true}
LocationPreview.tsx:61 [LocationPreview] Estado inicial: {empresaId: '99f78081-24fa-4892-aae2-823816e7d132', settings: {…}, isLoadingConfig: false, configError: undefined, selectedLocation: null, …}
use-location-branches.ts:15 🔍 useLocationBranches iniciado con: {empresaId: '99f78081-24fa-4892-aae2-823816e7d132', hasSettings: true}
use-location-branches.ts:89 📋 Filtrando sucursales: {total: 3, filtered: 3, shouldShowBranches: true, settings: 'definido', empresaId: '99f78081-24fa-4892-aae2-823816e7d132'}
LocationPreview.tsx:61 [LocationPreview] Estado inicial: {empresaId: '99f78081-24fa-4892-aae2-823816e7d132', settings: {…}, isLoadingConfig: false, configError: undefined, selectedLocation: null, …}
use-location-branches.ts:15 🔍 useLocationBranches iniciado con: {empresaId: '99f78081-24fa-4892-aae2-823816e7d132', hasSettings: true}
LocationPreview.tsx:61 [LocationPreview] Estado inicial: {empresaId: '99f78081-24fa-4892-aae2-823816e7d132', settings: {…}, isLoadingConfig: false, configError: undefined, selectedLocation: null, …}
use-location-branches.ts:15 🔍 useLocationBranches iniciado con: {empresaId: '99f78081-24fa-4892-aae2-823816e7d132', hasSettings: true}
LocationPreview.tsx:61 [LocationPreview] Estado inicial: {empresaId: '99f78081-24fa-4892-aae2-823816e7d132', settings: {…}, isLoadingConfig: false, configError: undefined, selectedLocation: 'eb8139e9-261f-4912-bc32-9aa1d455ab15', …}
use-location-branches.ts:15 🔍 useLocationBranches iniciado con: {empresaId: '99f78081-24fa-4892-aae2-823816e7d132', hasSettings: true}
LocationPreview.tsx:61 [LocationPreview] Estado inicial: {empresaId: '99f78081-24fa-4892-aae2-823816e7d132', settings: {…}, isLoadingConfig: false, configError: undefined, selectedLocation: 'eb8139e9-261f-4912-bc32-9aa1d455ab15', …}
use-location-branches.ts:15 🔍 useLocationBranches iniciado con: {empresaId: '99f78081-24fa-4892-aae2-823816e7d132', hasSettings: true}
LocationPreview.tsx:92 [LocationPreview] Actualizando ubicación: {id: 'eb8139e9-261f-4912-bc32-9aa1d455ab15', name: 'Sede 2'}
preview-to-public.ts:205 [StepType] Normalizando tipo: {original: 'date', systemType: 'location', hasMapping: true}
preview-to-public.ts:205 [StepType] Normalizando tipo: {original: 'date', systemType: 'location', hasMapping: true}
PublicFormLayout.tsx:38 [PublicFormLayout] Renderizando con: {currentStep: 0, fieldType: 'date', slug: 'formulario-03', isNextDisabled: false, showNextButton: true, …}
PublicFormLayout.tsx:38 [PublicFormLayout] Renderizando con: {currentStep: 0, fieldType: 'date', slug: 'formulario-03', isNextDisabled: false, showNextButton: true, …}
preview-to-public.ts:205 [StepType] Normalizando tipo: {original: 'location', systemType: 'location', hasMapping: false}
preview-to-public.ts:261 [ComponentMapper] Mapeando componente: {originalType: 'location', systemType: 'location', availableTypes: Array(6)}
preview-to-public.ts:274 [ComponentMapper] Componente encontrado: {originalType: 'location', systemType: 'location', component: 'LocationPreview'}
preview-to-public.ts:205 [StepType] Normalizando tipo: {original: 'location', systemType: 'location', hasMapping: false}
preview-to-public.ts:261 [ComponentMapper] Mapeando componente: {originalType: 'location', systemType: 'location', availableTypes: Array(6)}
preview-to-public.ts:274 [ComponentMapper] Componente encontrado: {originalType: 'location', systemType: 'location', component: 'LocationPreview'}
LocationPreview.tsx:61 [LocationPreview] Estado inicial: {empresaId: '99f78081-24fa-4892-aae2-823816e7d132', settings: {…}, isLoadingConfig: false, configError: undefined, selectedLocation: 'eb8139e9-261f-4912-bc32-9aa1d455ab15', …}
use-location-branches.ts:15 🔍 useLocationBranches iniciado con: {empresaId: '99f78081-24fa-4892-aae2-823816e7d132', hasSettings: true}
LocationPreview.tsx:61 [LocationPreview] Estado inicial: {empresaId: '99f78081-24fa-4892-aae2-823816e7d132', settings: {…}, isLoadingConfig: false, configError: undefined, selectedLocation: 'eb8139e9-261f-4912-bc32-9aa1d455ab15', …}
use-location-branches.ts:15 🔍 useLocationBranches iniciado con: {empresaId: '99f78081-24fa-4892-aae2-823816e7d132', hasSettings: true}
LocationPreview.tsx:77 [LocationPreview] Sincronizando estado: {contextBranchId: 'eb8139e9-261f-4912-bc32-9aa1d455ab15', selectedLocation: 'eb8139e9-261f-4912-bc32-9aa1d455ab15'}
LocationPreview.tsx:61 [LocationPreview] Estado inicial: {empresaId: '99f78081-24fa-4892-aae2-823816e7d132', settings: {…}, isLoadingConfig: false, configError: undefined, selectedLocation: 'eb8139e9-261f-4912-bc32-9aa1d455ab15', …}
use-location-branches.ts:15 🔍 useLocationBranches iniciado con: {empresaId: '99f78081-24fa-4892-aae2-823816e7d132', hasSettings: true}
LocationPreview.tsx:61 [LocationPreview] Estado inicial: {empresaId: '99f78081-24fa-4892-aae2-823816e7d132', settings: {…}, isLoadingConfig: false, configError: undefined, selectedLocation: 'eb8139e9-261f-4912-bc32-9aa1d455ab15', …}
use-location-branches.ts:15 🔍 useLocationBranches iniciado con: {empresaId: '99f78081-24fa-4892-aae2-823816e7d132', hasSettings: true}
PublicFormContent.tsx:52 [Navigation] Iniciando navegación: {from: 'location', currentType: 'location', currentStep: 0, nextStep: 1, hasNextField: true, …}
preview-to-public.ts:205 [StepType] Normalizando tipo: {original: 'location', systemType: 'location', hasMapping: false}
preview-to-public.ts:205 [StepType] Normalizando tipo: {original: 'shifts', systemType: 'shifts', hasMapping: false}
preview-to-public.ts:219 [StepOrder] Validando orden: {currentType: 'location', nextType: 'shifts', STEP_ORDER: Array(6), totalSteps: 6}
preview-to-public.ts:246 [StepOrder] Resultado de validación: {currentOrder: 1, nextOrder: 2, isValid: true, isSummaryToFarewell: false}
PublicFormContent.tsx:68 [Navigation] Iniciando navegación: {from: 'date', currentType: 'location', currentStep: 0, nextStep: 1, hasNextField: true}
PublicFormContent.tsx:78 [Navigation] Navegación completada al paso: 1
preview-to-public.ts:205 [StepType] Normalizando tipo: {original: 'court', systemType: 'shifts', hasMapping: true}
preview-to-public.ts:205 [StepType] Normalizando tipo: {original: 'court', systemType: 'shifts', hasMapping: true}
PublicFormLayout.tsx:38 [PublicFormLayout] Renderizando con: {currentStep: 1, fieldType: 'court', slug: 'formulario-03', isNextDisabled: false, showNextButton: true, …}
PublicFormLayout.tsx:38 [PublicFormLayout] Renderizando con: {currentStep: 1, fieldType: 'court', slug: 'formulario-03', isNextDisabled: false, showNextButton: true, …}
preview-to-public.ts:205 [StepType] Normalizando tipo: {original: 'shifts', systemType: 'shifts', hasMapping: false}
preview-to-public.ts:261 [ComponentMapper] Mapeando componente: {originalType: 'shifts', systemType: 'shifts', availableTypes: Array(6)}
preview-to-public.ts:274 [ComponentMapper] Componente encontrado: {originalType: 'shifts', systemType: 'shifts', component: 'ShiftsPreview'}
preview-to-public.ts:205 [StepType] Normalizando tipo: {original: 'shifts', systemType: 'shifts', hasMapping: false}
preview-to-public.ts:261 [ComponentMapper] Mapeando componente: {originalType: 'shifts', systemType: 'shifts', availableTypes: Array(6)}
preview-to-public.ts:274 [ComponentMapper] Componente encontrado: {originalType: 'shifts', systemType: 'shifts', component: 'ShiftsPreview'}
LocationPreview.tsx:61 [LocationPreview] Estado inicial: {empresaId: '99f78081-24fa-4892-aae2-823816e7d132', settings: {…}, isLoadingConfig: false, configError: undefined, selectedLocation: 'eb8139e9-261f-4912-bc32-9aa1d455ab15', …}
use-location-branches.ts:15 🔍 useLocationBranches iniciado con: {empresaId: '99f78081-24fa-4892-aae2-823816e7d132', hasSettings: true}
LocationPreview.tsx:61 [LocationPreview] Estado inicial: {empresaId: '99f78081-24fa-4892-aae2-823816e7d132', settings: {…}, isLoadingConfig: false, configError: undefined, selectedLocation: 'eb8139e9-261f-4912-bc32-9aa1d455ab15', …}
use-location-branches.ts:15 🔍 useLocationBranches iniciado con: {empresaId: '99f78081-24fa-4892-aae2-823816e7d132', hasSettings: true}
PublicFormContent.tsx:32 [PublicFormContent] Estado actual: {currentStep: 1, totalSteps: 4, currentField: 'court', currentType: 'shifts', nextField: 'players', …}
useAvailability.ts:44 useAvailability - Iniciando fetchSlots: {date: Fri Feb 14 2025 00:00:00 GMT+0000 (Greenwich Mean Time), duration: 1, courtType: undefined, timeOfDay: undefined, branchId: 'eb8139e9-261f-4912-bc32-9aa1d455ab15'}
availability.service.ts:495 AvailabilityService - findAvailableSlots - params: {date: Fri Feb 14 2025 00:00:00 GMT+0000 (Greenwich Mean Time), duration: 1, courtType: undefined, timeOfDay: undefined, branchId: 'eb8139e9-261f-4912-bc32-9aa1d455ab15'}
 AvailabilityService - getBranchSchedule: {branchId: 'eb8139e9-261f-4912-bc32-9aa1d455ab15', date: Fri Feb 14 2025 00:00:00 GMT+0000 (Greenwich Mean Time)}
 ShiftsPreview - Estado: {loadingSlots: false, slotsLength: 0, error: null, params: {…}}
 useAvailability - Iniciando fetchSlots: {date: Fri Feb 14 2025 00:00:00 GMT+0000 (Greenwich Mean Time), duration: 1, courtType: undefined, timeOfDay: undefined, branchId: 'eb8139e9-261f-4912-bc32-9aa1d455ab15'}
 AvailabilityService - findAvailableSlots - params: {date: Fri Feb 14 2025 00:00:00 GMT+0000 (Greenwich Mean Time), duration: 1, courtType: undefined, timeOfDay: undefined, branchId: 'eb8139e9-261f-4912-bc32-9aa1d455ab15'}
 AvailabilityService - getBranchSchedule: {branchId: 'eb8139e9-261f-4912-bc32-9aa1d455ab15', date: Fri Feb 14 2025 00:00:00 GMT+0000 (Greenwich Mean Time)}
 ShiftsPreview - Estado: {loadingSlots: false, slotsLength: 0, error: null, params: {…}}
 You're attempting to animate multiple children within AnimatePresence, but its mode is set to "wait". This will lead to odd visual behaviour.
AnimatePresence @ webpack-internal:///…sence/index.mjs:174
renderWithHooks @ webpack-internal:///…evelopment.js:11121
updateFunctionComponent @ webpack-internal:///…evelopment.js:16290
beginWork$1 @ webpack-internal:///…evelopment.js:18472
beginWork @ webpack-internal:///…evelopment.js:26927
performUnitOfWork @ webpack-internal:///…evelopment.js:25748
workLoopSync @ webpack-internal:///…evelopment.js:25464
renderRootSync @ webpack-internal:///…evelopment.js:25419
performSyncWorkOnRoot @ webpack-internal:///…evelopment.js:24887
flushSyncWorkAcrossRoots_impl @ webpack-internal:///…development.js:7758
flushSyncWorkOnAllRoots @ webpack-internal:///…development.js:7718
commitRootImpl @ webpack-internal:///…evelopment.js:26369
commitRoot @ webpack-internal:///…evelopment.js:26077
commitRootWhenReady @ webpack-internal:///…evelopment.js:24749
finishConcurrentRender @ webpack-internal:///…evelopment.js:24714
performConcurrentWorkOnRoot @ webpack-internal:///…evelopment.js:24559
workLoop @ webpack-internal:///….development.js:256
flushWork @ webpack-internal:///….development.js:225
performWorkUntilDeadline @ webpack-internal:///….development.js:534
 You're attempting to animate multiple children within AnimatePresence, but its mode is set to "wait". This will lead to odd visual behaviour.
AnimatePresence @ webpack-internal:///…sence/index.mjs:174
renderWithHooksAgain @ webpack-internal:///…evelopment.js:11272
renderWithHooks @ webpack-internal:///…evelopment.js:11135
updateFunctionComponent @ webpack-internal:///…evelopment.js:16290
beginWork$1 @ webpack-internal:///…evelopment.js:18472
beginWork @ webpack-internal:///…evelopment.js:26927
performUnitOfWork @ webpack-internal:///…evelopment.js:25748
workLoopSync @ webpack-internal:///…evelopment.js:25464
renderRootSync @ webpack-internal:///…evelopment.js:25419
performSyncWorkOnRoot @ webpack-internal:///…evelopment.js:24887
flushSyncWorkAcrossRoots_impl @ webpack-internal:///…development.js:7758
flushSyncWorkOnAllRoots @ webpack-internal:///…development.js:7718
commitRootImpl @ webpack-internal:///…evelopment.js:26369
commitRoot @ webpack-internal:///…evelopment.js:26077
commitRootWhenReady @ webpack-internal:///…evelopment.js:24749
finishConcurrentRender @ webpack-internal:///…evelopment.js:24714
performConcurrentWorkOnRoot @ webpack-internal:///…evelopment.js:24559
workLoop @ webpack-internal:///….development.js:256
flushWork @ webpack-internal:///….development.js:225
performWorkUntilDeadline @ webpack-internal:///….development.js:534
 ShiftsPreview - Estado: {loadingSlots: true, slotsLength: 0, error: null, params: {…}}
 AvailabilityService - Horarios obtenidos: {dayOfWeek: 'friday', schedule: {…}}
 AvailabilityService - getCourts - params: {courtType: undefined, branchId: 'eb8139e9-261f-4912-bc32-9aa1d455ab15'}
 AvailabilityService - Horarios obtenidos: {dayOfWeek: 'friday', schedule: {…}}
 AvailabilityService - getCourts - params: {courtType: undefined, branchId: 'eb8139e9-261f-4912-bc32-9aa1d455ab15'}
 AvailabilityService - getCourts - resultado: {courts: Array(4), error: null}
 AvailabilityService - getBookings - params: {date: Fri Feb 14 2025 00:00:00 GMT+0000 (Greenwich Mean Time), courtIds: Array(4)}
 AvailabilityService - getCourts - resultado: {courts: Array(4), error: null}
 AvailabilityService - getBookings - params: {date: Fri Feb 14 2025 00:00:00 GMT+0000 (Greenwich Mean Time), courtIds: Array(4)}
 AvailabilityService - getBookings - resultado: {bookings: Array(0), error: null}
 AvailabilityService - Rangos disponibles después de filtrado: {totalRanges: 1, ranges: Array(1)}
 AvailabilityService - Rangos disponibles para Pista 5: {ranges: Array(1), durationInMinutes: 60, courtName: 'Pista 5'}
 AvailabilityService - Calculando precio: {courtName: 'Pista 5', durationInMinutes: 60, basePrice: 30, date: '2025-02-14', startTime: '05:00', …}
 AvailabilityService - Slot válido encontrado: {start: '05:00', end: '06:00', court: 'Pista 5', price: 30}
 AvailabilityService - Calculando precio: {courtName: 'Pista 5', durationInMinutes: 60, basePrice: 30, date: '2025-02-14', startTime: '05:30', …}
 AvailabilityService - Slot válido encontrado: {start: '05:30', end: '06:30', court: 'Pista 5', price: 30}
 AvailabilityService - Calculando precio: {courtName: 'Pista 5', durationInMinutes: 60, basePrice: 30, date: '2025-02-14', startTime: '06:00', …}
 AvailabilityService - Slot válido encontrado: {start: '06:00', end: '07:00', court: 'Pista 5', price: 30}
 AvailabilityService - Calculando precio: {courtName: 'Pista 5', durationInMinutes: 60, basePrice: 30, date: '2025-02-14', startTime: '06:30', …}
 AvailabilityService - Slot válido encontrado: {start: '06:30', end: '07:30', court: 'Pista 5', price: 30}
 AvailabilityService - Calculando precio: {courtName: 'Pista 5', durationInMinutes: 60, basePrice: 30, date: '2025-02-14', startTime: '07:00', …}
 AvailabilityService - Slot válido encontrado: {start: '07:00', end: '08:00', court: 'Pista 5', price: 30}
 AvailabilityService - Calculando precio: {courtName: 'Pista 5', durationInMinutes: 60, basePrice: 30, date: '2025-02-14', startTime: '07:30', …}
 AvailabilityService - Slot válido encontrado: {start: '07:30', end: '08:30', court: 'Pista 5', price: 30}
 AvailabilityService - Calculando precio: {courtName: 'Pista 5', durationInMinutes: 60, basePrice: 30, date: '2025-02-14', startTime: '08:00', …}
 AvailabilityService - Slot válido encontrado: {start: '08:00', end: '09:00', court: 'Pista 5', price: 30}
 AvailabilityService - Calculando precio: {courtName: 'Pista 5', durationInMinutes: 60, basePrice: 30, date: '2025-02-14', startTime: '08:30', …}
 AvailabilityService - Slot válido encontrado: {start: '08:30', end: '09:30', court: 'Pista 5', price: 30}
 AvailabilityService - Calculando precio: {courtName: 'Pista 5', durationInMinutes: 60, basePrice: 30, date: '2025-02-14', startTime: '09:00', …}
 AvailabilityService - Slot válido encontrado: {start: '09:00', end: '10:00', court: 'Pista 5', price: 30}
 AvailabilityService - Calculando precio: {courtName: 'Pista 5', durationInMinutes: 60, basePrice: 30, date: '2025-02-14', startTime: '09:30', …}
 AvailabilityService - Slot válido encontrado: {start: '09:30', end: '10:30', court: 'Pista 5', price: 30}
 AvailabilityService - Calculando precio: {courtName: 'Pista 5', durationInMinutes: 60, basePrice: 30, date: '2025-02-14', startTime: '10:00', …}
 AvailabilityService - Slot válido encontrado: {start: '10:00', end: '11:00', court: 'Pista 5', price: 30}
 AvailabilityService - Calculando precio: {courtName: 'Pista 5', durationInMinutes: 60, basePrice: 30, date: '2025-02-14', startTime: '10:30', …}
 AvailabilityService - Slot válido encontrado: {start: '10:30', end: '11:30', court: 'Pista 5', price: 30}
 AvailabilityService - Calculando precio: {courtName: 'Pista 5', durationInMinutes: 60, basePrice: 30, date: '2025-02-14', startTime: '11:00', …}
 AvailabilityService - Slot válido encontrado: {start: '11:00', end: '12:00', court: 'Pista 5', price: 30}
 AvailabilityService - Calculando precio: {courtName: 'Pista 5', durationInMinutes: 60, basePrice: 30, date: '2025-02-14', startTime: '11:30', …}
 AvailabilityService - Slot válido encontrado: {start: '11:30', end: '12:30', court: 'Pista 5', price: 30}
 AvailabilityService - Calculando precio: {courtName: 'Pista 5', durationInMinutes: 60, basePrice: 30, date: '2025-02-14', startTime: '12:00', …}
 AvailabilityService - Slot válido encontrado: {start: '12:00', end: '13:00', court: 'Pista 5', price: 30}
 AvailabilityService - Calculando precio: {courtName: 'Pista 5', durationInMinutes: 60, basePrice: 30, date: '2025-02-14', startTime: '12:30', …}
 AvailabilityService - Slot válido encontrado: {start: '12:30', end: '13:30', court: 'Pista 5', price: 30}
 AvailabilityService - Calculando precio: {courtName: 'Pista 5', durationInMinutes: 60, basePrice: 30, date: '2025-02-14', startTime: '13:00', …}
 AvailabilityService - Slot válido encontrado: {start: '13:00', end: '14:00', court: 'Pista 5', price: 30}
 AvailabilityService - Calculando precio: {courtName: 'Pista 5', durationInMinutes: 60, basePrice: 30, date: '2025-02-14', startTime: '13:30', …}
 AvailabilityService - Slot válido encontrado: {start: '13:30', end: '14:30', court: 'Pista 5', price: 30}
 AvailabilityService - Calculando precio: {courtName: 'Pista 5', durationInMinutes: 60, basePrice: 30, date: '2025-02-14', startTime: '14:00', …}
 AvailabilityService - Slot válido encontrado: {start: '14:00', end: '15:00', court: 'Pista 5', price: 30}
 AvailabilityService - Calculando precio: {courtName: 'Pista 5', durationInMinutes: 60, basePrice: 30, date: '2025-02-14', startTime: '14:30', …}
 AvailabilityService - Slot válido encontrado: {start: '14:30', end: '15:30', court: 'Pista 5', price: 30}
 AvailabilityService - Calculando precio: {courtName: 'Pista 5', durationInMinutes: 60, basePrice: 34.5, date: '2025-02-14', startTime: '15:00', …}
 AvailabilityService - Slot válido encontrado: {start: '15:00', end: '16:00', court: 'Pista 5', price: 34.5}
 AvailabilityService - Calculando precio: {courtName: 'Pista 5', durationInMinutes: 60, basePrice: 34.5, date: '2025-02-14', startTime: '15:30', …}
 AvailabilityService - Slot válido encontrado: {start: '15:30', end: '16:30', court: 'Pista 5', price: 34.5}
 AvailabilityService - Calculando precio: {courtName: 'Pista 5', durationInMinutes: 60, basePrice: 34.5, date: '2025-02-14', startTime: '16:00', …}
 AvailabilityService - Slot válido encontrado: {start: '16:00', end: '17:00', court: 'Pista 5', price: 34.5}
 AvailabilityService - Calculando precio: {courtName: 'Pista 5', durationInMinutes: 60, basePrice: 34.5, date: '2025-02-14', startTime: '16:30', …}
 AvailabilityService - Slot válido encontrado: {start: '16:30', end: '17:30', court: 'Pista 5', price: 34.5}
 AvailabilityService - Calculando precio: {courtName: 'Pista 5', durationInMinutes: 60, basePrice: 34.5, date: '2025-02-14', startTime: '17:00', …}
 AvailabilityService - Slot válido encontrado: {start: '17:00', end: '18:00', court: 'Pista 5', price: 34.5}
 AvailabilityService - Calculando precio: {courtName: 'Pista 5', durationInMinutes: 60, basePrice: 34.5, date: '2025-02-14', startTime: '17:30', …}
 AvailabilityService - Slot válido encontrado: {start: '17:30', end: '18:30', court: 'Pista 5', price: 34.5}
 AvailabilityService - Calculando precio: {courtName: 'Pista 5', durationInMinutes: 60, basePrice: 34.5, date: '2025-02-14', startTime: '18:00', …}
 AvailabilityService - Slot válido encontrado: {start: '18:00', end: '19:00', court: 'Pista 5', price: 34.5}
 AvailabilityService - Calculando precio: {courtName: 'Pista 5', durationInMinutes: 60, basePrice: 34.5, date: '2025-02-14', startTime: '18:30', …}
 AvailabilityService - Slot válido encontrado: {start: '18:30', end: '19:30', court: 'Pista 5', price: 34.5}
 AvailabilityService - Calculando precio: {courtName: 'Pista 5', durationInMinutes: 60, basePrice: 34.5, date: '2025-02-14', startTime: '19:00', …}
 AvailabilityService - Slot válido encontrado: {start: '19:00', end: '20:00', court: 'Pista 5', price: 34.5}
 AvailabilityService - Calculando precio: {courtName: 'Pista 5', durationInMinutes: 60, basePrice: 34.5, date: '2025-02-14', startTime: '19:30', …}
 AvailabilityService - Slot válido encontrado: {start: '19:30', end: '20:30', court: 'Pista 5', price: 34.5}
 AvailabilityService - Calculando precio: {courtName: 'Pista 5', durationInMinutes: 60, basePrice: 34.5, date: '2025-02-14', startTime: '20:00', …}
 AvailabilityService - Slot válido encontrado: {start: '20:00', end: '21:00', court: 'Pista 5', price: 34.5}
 AvailabilityService - Calculando precio: {courtName: 'Pista 5', durationInMinutes: 60, basePrice: 34.5, date: '2025-02-14', startTime: '20:30', …}
 AvailabilityService - Slot válido encontrado: {start: '20:30', end: '21:30', court: 'Pista 5', price: 34.5}
 AvailabilityService - Calculando precio: {courtName: 'Pista 5', durationInMinutes: 60, basePrice: 34.5, date: '2025-02-14', startTime: '21:00', …}
 AvailabilityService - Slot válido encontrado: {start: '21:00', end: '22:00', court: 'Pista 5', price: 34.5}
 AvailabilityService - Calculando precio: {courtName: 'Pista 5', durationInMinutes: 60, basePrice: 34.5, date: '2025-02-14', startTime: '21:30', …}
 AvailabilityService - Slot válido encontrado: {start: '21:30', end: '22:30', court: 'Pista 5', price: 34.5}
 AvailabilityService - Calculando precio: {courtName: 'Pista 5', durationInMinutes: 60, basePrice: 34.5, date: '2025-02-14', startTime: '22:00', …}
 AvailabilityService - Slot válido encontrado: {start: '22:00', end: '23:00', court: 'Pista 5', price: 34.5}
 AvailabilityService - Total slots generados para Pista 5: {totalSlots: 35, durationInMinutes: 60}
 AvailabilityService - Slots generados para Pista 5: (35) [{…}, {…}, {…}, {…}, {…}, {…}, {…}, {…}, {…}, {…}, {…}, {…}, {…}, {…}, {…}, {…}, {…}, {…}, {…}, {…}, {…}, {…}, {…}, {…}, {…}, {…}, {…}, {…}, {…}, {…}, {…}, {…}, {…}, {…}, {…}]
 AvailabilityService - Calculando precio: {courtName: 'Pista 5', durationInMinutes: 60, basePrice: 30, date: '2025-02-14', startTime: '05:00', …}
 AvailabilityService - Agregando slot con precio: {court: 'Pista 5', start: '05:00', end: '06:00', price: 30, durationInMinutes: 60}
 AvailabilityService - Calculando precio: {courtName: 'Pista 5', durationInMinutes: 60, basePrice: 30, date: '2025-02-14', startTime: '05:30', …}
 AvailabilityService - Agregando slot con precio: {court: 'Pista 5', start: '05:30', end: '06:30', price: 30, durationInMinutes: 60}
 AvailabilityService - Calculando precio: {courtName: 'Pista 5', durationInMinutes: 60, basePrice: 30, date: '2025-02-14', startTime: '06:00', …}
 AvailabilityService - Agregando slot con precio: {court: 'Pista 5', start: '06:00', end: '07:00', price: 30, durationInMinutes: 60}
 AvailabilityService - Calculando precio: {courtName: 'Pista 5', durationInMinutes: 60, basePrice: 30, date: '2025-02-14', startTime: '06:30', …}
 AvailabilityService - Agregando slot con precio: {court: 'Pista 5', start: '06:30', end: '07:30', price: 30, durationInMinutes: 60}
 AvailabilityService - Calculando precio: {courtName: 'Pista 5', durationInMinutes: 60, basePrice: 30, date: '2025-02-14', startTime: '07:00', …}
 AvailabilityService - Agregando slot con precio: {court: 'Pista 5', start: '07:00', end: '08:00', price: 30, durationInMinutes: 60}
 AvailabilityService - Calculando precio: {courtName: 'Pista 5', durationInMinutes: 60, basePrice: 30, date: '2025-02-14', startTime: '07:30', …}
 AvailabilityService - Agregando slot con precio: {court: 'Pista 5', start: '07:30', end: '08:30', price: 30, durationInMinutes: 60}
 AvailabilityService - Calculando precio: {courtName: 'Pista 5', durationInMinutes: 60, basePrice: 30, date: '2025-02-14', startTime: '08:00', …}
 AvailabilityService - Agregando slot con precio: {court: 'Pista 5', start: '08:00', end: '09:00', price: 30, durationInMinutes: 60}
 AvailabilityService - Calculando precio: {courtName: 'Pista 5', durationInMinutes: 60, basePrice: 30, date: '2025-02-14', startTime: '08:30', …}
 AvailabilityService - Agregando slot con precio: {court: 'Pista 5', start: '08:30', end: '09:30', price: 30, durationInMinutes: 60}
 AvailabilityService - Calculando precio: {courtName: 'Pista 5', durationInMinutes: 60, basePrice: 30, date: '2025-02-14', startTime: '09:00', …}
 AvailabilityService - Agregando slot con precio: {court: 'Pista 5', start: '09:00', end: '10:00', price: 30, durationInMinutes: 60}
 AvailabilityService - Calculando precio: {courtName: 'Pista 5', durationInMinutes: 60, basePrice: 30, date: '2025-02-14', startTime: '09:30', …}
 AvailabilityService - Agregando slot con precio: {court: 'Pista 5', start: '09:30', end: '10:30', price: 30, durationInMinutes: 60}
 AvailabilityService - Calculando precio: {courtName: 'Pista 5', durationInMinutes: 60, basePrice: 30, date: '2025-02-14', startTime: '10:00', …}
 AvailabilityService - Agregando slot con precio: {court: 'Pista 5', start: '10:00', end: '11:00', price: 30, durationInMinutes: 60}
 AvailabilityService - Calculando precio: {courtName: 'Pista 5', durationInMinutes: 60, basePrice: 30, date: '2025-02-14', startTime: '10:30', …}
 AvailabilityService - Agregando slot con precio: {court: 'Pista 5', start: '10:30', end: '11:30', price: 30, durationInMinutes: 60}
 AvailabilityService - Calculando precio: {courtName: 'Pista 5', durationInMinutes: 60, basePrice: 30, date: '2025-02-14', startTime: '11:00', …}
 AvailabilityService - Agregando slot con precio: {court: 'Pista 5', start: '11:00', end: '12:00', price: 30, durationInMinutes: 60}
 AvailabilityService - Calculando precio: {courtName: 'Pista 5', durationInMinutes: 60, basePrice: 30, date: '2025-02-14', startTime: '11:30', …}
 AvailabilityService - Agregando slot con precio: {court: 'Pista 5', start: '11:30', end: '12:30', price: 30, durationInMinutes: 60}
 AvailabilityService - Calculando precio: {courtName: 'Pista 5', durationInMinutes: 60, basePrice: 30, date: '2025-02-14', startTime: '12:00', …}
 AvailabilityService - Agregando slot con precio: {court: 'Pista 5', start: '12:00', end: '13:00', price: 30, durationInMinutes: 60}
 AvailabilityService - Calculando precio: {courtName: 'Pista 5', durationInMinutes: 60, basePrice: 30, date: '2025-02-14', startTime: '12:30', …}
 AvailabilityService - Agregando slot con precio: {court: 'Pista 5', start: '12:30', end: '13:30', price: 30, durationInMinutes: 60}
 AvailabilityService - Calculando precio: {courtName: 'Pista 5', durationInMinutes: 60, basePrice: 30, date: '2025-02-14', startTime: '13:00', …}
 AvailabilityService - Agregando slot con precio: {court: 'Pista 5', start: '13:00', end: '14:00', price: 30, durationInMinutes: 60}
 AvailabilityService - Calculando precio: {courtName: 'Pista 5', durationInMinutes: 60, basePrice: 30, date: '2025-02-14', startTime: '13:30', …}
 AvailabilityService - Agregando slot con precio: {court: 'Pista 5', start: '13:30', end: '14:30', price: 30, durationInMinutes: 60}
 AvailabilityService - Calculando precio: {courtName: 'Pista 5', durationInMinutes: 60, basePrice: 30, date: '2025-02-14', startTime: '14:00', …}
 AvailabilityService - Agregando slot con precio: {court: 'Pista 5', start: '14:00', end: '15:00', price: 30, durationInMinutes: 60}
 AvailabilityService - Calculando precio: {courtName: 'Pista 5', durationInMinutes: 60, basePrice: 30, date: '2025-02-14', startTime: '14:30', …}
 AvailabilityService - Agregando slot con precio: {court: 'Pista 5', start: '14:30', end: '15:30', price: 30, durationInMinutes: 60}
 AvailabilityService - Calculando precio: {courtName: 'Pista 5', durationInMinutes: 60, basePrice: 34.5, date: '2025-02-14', startTime: '15:00', …}
 AvailabilityService - Agregando slot con precio: {court: 'Pista 5', start: '15:00', end: '16:00', price: 34.5, durationInMinutes: 60}
 AvailabilityService - Calculando precio: {courtName: 'Pista 5', durationInMinutes: 60, basePrice: 34.5, date: '2025-02-14', startTime: '15:30', …}
 AvailabilityService - Agregando slot con precio: {court: 'Pista 5', start: '15:30', end: '16:30', price: 34.5, durationInMinutes: 60}
 AvailabilityService - Calculando precio: {courtName: 'Pista 5', durationInMinutes: 60, basePrice: 34.5, date: '2025-02-14', startTime: '16:00', …}
 AvailabilityService - Agregando slot con precio: {court: 'Pista 5', start: '16:00', end: '17:00', price: 34.5, durationInMinutes: 60}
 AvailabilityService - Calculando precio: {courtName: 'Pista 5', durationInMinutes: 60, basePrice: 34.5, date: '2025-02-14', startTime: '16:30', …}
 AvailabilityService - Agregando slot con precio: {court: 'Pista 5', start: '16:30', end: '17:30', price: 34.5, durationInMinutes: 60}
 AvailabilityService - Calculando precio: {courtName: 'Pista 5', durationInMinutes: 60, basePrice: 34.5, date: '2025-02-14', startTime: '17:00', …}
 AvailabilityService - Agregando slot con precio: {court: 'Pista 5', start: '17:00', end: '18:00', price: 34.5, durationInMinutes: 60}
 AvailabilityService - Calculando precio: {courtName: 'Pista 5', durationInMinutes: 60, basePrice: 34.5, date: '2025-02-14', startTime: '17:30', …}
 AvailabilityService - Agregando slot con precio: {court: 'Pista 5', start: '17:30', end: '18:30', price: 34.5, durationInMinutes: 60}
 AvailabilityService - Calculando precio: {courtName: 'Pista 5', durationInMinutes: 60, basePrice: 34.5, date: '2025-02-14', startTime: '18:00', …}
 AvailabilityService - Agregando slot con precio: {court: 'Pista 5', start: '18:00', end: '19:00', price: 34.5, durationInMinutes: 60}
 AvailabilityService - Calculando precio: {courtName: 'Pista 5', durationInMinutes: 60, basePrice: 34.5, date: '2025-02-14', startTime: '18:30', …}
 AvailabilityService - Agregando slot con precio: {court: 'Pista 5', start: '18:30', end: '19:30', price: 34.5, durationInMinutes: 60}
 AvailabilityService - Calculando precio: {courtName: 'Pista 5', durationInMinutes: 60, basePrice: 34.5, date: '2025-02-14', startTime: '19:00', …}
 AvailabilityService - Agregando slot con precio: {court: 'Pista 5', start: '19:00', end: '20:00', price: 34.5, durationInMinutes: 60}
 AvailabilityService - Calculando precio: {courtName: 'Pista 5', durationInMinutes: 60, basePrice: 34.5, date: '2025-02-14', startTime: '19:30', …}
 AvailabilityService - Agregando slot con precio: {court: 'Pista 5', start: '19:30', end: '20:30', price: 34.5, durationInMinutes: 60}
 AvailabilityService - Calculando precio: {courtName: 'Pista 5', durationInMinutes: 60, basePrice: 34.5, date: '2025-02-14', startTime: '20:00', …}
 AvailabilityService - Agregando slot con precio: {court: 'Pista 5', start: '20:00', end: '21:00', price: 34.5, durationInMinutes: 60}
 AvailabilityService - Calculando precio: {courtName: 'Pista 5', durationInMinutes: 60, basePrice: 34.5, date: '2025-02-14', startTime: '20:30', …}
 AvailabilityService - Agregando slot con precio: {court: 'Pista 5', start: '20:30', end: '21:30', price: 34.5, durationInMinutes: 60}
 AvailabilityService - Calculando precio: {courtName: 'Pista 5', durationInMinutes: 60, basePrice: 34.5, date: '2025-02-14', startTime: '21:00', …}
 AvailabilityService - Agregando slot con precio: {court: 'Pista 5', start: '21:00', end: '22:00', price: 34.5, durationInMinutes: 60}
 AvailabilityService - Calculando precio: {courtName: 'Pista 5', durationInMinutes: 60, basePrice: 34.5, date: '2025-02-14', startTime: '21:30', …}
 AvailabilityService - Agregando slot con precio: {court: 'Pista 5', start: '21:30', end: '22:30', price: 34.5, durationInMinutes: 60}
 AvailabilityService - Calculando precio: {courtName: 'Pista 5', durationInMinutes: 60, basePrice: 34.5, date: '2025-02-14', startTime: '22:00', …}
 AvailabilityService - Agregando slot con precio: {court: 'Pista 5', start: '22:00', end: '23:00', price: 34.5, durationInMinutes: 60}
 AvailabilityService - Rangos disponibles después de filtrado: {totalRanges: 1, ranges: Array(1)}
 AvailabilityService - Rangos disponibles para Pista 2: {ranges: Array(1), durationInMinutes: 60, courtName: 'Pista 2'}
 AvailabilityService - Calculando precio: {courtName: 'Pista 2', durationInMinutes: 60, basePrice: 40, date: '2025-02-14', startTime: '05:00', …}
 AvailabilityService - Slot válido encontrado: {start: '05:00', end: '06:00', court: 'Pista 2', price: 40}
 AvailabilityService - Calculando precio: {courtName: 'Pista 2', durationInMinutes: 60, basePrice: 40, date: '2025-02-14', startTime: '05:30', …}
 AvailabilityService - Slot válido encontrado: {start: '05:30', end: '06:30', court: 'Pista 2', price: 40}
 AvailabilityService - Calculando precio: {courtName: 'Pista 2', durationInMinutes: 60, basePrice: 40, date: '2025-02-14', startTime: '06:00', …}
 AvailabilityService - Slot válido encontrado: {start: '06:00', end: '07:00', court: 'Pista 2', price: 40}
 AvailabilityService - Calculando precio: {courtName: 'Pista 2', durationInMinutes: 60, basePrice: 40, date: '2025-02-14', startTime: '06:30', …}
 AvailabilityService - Slot válido encontrado: {start: '06:30', end: '07:30', court: 'Pista 2', price: 40}
 AvailabilityService - Calculando precio: {courtName: 'Pista 2', durationInMinutes: 60, basePrice: 40, date: '2025-02-14', startTime: '07:00', …}
 AvailabilityService - Slot válido encontrado: {start: '07:00', end: '08:00', court: 'Pista 2', price: 40}
 AvailabilityService - Calculando precio: {courtName: 'Pista 2', durationInMinutes: 60, basePrice: 40, date: '2025-02-14', startTime: '07:30', …}
 AvailabilityService - Slot válido encontrado: {start: '07:30', end: '08:30', court: 'Pista 2', price: 40}
 AvailabilityService - Calculando precio: {courtName: 'Pista 2', durationInMinutes: 60, basePrice: 40, date: '2025-02-14', startTime: '08:00', …}
 AvailabilityService - Slot válido encontrado: {start: '08:00', end: '09:00', court: 'Pista 2', price: 40}
 AvailabilityService - Calculando precio: {courtName: 'Pista 2', durationInMinutes: 60, basePrice: 40, date: '2025-02-14', startTime: '08:30', …}
 AvailabilityService - Slot válido encontrado: {start: '08:30', end: '09:30', court: 'Pista 2', price: 40}
 AvailabilityService - Calculando precio: {courtName: 'Pista 2', durationInMinutes: 60, basePrice: 44, date: '2025-02-14', startTime: '09:00', …}
 AvailabilityService - Slot válido encontrado: {start: '09:00', end: '10:00', court: 'Pista 2', price: 44}
 AvailabilityService - Calculando precio: {courtName: 'Pista 2', durationInMinutes: 60, basePrice: 44, date: '2025-02-14', startTime: '09:30', …}
 AvailabilityService - Slot válido encontrado: {start: '09:30', end: '10:30', court: 'Pista 2', price: 44}
 AvailabilityService - Calculando precio: {courtName: 'Pista 2', durationInMinutes: 60, basePrice: 44, date: '2025-02-14', startTime: '10:00', …}
 AvailabilityService - Slot válido encontrado: {start: '10:00', end: '11:00', court: 'Pista 2', price: 44}
 AvailabilityService - Calculando precio: {courtName: 'Pista 2', durationInMinutes: 60, basePrice: 44, date: '2025-02-14', startTime: '10:30', …}
 AvailabilityService - Slot válido encontrado: {start: '10:30', end: '11:30', court: 'Pista 2', price: 44}
 AvailabilityService - Calculando precio: {courtName: 'Pista 2', durationInMinutes: 60, basePrice: 44, date: '2025-02-14', startTime: '11:00', …}
 AvailabilityService - Slot válido encontrado: {start: '11:00', end: '12:00', court: 'Pista 2', price: 44}
 AvailabilityService - Calculando precio: {courtName: 'Pista 2', durationInMinutes: 60, basePrice: 44, date: '2025-02-14', startTime: '11:30', …}
 AvailabilityService - Slot válido encontrado: {start: '11:30', end: '12:30', court: 'Pista 2', price: 44}
 AvailabilityService - Calculando precio: {courtName: 'Pista 2', durationInMinutes: 60, basePrice: 44, date: '2025-02-14', startTime: '12:00', …}
 AvailabilityService - Slot válido encontrado: {start: '12:00', end: '13:00', court: 'Pista 2', price: 44}
 AvailabilityService - Calculando precio: {courtName: 'Pista 2', durationInMinutes: 60, basePrice: 44, date: '2025-02-14', startTime: '12:30', …}
 AvailabilityService - Slot válido encontrado: {start: '12:30', end: '13:30', court: 'Pista 2', price: 44}
 AvailabilityService - Calculando precio: {courtName: 'Pista 2', durationInMinutes: 60, basePrice: 44, date: '2025-02-14', startTime: '13:00', …}
 AvailabilityService - Slot válido encontrado: {start: '13:00', end: '14:00', court: 'Pista 2', price: 44}
 AvailabilityService - Calculando precio: {courtName: 'Pista 2', durationInMinutes: 60, basePrice: 44, date: '2025-02-14', startTime: '13:30', …}
 AvailabilityService - Slot válido encontrado: {start: '13:30', end: '14:30', court: 'Pista 2', price: 44}
 AvailabilityService - Calculando precio: {courtName: 'Pista 2', durationInMinutes: 60, basePrice: 44, date: '2025-02-14', startTime: '14:00', …}
 AvailabilityService - Slot válido encontrado: {start: '14:00', end: '15:00', court: 'Pista 2', price: 44}
 AvailabilityService - Calculando precio: {courtName: 'Pista 2', durationInMinutes: 60, basePrice: 44, date: '2025-02-14', startTime: '14:30', …}
 AvailabilityService - Slot válido encontrado: {start: '14:30', end: '15:30', court: 'Pista 2', price: 44}
 AvailabilityService - Calculando precio: {courtName: 'Pista 2', durationInMinutes: 60, basePrice: 44, date: '2025-02-14', startTime: '15:00', …}
 AvailabilityService - Slot válido encontrado: {start: '15:00', end: '16:00', court: 'Pista 2', price: 44}
 AvailabilityService - Calculando precio: {courtName: 'Pista 2', durationInMinutes: 60, basePrice: 44, date: '2025-02-14', startTime: '15:30', …}
 AvailabilityService - Slot válido encontrado: {start: '15:30', end: '16:30', court: 'Pista 2', price: 44}
 AvailabilityService - Calculando precio: {courtName: 'Pista 2', durationInMinutes: 60, basePrice: 44, date: '2025-02-14', startTime: '16:00', …}
 AvailabilityService - Slot válido encontrado: {start: '16:00', end: '17:00', court: 'Pista 2', price: 44}
 AvailabilityService - Calculando precio: {courtName: 'Pista 2', durationInMinutes: 60, basePrice: 44, date: '2025-02-14', startTime: '16:30', …}
 AvailabilityService - Slot válido encontrado: {start: '16:30', end: '17:30', court: 'Pista 2', price: 44}
 AvailabilityService - Calculando precio: {courtName: 'Pista 2', durationInMinutes: 60, basePrice: 44, date: '2025-02-14', startTime: '17:00', …}
 AvailabilityService - Slot válido encontrado: {start: '17:00', end: '18:00', court: 'Pista 2', price: 44}
 AvailabilityService - Calculando precio: {courtName: 'Pista 2', durationInMinutes: 60, basePrice: 44, date: '2025-02-14', startTime: '17:30', …}
 AvailabilityService - Slot válido encontrado: {start: '17:30', end: '18:30', court: 'Pista 2', price: 44}
 AvailabilityService - Calculando precio: {courtName: 'Pista 2', durationInMinutes: 60, basePrice: 44, date: '2025-02-14', startTime: '18:00', …}
 AvailabilityService - Slot válido encontrado: {start: '18:00', end: '19:00', court: 'Pista 2', price: 44}
 AvailabilityService - Calculando precio: {courtName: 'Pista 2', durationInMinutes: 60, basePrice: 44, date: '2025-02-14', startTime: '18:30', …}
 AvailabilityService - Slot válido encontrado: {start: '18:30', end: '19:30', court: 'Pista 2', price: 44}
 AvailabilityService - Calculando precio: {courtName: 'Pista 2', durationInMinutes: 60, basePrice: 44, date: '2025-02-14', startTime: '19:00', …}
 AvailabilityService - Slot válido encontrado: {start: '19:00', end: '20:00', court: 'Pista 2', price: 44}
 AvailabilityService - Calculando precio: {courtName: 'Pista 2', durationInMinutes: 60, basePrice: 44, date: '2025-02-14', startTime: '19:30', …}
 AvailabilityService - Slot válido encontrado: {start: '19:30', end: '20:30', court: 'Pista 2', price: 44}
 AvailabilityService - Calculando precio: {courtName: 'Pista 2', durationInMinutes: 60, basePrice: 44, date: '2025-02-14', startTime: '20:00', …}
 AvailabilityService - Slot válido encontrado: {start: '20:00', end: '21:00', court: 'Pista 2', price: 44}
 AvailabilityService - Calculando precio: {courtName: 'Pista 2', durationInMinutes: 60, basePrice: 44, date: '2025-02-14', startTime: '20:30', …}
 AvailabilityService - Slot válido encontrado: {start: '20:30', end: '21:30', court: 'Pista 2', price: 44}
 AvailabilityService - Calculando precio: {courtName: 'Pista 2', durationInMinutes: 60, basePrice: 44, date: '2025-02-14', startTime: '21:00', …}
 AvailabilityService - Slot válido encontrado: {start: '21:00', end: '22:00', court: 'Pista 2', price: 44}
 AvailabilityService - Calculando precio: {courtName: 'Pista 2', durationInMinutes: 60, basePrice: 44, date: '2025-02-14', startTime: '21:30', …}
 AvailabilityService - Slot válido encontrado: {start: '21:30', end: '22:30', court: 'Pista 2', price: 44}
 AvailabilityService - Calculando precio: {courtName: 'Pista 2', durationInMinutes: 60, basePrice: 40, date: '2025-02-14', startTime: '22:00', …}
 AvailabilityService - Slot válido encontrado: {start: '22:00', end: '23:00', court: 'Pista 2', price: 40}
 AvailabilityService - Total slots generados para Pista 2: {totalSlots: 35, durationInMinutes: 60}
 AvailabilityService - Slots generados para Pista 2: (35) [{…}, {…}, {…}, {…}, {…}, {…}, {…}, {…}, {…}, {…}, {…}, {…}, {…}, {…}, {…}, {…}, {…}, {…}, {…}, {…}, {…}, {…}, {…}, {…}, {…}, {…}, {…}, {…}, {…}, {…}, {…}, {…}, {…}, {…}, {…}]
 AvailabilityService - Calculando precio: {courtName: 'Pista 2', durationInMinutes: 60, basePrice: 40, date: '2025-02-14', startTime: '05:00', …}
 AvailabilityService - Agregando slot con precio: {court: 'Pista 2', start: '05:00', end: '06:00', price: 40, durationInMinutes: 60}
 AvailabilityService - Calculando precio: {courtName: 'Pista 2', durationInMinutes: 60, basePrice: 40, date: '2025-02-14', startTime: '05:30', …}
 AvailabilityService - Agregando slot con precio: {court: 'Pista 2', start: '05:30', end: '06:30', price: 40, durationInMinutes: 60}
 AvailabilityService - Calculando precio: {courtName: 'Pista 2', durationInMinutes: 60, basePrice: 40, date: '2025-02-14', startTime: '06:00', …}
 AvailabilityService - Agregando slot con precio: {court: 'Pista 2', start: '06:00', end: '07:00', price: 40, durationInMinutes: 60}
 AvailabilityService - Calculando precio: {courtName: 'Pista 2', durationInMinutes: 60, basePrice: 40, date: '2025-02-14', startTime: '06:30', …}
 AvailabilityService - Agregando slot con precio: {court: 'Pista 2', start: '06:30', end: '07:30', price: 40, durationInMinutes: 60}
 AvailabilityService - Calculando precio: {courtName: 'Pista 2', durationInMinutes: 60, basePrice: 40, date: '2025-02-14', startTime: '07:00', …}
 AvailabilityService - Agregando slot con precio: {court: 'Pista 2', start: '07:00', end: '08:00', price: 40, durationInMinutes: 60}
 AvailabilityService - Calculando precio: {courtName: 'Pista 2', durationInMinutes: 60, basePrice: 40, date: '2025-02-14', startTime: '07:30', …}
 AvailabilityService - Agregando slot con precio: {court: 'Pista 2', start: '07:30', end: '08:30', price: 40, durationInMinutes: 60}
 AvailabilityService - Calculando precio: {courtName: 'Pista 2', durationInMinutes: 60, basePrice: 40, date: '2025-02-14', startTime: '08:00', …}
 AvailabilityService - Agregando slot con precio: {court: 'Pista 2', start: '08:00', end: '09:00', price: 40, durationInMinutes: 60}
 AvailabilityService - Calculando precio: {courtName: 'Pista 2', durationInMinutes: 60, basePrice: 40, date: '2025-02-14', startTime: '08:30', …}
 AvailabilityService - Agregando slot con precio: {court: 'Pista 2', start: '08:30', end: '09:30', price: 40, durationInMinutes: 60}
 AvailabilityService - Calculando precio: {courtName: 'Pista 2', durationInMinutes: 60, basePrice: 44, date: '2025-02-14', startTime: '09:00', …}
 AvailabilityService - Agregando slot con precio: {court: 'Pista 2', start: '09:00', end: '10:00', price: 44, durationInMinutes: 60}
 AvailabilityService - Calculando precio: {courtName: 'Pista 2', durationInMinutes: 60, basePrice: 44, date: '2025-02-14', startTime: '09:30', …}
 AvailabilityService - Agregando slot con precio: {court: 'Pista 2', start: '09:30', end: '10:30', price: 44, durationInMinutes: 60}
 AvailabilityService - Calculando precio: {courtName: 'Pista 2', durationInMinutes: 60, basePrice: 44, date: '2025-02-14', startTime: '10:00', …}
 AvailabilityService - Agregando slot con precio: {court: 'Pista 2', start: '10:00', end: '11:00', price: 44, durationInMinutes: 60}
 AvailabilityService - Calculando precio: {courtName: 'Pista 2', durationInMinutes: 60, basePrice: 44, date: '2025-02-14', startTime: '10:30', …}
 AvailabilityService - Agregando slot con precio: {court: 'Pista 2', start: '10:30', end: '11:30', price: 44, durationInMinutes: 60}
 AvailabilityService - Calculando precio: {courtName: 'Pista 2', durationInMinutes: 60, basePrice: 44, date: '2025-02-14', startTime: '11:00', …}
 AvailabilityService - Agregando slot con precio: {court: 'Pista 2', start: '11:00', end: '12:00', price: 44, durationInMinutes: 60}
 AvailabilityService - Calculando precio: {courtName: 'Pista 2', durationInMinutes: 60, basePrice: 44, date: '2025-02-14', startTime: '11:30', …}
 AvailabilityService - Agregando slot con precio: {court: 'Pista 2', start: '11:30', end: '12:30', price: 44, durationInMinutes: 60}
 AvailabilityService - Calculando precio: {courtName: 'Pista 2', durationInMinutes: 60, basePrice: 44, date: '2025-02-14', startTime: '12:00', …}
 AvailabilityService - Agregando slot con precio: {court: 'Pista 2', start: '12:00', end: '13:00', price: 44, durationInMinutes: 60}
 AvailabilityService - Calculando precio: {courtName: 'Pista 2', durationInMinutes: 60, basePrice: 44, date: '2025-02-14', startTime: '12:30', …}
 AvailabilityService - Agregando slot con precio: {court: 'Pista 2', start: '12:30', end: '13:30', price: 44, durationInMinutes: 60}
 AvailabilityService - Calculando precio: {courtName: 'Pista 2', durationInMinutes: 60, basePrice: 44, date: '2025-02-14', startTime: '13:00', …}
 AvailabilityService - Agregando slot con precio: {court: 'Pista 2', start: '13:00', end: '14:00', price: 44, durationInMinutes: 60}
 AvailabilityService - Calculando precio: {courtName: 'Pista 2', durationInMinutes: 60, basePrice: 44, date: '2025-02-14', startTime: '13:30', …}
 AvailabilityService - Agregando slot con precio: {court: 'Pista 2', start: '13:30', end: '14:30', price: 44, durationInMinutes: 60}
 AvailabilityService - Calculando precio: {courtName: 'Pista 2', durationInMinutes: 60, basePrice: 44, date: '2025-02-14', startTime: '14:00', …}
 AvailabilityService - Agregando slot con precio: {court: 'Pista 2', start: '14:00', end: '15:00', price: 44, durationInMinutes: 60}
 AvailabilityService - Calculando precio: {courtName: 'Pista 2', durationInMinutes: 60, basePrice: 44, date: '2025-02-14', startTime: '14:30', …}
 AvailabilityService - Agregando slot con precio: {court: 'Pista 2', start: '14:30', end: '15:30', price: 44, durationInMinutes: 60}
 AvailabilityService - Calculando precio: {courtName: 'Pista 2', durationInMinutes: 60, basePrice: 44, date: '2025-02-14', startTime: '15:00', …}
 AvailabilityService - Agregando slot con precio: {court: 'Pista 2', start: '15:00', end: '16:00', price: 44, durationInMinutes: 60}
 AvailabilityService - Calculando precio: {courtName: 'Pista 2', durationInMinutes: 60, basePrice: 44, date: '2025-02-14', startTime: '15:30', …}
 AvailabilityService - Agregando slot con precio: {court: 'Pista 2', start: '15:30', end: '16:30', price: 44, durationInMinutes: 60}
 AvailabilityService - Calculando precio: {courtName: 'Pista 2', durationInMinutes: 60, basePrice: 44, date: '2025-02-14', startTime: '16:00', …}
 AvailabilityService - Agregando slot con precio: {court: 'Pista 2', start: '16:00', end: '17:00', price: 44, durationInMinutes: 60}
 AvailabilityService - Calculando precio: {courtName: 'Pista 2', durationInMinutes: 60, basePrice: 44, date: '2025-02-14', startTime: '16:30', …}
 AvailabilityService - Agregando slot con precio: {court: 'Pista 2', start: '16:30', end: '17:30', price: 44, durationInMinutes: 60}
 AvailabilityService - Calculando precio: {courtName: 'Pista 2', durationInMinutes: 60, basePrice: 44, date: '2025-02-14', startTime: '17:00', …}
 AvailabilityService - Agregando slot con precio: {court: 'Pista 2', start: '17:00', end: '18:00', price: 44, durationInMinutes: 60}
 AvailabilityService - Calculando precio: {courtName: 'Pista 2', durationInMinutes: 60, basePrice: 44, date: '2025-02-14', startTime: '17:30', …}
 AvailabilityService - Agregando slot con precio: {court: 'Pista 2', start: '17:30', end: '18:30', price: 44, durationInMinutes: 60}
 AvailabilityService - Calculando precio: {courtName: 'Pista 2', durationInMinutes: 60, basePrice: 44, date: '2025-02-14', startTime: '18:00', …}
 AvailabilityService - Agregando slot con precio: {court: 'Pista 2', start: '18:00', end: '19:00', price: 44, durationInMinutes: 60}
 AvailabilityService - Calculando precio: {courtName: 'Pista 2', durationInMinutes: 60, basePrice: 44, date: '2025-02-14', startTime: '18:30', …}
 AvailabilityService - Agregando slot con precio: {court: 'Pista 2', start: '18:30', end: '19:30', price: 44, durationInMinutes: 60}
 AvailabilityService - Calculando precio: {courtName: 'Pista 2', durationInMinutes: 60, basePrice: 44, date: '2025-02-14', startTime: '19:00', …}
 AvailabilityService - Agregando slot con precio: {court: 'Pista 2', start: '19:00', end: '20:00', price: 44, durationInMinutes: 60}
 AvailabilityService - Calculando precio: {courtName: 'Pista 2', durationInMinutes: 60, basePrice: 44, date: '2025-02-14', startTime: '19:30', …}
 AvailabilityService - Agregando slot con precio: {court: 'Pista 2', start: '19:30', end: '20:30', price: 44, durationInMinutes: 60}
 AvailabilityService - Calculando precio: {courtName: 'Pista 2', durationInMinutes: 60, basePrice: 44, date: '2025-02-14', startTime: '20:00', …}
 AvailabilityService - Agregando slot con precio: {court: 'Pista 2', start: '20:00', end: '21:00', price: 44, durationInMinutes: 60}
 AvailabilityService - Calculando precio: {courtName: 'Pista 2', durationInMinutes: 60, basePrice: 44, date: '2025-02-14', startTime: '20:30', …}
 AvailabilityService - Agregando slot con precio: {court: 'Pista 2', start: '20:30', end: '21:30', price: 44, durationInMinutes: 60}
 AvailabilityService - Calculando precio: {courtName: 'Pista 2', durationInMinutes: 60, basePrice: 44, date: '2025-02-14', startTime: '21:00', …}
 AvailabilityService - Agregando slot con precio: {court: 'Pista 2', start: '21:00', end: '22:00', price: 44, durationInMinutes: 60}
 AvailabilityService - Calculando precio: {courtName: 'Pista 2', durationInMinutes: 60, basePrice: 44, date: '2025-02-14', startTime: '21:30', …}
 AvailabilityService - Agregando slot con precio: {court: 'Pista 2', start: '21:30', end: '22:30', price: 44, durationInMinutes: 60}
 AvailabilityService - Calculando precio: {courtName: 'Pista 2', durationInMinutes: 60, basePrice: 40, date: '2025-02-14', startTime: '22:00', …}
 AvailabilityService - Agregando slot con precio: {court: 'Pista 2', start: '22:00', end: '23:00', price: 40, durationInMinutes: 60}
 AvailabilityService - Rangos disponibles después de filtrado: {totalRanges: 1, ranges: Array(1)}
 AvailabilityService - Rangos disponibles para Pista 3: {ranges: Array(1), durationInMinutes: 60, courtName: 'Pista 3'}
 AvailabilityService - Calculando precio: {courtName: 'Pista 3', durationInMinutes: 60, basePrice: 45, date: '2025-02-14', startTime: '05:00', …}
 AvailabilityService - Slot válido encontrado: {start: '05:00', end: '06:00', court: 'Pista 3', price: 45}
 AvailabilityService - Calculando precio: {courtName: 'Pista 3', durationInMinutes: 60, basePrice: 45, date: '2025-02-14', startTime: '05:30', …}
 AvailabilityService - Slot válido encontrado: {start: '05:30', end: '06:30', court: 'Pista 3', price: 45}
 AvailabilityService - Calculando precio: {courtName: 'Pista 3', durationInMinutes: 60, basePrice: 45, date: '2025-02-14', startTime: '06:00', …}
 AvailabilityService - Slot válido encontrado: {start: '06:00', end: '07:00', court: 'Pista 3', price: 45}
 AvailabilityService - Calculando precio: {courtName: 'Pista 3', durationInMinutes: 60, basePrice: 45, date: '2025-02-14', startTime: '06:30', …}
 AvailabilityService - Slot válido encontrado: {start: '06:30', end: '07:30', court: 'Pista 3', price: 45}
 AvailabilityService - Calculando precio: {courtName: 'Pista 3', durationInMinutes: 60, basePrice: 45, date: '2025-02-14', startTime: '07:00', …}
 AvailabilityService - Slot válido encontrado: {start: '07:00', end: '08:00', court: 'Pista 3', price: 45}
 AvailabilityService - Calculando precio: {courtName: 'Pista 3', durationInMinutes: 60, basePrice: 45, date: '2025-02-14', startTime: '07:30', …}
 AvailabilityService - Slot válido encontrado: {start: '07:30', end: '08:30', court: 'Pista 3', price: 45}
 AvailabilityService - Calculando precio: {courtName: 'Pista 3', durationInMinutes: 60, basePrice: 45, date: '2025-02-14', startTime: '08:00', …}
 AvailabilityService - Slot válido encontrado: {start: '08:00', end: '09:00', court: 'Pista 3', price: 45}
 AvailabilityService - Calculando precio: {courtName: 'Pista 3', durationInMinutes: 60, basePrice: 45, date: '2025-02-14', startTime: '08:30', …}
 AvailabilityService - Slot válido encontrado: {start: '08:30', end: '09:30', court: 'Pista 3', price: 45}
 AvailabilityService - Calculando precio: {courtName: 'Pista 3', durationInMinutes: 60, basePrice: 45, date: '2025-02-14', startTime: '09:00', …}
 AvailabilityService - Slot válido encontrado: {start: '09:00', end: '10:00', court: 'Pista 3', price: 45}
 AvailabilityService - Calculando precio: {courtName: 'Pista 3', durationInMinutes: 60, basePrice: 45, date: '2025-02-14', startTime: '09:30', …}
 AvailabilityService - Slot válido encontrado: {start: '09:30', end: '10:30', court: 'Pista 3', price: 45}
 AvailabilityService - Calculando precio: {courtName: 'Pista 3', durationInMinutes: 60, basePrice: 45, date: '2025-02-14', startTime: '10:00', …}
 AvailabilityService - Slot válido encontrado: {start: '10:00', end: '11:00', court: 'Pista 3', price: 45}
 AvailabilityService - Calculando precio: {courtName: 'Pista 3', durationInMinutes: 60, basePrice: 45, date: '2025-02-14', startTime: '10:30', …}
 AvailabilityService - Slot válido encontrado: {start: '10:30', end: '11:30', court: 'Pista 3', price: 45}
 AvailabilityService - Calculando precio: {courtName: 'Pista 3', durationInMinutes: 60, basePrice: 45, date: '2025-02-14', startTime: '11:00', …}
 AvailabilityService - Slot válido encontrado: {start: '11:00', end: '12:00', court: 'Pista 3', price: 45}
 AvailabilityService - Calculando precio: {courtName: 'Pista 3', durationInMinutes: 60, basePrice: 45, date: '2025-02-14', startTime: '11:30', …}
 AvailabilityService - Slot válido encontrado: {start: '11:30', end: '12:30', court: 'Pista 3', price: 45}
 AvailabilityService - Calculando precio: {courtName: 'Pista 3', durationInMinutes: 60, basePrice: 45, date: '2025-02-14', startTime: '12:00', …}
 AvailabilityService - Slot válido encontrado: {start: '12:00', end: '13:00', court: 'Pista 3', price: 45}
 AvailabilityService - Calculando precio: {courtName: 'Pista 3', durationInMinutes: 60, basePrice: 45, date: '2025-02-14', startTime: '12:30', …}
 AvailabilityService - Slot válido encontrado: {start: '12:30', end: '13:30', court: 'Pista 3', price: 45}
 AvailabilityService - Calculando precio: {courtName: 'Pista 3', durationInMinutes: 60, basePrice: 45, date: '2025-02-14', startTime: '13:00', …}
 AvailabilityService - Slot válido encontrado: {start: '13:00', end: '14:00', court: 'Pista 3', price: 45}
 AvailabilityService - Calculando precio: {courtName: 'Pista 3', durationInMinutes: 60, basePrice: 45, date: '2025-02-14', startTime: '13:30', …}
 AvailabilityService - Slot válido encontrado: {start: '13:30', end: '14:30', court: 'Pista 3', price: 45}
 AvailabilityService - Calculando precio: {courtName: 'Pista 3', durationInMinutes: 60, basePrice: 45, date: '2025-02-14', startTime: '14:00', …}
 AvailabilityService - Slot válido encontrado: {start: '14:00', end: '15:00', court: 'Pista 3', price: 45}
 AvailabilityService - Calculando precio: {courtName: 'Pista 3', durationInMinutes: 60, basePrice: 45, date: '2025-02-14', startTime: '14:30', …}
 AvailabilityService - Slot válido encontrado: {start: '14:30', end: '15:30', court: 'Pista 3', price: 45}
 AvailabilityService - Calculando precio: {courtName: 'Pista 3', durationInMinutes: 60, basePrice: 45, date: '2025-02-14', startTime: '15:00', …}
 AvailabilityService - Slot válido encontrado: {start: '15:00', end: '16:00', court: 'Pista 3', price: 45}
 AvailabilityService - Calculando precio: {courtName: 'Pista 3', durationInMinutes: 60, basePrice: 45, date: '2025-02-14', startTime: '15:30', …}
 AvailabilityService - Slot válido encontrado: {start: '15:30', end: '16:30', court: 'Pista 3', price: 45}
 AvailabilityService - Calculando precio: {courtName: 'Pista 3', durationInMinutes: 60, basePrice: 45, date: '2025-02-14', startTime: '16:00', …}
 AvailabilityService - Slot válido encontrado: {start: '16:00', end: '17:00', court: 'Pista 3', price: 45}
 AvailabilityService - Calculando precio: {courtName: 'Pista 3', durationInMinutes: 60, basePrice: 45, date: '2025-02-14', startTime: '16:30', …}
 AvailabilityService - Slot válido encontrado: {start: '16:30', end: '17:30', court: 'Pista 3', price: 45}
 AvailabilityService - Calculando precio: {courtName: 'Pista 3', durationInMinutes: 60, basePrice: 45, date: '2025-02-14', startTime: '17:00', …}
 AvailabilityService - Slot válido encontrado: {start: '17:00', end: '18:00', court: 'Pista 3', price: 45}
 AvailabilityService - Calculando precio: {courtName: 'Pista 3', durationInMinutes: 60, basePrice: 45, date: '2025-02-14', startTime: '17:30', …}
 AvailabilityService - Slot válido encontrado: {start: '17:30', end: '18:30', court: 'Pista 3', price: 45}
 AvailabilityService - Calculando precio: {courtName: 'Pista 3', durationInMinutes: 60, basePrice: 45, date: '2025-02-14', startTime: '18:00', …}
 AvailabilityService - Slot válido encontrado: {start: '18:00', end: '19:00', court: 'Pista 3', price: 45}
 AvailabilityService - Calculando precio: {courtName: 'Pista 3', durationInMinutes: 60, basePrice: 45, date: '2025-02-14', startTime: '18:30', …}
 AvailabilityService - Slot válido encontrado: {start: '18:30', end: '19:30', court: 'Pista 3', price: 45}
 AvailabilityService - Calculando precio: {courtName: 'Pista 3', durationInMinutes: 60, basePrice: 45, date: '2025-02-14', startTime: '19:00', …}
 AvailabilityService - Slot válido encontrado: {start: '19:00', end: '20:00', court: 'Pista 3', price: 45}
 AvailabilityService - Calculando precio: {courtName: 'Pista 3', durationInMinutes: 60, basePrice: 45, date: '2025-02-14', startTime: '19:30', …}
 AvailabilityService - Slot válido encontrado: {start: '19:30', end: '20:30', court: 'Pista 3', price: 45}
 AvailabilityService - Calculando precio: {courtName: 'Pista 3', durationInMinutes: 60, basePrice: 45, date: '2025-02-14', startTime: '20:00', …}
 AvailabilityService - Slot válido encontrado: {start: '20:00', end: '21:00', court: 'Pista 3', price: 45}
 AvailabilityService - Calculando precio: {courtName: 'Pista 3', durationInMinutes: 60, basePrice: 45, date: '2025-02-14', startTime: '20:30', …}
 AvailabilityService - Slot válido encontrado: {start: '20:30', end: '21:30', court: 'Pista 3', price: 45}
 AvailabilityService - Calculando precio: {courtName: 'Pista 3', durationInMinutes: 60, basePrice: 45, date: '2025-02-14', startTime: '21:00', …}
 AvailabilityService - Slot válido encontrado: {start: '21:00', end: '22:00', court: 'Pista 3', price: 45}
 AvailabilityService - Calculando precio: {courtName: 'Pista 3', durationInMinutes: 60, basePrice: 45, date: '2025-02-14', startTime: '21:30', …}
 AvailabilityService - Slot válido encontrado: {start: '21:30', end: '22:30', court: 'Pista 3', price: 45}
 AvailabilityService - Calculando precio: {courtName: 'Pista 3', durationInMinutes: 60, basePrice: 45, date: '2025-02-14', startTime: '22:00', …}
 AvailabilityService - Slot válido encontrado: {start: '22:00', end: '23:00', court: 'Pista 3', price: 45}
 AvailabilityService - Total slots generados para Pista 3: {totalSlots: 35, durationInMinutes: 60}
 AvailabilityService - Slots generados para Pista 3: (35) [{…}, {…}, {…}, {…}, {…}, {…}, {…}, {…}, {…}, {…}, {…}, {…}, {…}, {…}, {…}, {…}, {…}, {…}, {…}, {…}, {…}, {…}, {…}, {…}, {…}, {…}, {…}, {…}, {…}, {…}, {…}, {…}, {…}, {…}, {…}]
 AvailabilityService - Calculando precio: {courtName: 'Pista 3', durationInMinutes: 60, basePrice: 45, date: '2025-02-14', startTime: '05:00', …}
 AvailabilityService - Agregando slot con precio: {court: 'Pista 3', start: '05:00', end: '06:00', price: 45, durationInMinutes: 60}
 AvailabilityService - Calculando precio: {courtName: 'Pista 3', durationInMinutes: 60, basePrice: 45, date: '2025-02-14', startTime: '05:30', …}
 AvailabilityService - Agregando slot con precio: {court: 'Pista 3', start: '05:30', end: '06:30', price: 45, durationInMinutes: 60}
 AvailabilityService - Calculando precio: {courtName: 'Pista 3', durationInMinutes: 60, basePrice: 45, date: '2025-02-14', startTime: '06:00', …}
 AvailabilityService - Agregando slot con precio: {court: 'Pista 3', start: '06:00', end: '07:00', price: 45, durationInMinutes: 60}
 AvailabilityService - Calculando precio: {courtName: 'Pista 3', durationInMinutes: 60, basePrice: 45, date: '2025-02-14', startTime: '06:30', …}
 AvailabilityService - Agregando slot con precio: {court: 'Pista 3', start: '06:30', end: '07:30', price: 45, durationInMinutes: 60}
 AvailabilityService - Calculando precio: {courtName: 'Pista 3', durationInMinutes: 60, basePrice: 45, date: '2025-02-14', startTime: '07:00', …}
 AvailabilityService - Agregando slot con precio: {court: 'Pista 3', start: '07:00', end: '08:00', price: 45, durationInMinutes: 60}
 AvailabilityService - Calculando precio: {courtName: 'Pista 3', durationInMinutes: 60, basePrice: 45, date: '2025-02-14', startTime: '07:30', …}
 AvailabilityService - Agregando slot con precio: {court: 'Pista 3', start: '07:30', end: '08:30', price: 45, durationInMinutes: 60}
 AvailabilityService - Calculando precio: {courtName: 'Pista 3', durationInMinutes: 60, basePrice: 45, date: '2025-02-14', startTime: '08:00', …}
 AvailabilityService - Agregando slot con precio: {court: 'Pista 3', start: '08:00', end: '09:00', price: 45, durationInMinutes: 60}
 AvailabilityService - Calculando precio: {courtName: 'Pista 3', durationInMinutes: 60, basePrice: 45, date: '2025-02-14', startTime: '08:30', …}
 AvailabilityService - Agregando slot con precio: {court: 'Pista 3', start: '08:30', end: '09:30', price: 45, durationInMinutes: 60}
 AvailabilityService - Calculando precio: {courtName: 'Pista 3', durationInMinutes: 60, basePrice: 45, date: '2025-02-14', startTime: '09:00', …}
 AvailabilityService - Agregando slot con precio: {court: 'Pista 3', start: '09:00', end: '10:00', price: 45, durationInMinutes: 60}
 AvailabilityService - Calculando precio: {courtName: 'Pista 3', durationInMinutes: 60, basePrice: 45, date: '2025-02-14', startTime: '09:30', …}
 AvailabilityService - Agregando slot con precio: {court: 'Pista 3', start: '09:30', end: '10:30', price: 45, durationInMinutes: 60}
 AvailabilityService - Calculando precio: {courtName: 'Pista 3', durationInMinutes: 60, basePrice: 45, date: '2025-02-14', startTime: '10:00', …}
 AvailabilityService - Agregando slot con precio: {court: 'Pista 3', start: '10:00', end: '11:00', price: 45, durationInMinutes: 60}
 AvailabilityService - Calculando precio: {courtName: 'Pista 3', durationInMinutes: 60, basePrice: 45, date: '2025-02-14', startTime: '10:30', …}
 AvailabilityService - Agregando slot con precio: {court: 'Pista 3', start: '10:30', end: '11:30', price: 45, durationInMinutes: 60}
 AvailabilityService - Calculando precio: {courtName: 'Pista 3', durationInMinutes: 60, basePrice: 45, date: '2025-02-14', startTime: '11:00', …}
 AvailabilityService - Agregando slot con precio: {court: 'Pista 3', start: '11:00', end: '12:00', price: 45, durationInMinutes: 60}
 AvailabilityService - Calculando precio: {courtName: 'Pista 3', durationInMinutes: 60, basePrice: 45, date: '2025-02-14', startTime: '11:30', …}
 AvailabilityService - Agregando slot con precio: {court: 'Pista 3', start: '11:30', end: '12:30', price: 45, durationInMinutes: 60}
 AvailabilityService - Calculando precio: {courtName: 'Pista 3', durationInMinutes: 60, basePrice: 45, date: '2025-02-14', startTime: '12:00', …}
 AvailabilityService - Agregando slot con precio: {court: 'Pista 3', start: '12:00', end: '13:00', price: 45, durationInMinutes: 60}
 AvailabilityService - Calculando precio: {courtName: 'Pista 3', durationInMinutes: 60, basePrice: 45, date: '2025-02-14', startTime: '12:30', …}
 AvailabilityService - Agregando slot con precio: {court: 'Pista 3', start: '12:30', end: '13:30', price: 45, durationInMinutes: 60}
 AvailabilityService - Calculando precio: {courtName: 'Pista 3', durationInMinutes: 60, basePrice: 45, date: '2025-02-14', startTime: '13:00', …}
 AvailabilityService - Agregando slot con precio: {court: 'Pista 3', start: '13:00', end: '14:00', price: 45, durationInMinutes: 60}
 AvailabilityService - Calculando precio: {courtName: 'Pista 3', durationInMinutes: 60, basePrice: 45, date: '2025-02-14', startTime: '13:30', …}
 AvailabilityService - Agregando slot con precio: {court: 'Pista 3', start: '13:30', end: '14:30', price: 45, durationInMinutes: 60}
 AvailabilityService - Calculando precio: {courtName: 'Pista 3', durationInMinutes: 60, basePrice: 45, date: '2025-02-14', startTime: '14:00', …}
 AvailabilityService - Agregando slot con precio: {court: 'Pista 3', start: '14:00', end: '15:00', price: 45, durationInMinutes: 60}
 AvailabilityService - Calculando precio: {courtName: 'Pista 3', durationInMinutes: 60, basePrice: 45, date: '2025-02-14', startTime: '14:30', …}
 AvailabilityService - Agregando slot con precio: {court: 'Pista 3', start: '14:30', end: '15:30', price: 45, durationInMinutes: 60}
 AvailabilityService - Calculando precio: {courtName: 'Pista 3', durationInMinutes: 60, basePrice: 45, date: '2025-02-14', startTime: '15:00', …}
 AvailabilityService - Agregando slot con precio: {court: 'Pista 3', start: '15:00', end: '16:00', price: 45, durationInMinutes: 60}
 AvailabilityService - Calculando precio: {courtName: 'Pista 3', durationInMinutes: 60, basePrice: 45, date: '2025-02-14', startTime: '15:30', …}
 AvailabilityService - Agregando slot con precio: {court: 'Pista 3', start: '15:30', end: '16:30', price: 45, durationInMinutes: 60}
 AvailabilityService - Calculando precio: {courtName: 'Pista 3', durationInMinutes: 60, basePrice: 45, date: '2025-02-14', startTime: '16:00', …}
 AvailabilityService - Agregando slot con precio: {court: 'Pista 3', start: '16:00', end: '17:00', price: 45, durationInMinutes: 60}
 AvailabilityService - Calculando precio: {courtName: 'Pista 3', durationInMinutes: 60, basePrice: 45, date: '2025-02-14', startTime: '16:30', …}
 AvailabilityService - Agregando slot con precio: {court: 'Pista 3', start: '16:30', end: '17:30', price: 45, durationInMinutes: 60}
 AvailabilityService - Calculando precio: {courtName: 'Pista 3', durationInMinutes: 60, basePrice: 45, date: '2025-02-14', startTime: '17:00', …}
 AvailabilityService - Agregando slot con precio: {court: 'Pista 3', start: '17:00', end: '18:00', price: 45, durationInMinutes: 60}
 AvailabilityService - Calculando precio: {courtName: 'Pista 3', durationInMinutes: 60, basePrice: 45, date: '2025-02-14', startTime: '17:30', …}
 AvailabilityService - Agregando slot con precio: {court: 'Pista 3', start: '17:30', end: '18:30', price: 45, durationInMinutes: 60}
 AvailabilityService - Calculando precio: {courtName: 'Pista 3', durationInMinutes: 60, basePrice: 45, date: '2025-02-14', startTime: '18:00', …}
 AvailabilityService - Agregando slot con precio: {court: 'Pista 3', start: '18:00', end: '19:00', price: 45, durationInMinutes: 60}
 AvailabilityService - Calculando precio: {courtName: 'Pista 3', durationInMinutes: 60, basePrice: 45, date: '2025-02-14', startTime: '18:30', …}
 AvailabilityService - Agregando slot con precio: {court: 'Pista 3', start: '18:30', end: '19:30', price: 45, durationInMinutes: 60}
 AvailabilityService - Calculando precio: {courtName: 'Pista 3', durationInMinutes: 60, basePrice: 45, date: '2025-02-14', startTime: '19:00', …}
 AvailabilityService - Agregando slot con precio: {court: 'Pista 3', start: '19:00', end: '20:00', price: 45, durationInMinutes: 60}
 AvailabilityService - Calculando precio: {courtName: 'Pista 3', durationInMinutes: 60, basePrice: 45, date: '2025-02-14', startTime: '19:30', …}
 AvailabilityService - Agregando slot con precio: {court: 'Pista 3', start: '19:30', end: '20:30', price: 45, durationInMinutes: 60}
 AvailabilityService - Calculando precio: {courtName: 'Pista 3', durationInMinutes: 60, basePrice: 45, date: '2025-02-14', startTime: '20:00', …}
 AvailabilityService - Agregando slot con precio: {court: 'Pista 3', start: '20:00', end: '21:00', price: 45, durationInMinutes: 60}
 AvailabilityService - Calculando precio: {courtName: 'Pista 3', durationInMinutes: 60, basePrice: 45, date: '2025-02-14', startTime: '20:30', …}
 AvailabilityService - Agregando slot con precio: {court: 'Pista 3', start: '20:30', end: '21:30', price: 45, durationInMinutes: 60}
 AvailabilityService - Calculando precio: {courtName: 'Pista 3', durationInMinutes: 60, basePrice: 45, date: '2025-02-14', startTime: '21:00', …}
 AvailabilityService - Agregando slot con precio: {court: 'Pista 3', start: '21:00', end: '22:00', price: 45, durationInMinutes: 60}
 AvailabilityService - Calculando precio: {courtName: 'Pista 3', durationInMinutes: 60, basePrice: 45, date: '2025-02-14', startTime: '21:30', …}
 AvailabilityService - Agregando slot con precio: {court: 'Pista 3', start: '21:30', end: '22:30', price: 45, durationInMinutes: 60}
 AvailabilityService - Calculando precio: {courtName: 'Pista 3', durationInMinutes: 60, basePrice: 45, date: '2025-02-14', startTime: '22:00', …}
 AvailabilityService - Agregando slot con precio: {court: 'Pista 3', start: '22:00', end: '23:00', price: 45, durationInMinutes: 60}
 AvailabilityService - Rangos disponibles después de filtrado: {totalRanges: 1, ranges: Array(1)}
 AvailabilityService - Rangos disponibles para Pista 1: {ranges: Array(1), durationInMinutes: 60, courtName: 'Pista 1'}
 AvailabilityService - Calculando precio: {courtName: 'Pista 1', durationInMinutes: 60, basePrice: 45, date: '2025-02-14', startTime: '05:00', …}
 AvailabilityService - Slot válido encontrado: {start: '05:00', end: '06:00', court: 'Pista 1', price: 45}
 AvailabilityService - Calculando precio: {courtName: 'Pista 1', durationInMinutes: 60, basePrice: 45, date: '2025-02-14', startTime: '05:30', …}
 AvailabilityService - Slot válido encontrado: {start: '05:30', end: '06:30', court: 'Pista 1', price: 45}
 AvailabilityService - Calculando precio: {courtName: 'Pista 1', durationInMinutes: 60, basePrice: 45, date: '2025-02-14', startTime: '06:00', …}
 AvailabilityService - Slot válido encontrado: {start: '06:00', end: '07:00', court: 'Pista 1', price: 45}
 AvailabilityService - Calculando precio: {courtName: 'Pista 1', durationInMinutes: 60, basePrice: 45, date: '2025-02-14', startTime: '06:30', …}
 AvailabilityService - Slot válido encontrado: {start: '06:30', end: '07:30', court: 'Pista 1', price: 45}
 AvailabilityService - Calculando precio: {courtName: 'Pista 1', durationInMinutes: 60, basePrice: 45, date: '2025-02-14', startTime: '07:00', …}
 AvailabilityService - Slot válido encontrado: {start: '07:00', end: '08:00', court: 'Pista 1', price: 45}
 AvailabilityService - Calculando precio: {courtName: 'Pista 1', durationInMinutes: 60, basePrice: 45, date: '2025-02-14', startTime: '07:30', …}
 AvailabilityService - Slot válido encontrado: {start: '07:30', end: '08:30', court: 'Pista 1', price: 45}
 AvailabilityService - Calculando precio: {courtName: 'Pista 1', durationInMinutes: 60, basePrice: 45, date: '2025-02-14', startTime: '08:00', …}
 AvailabilityService - Slot válido encontrado: {start: '08:00', end: '09:00', court: 'Pista 1', price: 45}
 AvailabilityService - Calculando precio: {courtName: 'Pista 1', durationInMinutes: 60, basePrice: 45, date: '2025-02-14', startTime: '08:30', …}
 AvailabilityService - Slot válido encontrado: {start: '08:30', end: '09:30', court: 'Pista 1', price: 45}
 AvailabilityService - Calculando precio: {courtName: 'Pista 1', durationInMinutes: 60, basePrice: 45, date: '2025-02-14', startTime: '09:00', …}
 AvailabilityService - Slot válido encontrado: {start: '09:00', end: '10:00', court: 'Pista 1', price: 45}
 AvailabilityService - Calculando precio: {courtName: 'Pista 1', durationInMinutes: 60, basePrice: 45, date: '2025-02-14', startTime: '09:30', …}
 AvailabilityService - Slot válido encontrado: {start: '09:30', end: '10:30', court: 'Pista 1', price: 45}
 AvailabilityService - Calculando precio: {courtName: 'Pista 1', durationInMinutes: 60, basePrice: 45, date: '2025-02-14', startTime: '10:00', …}
 AvailabilityService - Slot válido encontrado: {start: '10:00', end: '11:00', court: 'Pista 1', price: 45}
 AvailabilityService - Calculando precio: {courtName: 'Pista 1', durationInMinutes: 60, basePrice: 45, date: '2025-02-14', startTime: '10:30', …}
 AvailabilityService - Slot válido encontrado: {start: '10:30', end: '11:30', court: 'Pista 1', price: 45}
 AvailabilityService - Calculando precio: {courtName: 'Pista 1', durationInMinutes: 60, basePrice: 45, date: '2025-02-14', startTime: '11:00', …}
 AvailabilityService - Slot válido encontrado: {start: '11:00', end: '12:00', court: 'Pista 1', price: 45}
 AvailabilityService - Calculando precio: {courtName: 'Pista 1', durationInMinutes: 60, basePrice: 45, date: '2025-02-14', startTime: '11:30', …}
 AvailabilityService - Slot válido encontrado: {start: '11:30', end: '12:30', court: 'Pista 1', price: 45}
 AvailabilityService - Calculando precio: {courtName: 'Pista 1', durationInMinutes: 60, basePrice: 45, date: '2025-02-14', startTime: '12:00', …}
 AvailabilityService - Slot válido encontrado: {start: '12:00', end: '13:00', court: 'Pista 1', price: 45}
 AvailabilityService - Calculando precio: {courtName: 'Pista 1', durationInMinutes: 60, basePrice: 45, date: '2025-02-14', startTime: '12:30', …}
 AvailabilityService - Slot válido encontrado: {start: '12:30', end: '13:30', court: 'Pista 1', price: 45}
 AvailabilityService - Calculando precio: {courtName: 'Pista 1', durationInMinutes: 60, basePrice: 45, date: '2025-02-14', startTime: '13:00', …}
 AvailabilityService - Slot válido encontrado: {start: '13:00', end: '14:00', court: 'Pista 1', price: 45}
 AvailabilityService - Calculando precio: {courtName: 'Pista 1', durationInMinutes: 60, basePrice: 45, date: '2025-02-14', startTime: '13:30', …}
 AvailabilityService - Slot válido encontrado: {start: '13:30', end: '14:30', court: 'Pista 1', price: 45}
 AvailabilityService - Calculando precio: {courtName: 'Pista 1', durationInMinutes: 60, basePrice: 45, date: '2025-02-14', startTime: '14:00', …}
 AvailabilityService - Slot válido encontrado: {start: '14:00', end: '15:00', court: 'Pista 1', price: 45}
 AvailabilityService - Calculando precio: {courtName: 'Pista 1', durationInMinutes: 60, basePrice: 45, date: '2025-02-14', startTime: '14:30', …}
 AvailabilityService - Slot válido encontrado: {start: '14:30', end: '15:30', court: 'Pista 1', price: 45}
 AvailabilityService - Calculando precio: {courtName: 'Pista 1', durationInMinutes: 60, basePrice: 54, date: '2025-02-14', startTime: '15:00', …}
 AvailabilityService - Slot válido encontrado: {start: '15:00', end: '16:00', court: 'Pista 1', price: 54}
 AvailabilityService - Calculando precio: {courtName: 'Pista 1', durationInMinutes: 60, basePrice: 54, date: '2025-02-14', startTime: '15:30', …}
 AvailabilityService - Slot válido encontrado: {start: '15:30', end: '16:30', court: 'Pista 1', price: 54}
 AvailabilityService - Calculando precio: {courtName: 'Pista 1', durationInMinutes: 60, basePrice: 54, date: '2025-02-14', startTime: '16:00', …}
 AvailabilityService - Slot válido encontrado: {start: '16:00', end: '17:00', court: 'Pista 1', price: 54}
 AvailabilityService - Calculando precio: {courtName: 'Pista 1', durationInMinutes: 60, basePrice: 54, date: '2025-02-14', startTime: '16:30', …}
 AvailabilityService - Slot válido encontrado: {start: '16:30', end: '17:30', court: 'Pista 1', price: 54}
 AvailabilityService - Calculando precio: {courtName: 'Pista 1', durationInMinutes: 60, basePrice: 54, date: '2025-02-14', startTime: '17:00', …}
 AvailabilityService - Slot válido encontrado: {start: '17:00', end: '18:00', court: 'Pista 1', price: 54}
 AvailabilityService - Calculando precio: {courtName: 'Pista 1', durationInMinutes: 60, basePrice: 54, date: '2025-02-14', startTime: '17:30', …}
 AvailabilityService - Slot válido encontrado: {start: '17:30', end: '18:30', court: 'Pista 1', price: 54}
 AvailabilityService - Calculando precio: {courtName: 'Pista 1', durationInMinutes: 60, basePrice: 54, date: '2025-02-14', startTime: '18:00', …}
 AvailabilityService - Slot válido encontrado: {start: '18:00', end: '19:00', court: 'Pista 1', price: 54}
 AvailabilityService - Calculando precio: {courtName: 'Pista 1', durationInMinutes: 60, basePrice: 54, date: '2025-02-14', startTime: '18:30', …}
 AvailabilityService - Slot válido encontrado: {start: '18:30', end: '19:30', court: 'Pista 1', price: 54}
 AvailabilityService - Calculando precio: {courtName: 'Pista 1', durationInMinutes: 60, basePrice: 54, date: '2025-02-14', startTime: '19:00', …}
 AvailabilityService - Slot válido encontrado: {start: '19:00', end: '20:00', court: 'Pista 1', price: 54}
 AvailabilityService - Calculando precio: {courtName: 'Pista 1', durationInMinutes: 60, basePrice: 54, date: '2025-02-14', startTime: '19:30', …}
 AvailabilityService - Slot válido encontrado: {start: '19:30', end: '20:30', court: 'Pista 1', price: 54}
 AvailabilityService - Calculando precio: {courtName: 'Pista 1', durationInMinutes: 60, basePrice: 54, date: '2025-02-14', startTime: '20:00', …}
 AvailabilityService - Slot válido encontrado: {start: '20:00', end: '21:00', court: 'Pista 1', price: 54}
 AvailabilityService - Calculando precio: {courtName: 'Pista 1', durationInMinutes: 60, basePrice: 54, date: '2025-02-14', startTime: '20:30', …}
 AvailabilityService - Slot válido encontrado: {start: '20:30', end: '21:30', court: 'Pista 1', price: 54}
 AvailabilityService - Calculando precio: {courtName: 'Pista 1', durationInMinutes: 60, basePrice: 54, date: '2025-02-14', startTime: '21:00', …}
 AvailabilityService - Slot válido encontrado: {start: '21:00', end: '22:00', court: 'Pista 1', price: 54}
 AvailabilityService - Calculando precio: {courtName: 'Pista 1', durationInMinutes: 60, basePrice: 54, date: '2025-02-14', startTime: '21:30', …}
 AvailabilityService - Slot válido encontrado: {start: '21:30', end: '22:30', court: 'Pista 1', price: 54}
 AvailabilityService - Calculando precio: {courtName: 'Pista 1', durationInMinutes: 60, basePrice: 45, date: '2025-02-14', startTime: '22:00', …}
 AvailabilityService - Slot válido encontrado: {start: '22:00', end: '23:00', court: 'Pista 1', price: 45}
 AvailabilityService - Total slots generados para Pista 1: {totalSlots: 35, durationInMinutes: 60}
 AvailabilityService - Slots generados para Pista 1: (35) [{…}, {…}, {…}, {…}, {…}, {…}, {…}, {…}, {…}, {…}, {…}, {…}, {…}, {…}, {…}, {…}, {…}, {…}, {…}, {…}, {…}, {…}, {…}, {…}, {…}, {…}, {…}, {…}, {…}, {…}, {…}, {…}, {…}, {…}, {…}]
 AvailabilityService - Calculando precio: {courtName: 'Pista 1', durationInMinutes: 60, basePrice: 45, date: '2025-02-14', startTime: '05:00', …}
 AvailabilityService - Agregando slot con precio: {court: 'Pista 1', start: '05:00', end: '06:00', price: 45, durationInMinutes: 60}
 AvailabilityService - Calculando precio: {courtName: 'Pista 1', durationInMinutes: 60, basePrice: 45, date: '2025-02-14', startTime: '05:30', …}
 AvailabilityService - Agregando slot con precio: {court: 'Pista 1', start: '05:30', end: '06:30', price: 45, durationInMinutes: 60}
 AvailabilityService - Calculando precio: {courtName: 'Pista 1', durationInMinutes: 60, basePrice: 45, date: '2025-02-14', startTime: '06:00', …}
availability.service.ts:534 AvailabilityService - Agregando slot con precio: {court: 'Pista 1', start: '06:00', end: '07:00', price: 45, durationInMinutes: 60}
availability.service.ts:157 AvailabilityService - Calculando precio: {courtName: 'Pista 1', durationInMinutes: 60, basePrice: 45, date: '2025-02-14', startTime: '06:30', …}
availability.service.ts:534 AvailabilityService - Agregando slot con precio: {court: 'Pista 1', start: '06:30', end: '07:30', price: 45, durationInMinutes: 60}
availability.service.ts:157 AvailabilityService - Calculando precio: {courtName: 'Pista 1', durationInMinutes: 60, basePrice: 45, date: '2025-02-14', startTime: '07:00', …}
availability.service.ts:534 AvailabilityService - Agregando slot con precio: {court: 'Pista 1', start: '07:00', end: '08:00', price: 45, durationInMinutes: 60}
availability.service.ts:157 AvailabilityService - Calculando precio: {courtName: 'Pista 1', durationInMinutes: 60, basePrice: 45, date: '2025-02-14', startTime: '07:30', …}
availability.service.ts:534 AvailabilityService - Agregando slot con precio: {court: 'Pista 1', start: '07:30', end: '08:30', price: 45, durationInMinutes: 60}
availability.service.ts:157 AvailabilityService - Calculando precio: {courtName: 'Pista 1', durationInMinutes: 60, basePrice: 45, date: '2025-02-14', startTime: '08:00', …}
availability.service.ts:534 AvailabilityService - Agregando slot con precio: {court: 'Pista 1', start: '08:00', end: '09:00', price: 45, durationInMinutes: 60}
availability.service.ts:157 AvailabilityService - Calculando precio: {courtName: 'Pista 1', durationInMinutes: 60, basePrice: 45, date: '2025-02-14', startTime: '08:30', …}
availability.service.ts:534 AvailabilityService - Agregando slot con precio: {court: 'Pista 1', start: '08:30', end: '09:30', price: 45, durationInMinutes: 60}
availability.service.ts:157 AvailabilityService - Calculando precio: {courtName: 'Pista 1', durationInMinutes: 60, basePrice: 45, date: '2025-02-14', startTime: '09:00', …}
availability.service.ts:534 AvailabilityService - Agregando slot con precio: {court: 'Pista 1', start: '09:00', end: '10:00', price: 45, durationInMinutes: 60}
availability.service.ts:157 AvailabilityService - Calculando precio: {courtName: 'Pista 1', durationInMinutes: 60, basePrice: 45, date: '2025-02-14', startTime: '09:30', …}
availability.service.ts:534 AvailabilityService - Agregando slot con precio: {court: 'Pista 1', start: '09:30', end: '10:30', price: 45, durationInMinutes: 60}
availability.service.ts:157 AvailabilityService - Calculando precio: {courtName: 'Pista 1', durationInMinutes: 60, basePrice: 45, date: '2025-02-14', startTime: '10:00', …}
availability.service.ts:534 AvailabilityService - Agregando slot con precio: {court: 'Pista 1', start: '10:00', end: '11:00', price: 45, durationInMinutes: 60}
availability.service.ts:157 AvailabilityService - Calculando precio: {courtName: 'Pista 1', durationInMinutes: 60, basePrice: 45, date: '2025-02-14', startTime: '10:30', …}
availability.service.ts:534 AvailabilityService - Agregando slot con precio: {court: 'Pista 1', start: '10:30', end: '11:30', price: 45, durationInMinutes: 60}
availability.service.ts:157 AvailabilityService - Calculando precio: {courtName: 'Pista 1', durationInMinutes: 60, basePrice: 45, date: '2025-02-14', startTime: '11:00', …}
availability.service.ts:534 AvailabilityService - Agregando slot con precio: {court: 'Pista 1', start: '11:00', end: '12:00', price: 45, durationInMinutes: 60}
availability.service.ts:157 AvailabilityService - Calculando precio: {courtName: 'Pista 1', durationInMinutes: 60, basePrice: 45, date: '2025-02-14', startTime: '11:30', …}
availability.service.ts:534 AvailabilityService - Agregando slot con precio: {court: 'Pista 1', start: '11:30', end: '12:30', price: 45, durationInMinutes: 60}
availability.service.ts:157 AvailabilityService - Calculando precio: {courtName: 'Pista 1', durationInMinutes: 60, basePrice: 45, date: '2025-02-14', startTime: '12:00', …}
availability.service.ts:534 AvailabilityService - Agregando slot con precio: {court: 'Pista 1', start: '12:00', end: '13:00', price: 45, durationInMinutes: 60}
availability.service.ts:157 AvailabilityService - Calculando precio: {courtName: 'Pista 1', durationInMinutes: 60, basePrice: 45, date: '2025-02-14', startTime: '12:30', …}
availability.service.ts:534 AvailabilityService - Agregando slot con precio: {court: 'Pista 1', start: '12:30', end: '13:30', price: 45, durationInMinutes: 60}
availability.service.ts:157 AvailabilityService - Calculando precio: {courtName: 'Pista 1', durationInMinutes: 60, basePrice: 45, date: '2025-02-14', startTime: '13:00', …}
availability.service.ts:534 AvailabilityService - Agregando slot con precio: {court: 'Pista 1', start: '13:00', end: '14:00', price: 45, durationInMinutes: 60}
availability.service.ts:157 AvailabilityService - Calculando precio: {courtName: 'Pista 1', durationInMinutes: 60, basePrice: 45, date: '2025-02-14', startTime: '13:30', …}
availability.service.ts:534 AvailabilityService - Agregando slot con precio: {court: 'Pista 1', start: '13:30', end: '14:30', price: 45, durationInMinutes: 60}
availability.service.ts:157 AvailabilityService - Calculando precio: {courtName: 'Pista 1', durationInMinutes: 60, basePrice: 45, date: '2025-02-14', startTime: '14:00', …}
availability.service.ts:534 AvailabilityService - Agregando slot con precio: {court: 'Pista 1', start: '14:00', end: '15:00', price: 45, durationInMinutes: 60}
availability.service.ts:157 AvailabilityService - Calculando precio: {courtName: 'Pista 1', durationInMinutes: 60, basePrice: 45, date: '2025-02-14', startTime: '14:30', …}
availability.service.ts:534 AvailabilityService - Agregando slot con precio: {court: 'Pista 1', start: '14:30', end: '15:30', price: 45, durationInMinutes: 60}
availability.service.ts:157 AvailabilityService - Calculando precio: {courtName: 'Pista 1', durationInMinutes: 60, basePrice: 54, date: '2025-02-14', startTime: '15:00', …}
availability.service.ts:534 AvailabilityService - Agregando slot con precio: {court: 'Pista 1', start: '15:00', end: '16:00', price: 54, durationInMinutes: 60}
availability.service.ts:157 AvailabilityService - Calculando precio: {courtName: 'Pista 1', durationInMinutes: 60, basePrice: 54, date: '2025-02-14', startTime: '15:30', …}
availability.service.ts:534 AvailabilityService - Agregando slot con precio: {court: 'Pista 1', start: '15:30', end: '16:30', price: 54, durationInMinutes: 60}
availability.service.ts:157 AvailabilityService - Calculando precio: {courtName: 'Pista 1', durationInMinutes: 60, basePrice: 54, date: '2025-02-14', startTime: '16:00', …}
availability.service.ts:534 AvailabilityService - Agregando slot con precio: {court: 'Pista 1', start: '16:00', end: '17:00', price: 54, durationInMinutes: 60}
availability.service.ts:157 AvailabilityService - Calculando precio: {courtName: 'Pista 1', durationInMinutes: 60, basePrice: 54, date: '2025-02-14', startTime: '16:30', …}
availability.service.ts:534 AvailabilityService - Agregando slot con precio: {court: 'Pista 1', start: '16:30', end: '17:30', price: 54, durationInMinutes: 60}
availability.service.ts:157 AvailabilityService - Calculando precio: {courtName: 'Pista 1', durationInMinutes: 60, basePrice: 54, date: '2025-02-14', startTime: '17:00', …}
availability.service.ts:534 AvailabilityService - Agregando slot con precio: {court: 'Pista 1', start: '17:00', end: '18:00', price: 54, durationInMinutes: 60}
availability.service.ts:157 AvailabilityService - Calculando precio: {courtName: 'Pista 1', durationInMinutes: 60, basePrice: 54, date: '2025-02-14', startTime: '17:30', …}
availability.service.ts:534 AvailabilityService - Agregando slot con precio: {court: 'Pista 1', start: '17:30', end: '18:30', price: 54, durationInMinutes: 60}
availability.service.ts:157 AvailabilityService - Calculando precio: {courtName: 'Pista 1', durationInMinutes: 60, basePrice: 54, date: '2025-02-14', startTime: '18:00', …}
availability.service.ts:534 AvailabilityService - Agregando slot con precio: {court: 'Pista 1', start: '18:00', end: '19:00', price: 54, durationInMinutes: 60}
availability.service.ts:157 AvailabilityService - Calculando precio: {courtName: 'Pista 1', durationInMinutes: 60, basePrice: 54, date: '2025-02-14', startTime: '18:30', …}
availability.service.ts:534 AvailabilityService - Agregando slot con precio: {court: 'Pista 1', start: '18:30', end: '19:30', price: 54, durationInMinutes: 60}
availability.service.ts:157 AvailabilityService - Calculando precio: {courtName: 'Pista 1', durationInMinutes: 60, basePrice: 54, date: '2025-02-14', startTime: '19:00', …}
availability.service.ts:534 AvailabilityService - Agregando slot con precio: {court: 'Pista 1', start: '19:00', end: '20:00', price: 54, durationInMinutes: 60}
availability.service.ts:157 AvailabilityService - Calculando precio: {courtName: 'Pista 1', durationInMinutes: 60, basePrice: 54, date: '2025-02-14', startTime: '19:30', …}
availability.service.ts:534 AvailabilityService - Agregando slot con precio: {court: 'Pista 1', start: '19:30', end: '20:30', price: 54, durationInMinutes: 60}
availability.service.ts:157 AvailabilityService - Calculando precio: {courtName: 'Pista 1', durationInMinutes: 60, basePrice: 54, date: '2025-02-14', startTime: '20:00', …}
availability.service.ts:534 AvailabilityService - Agregando slot con precio: {court: 'Pista 1', start: '20:00', end: '21:00', price: 54, durationInMinutes: 60}
availability.service.ts:157 AvailabilityService - Calculando precio: {courtName: 'Pista 1', durationInMinutes: 60, basePrice: 54, date: '2025-02-14', startTime: '20:30', …}
availability.service.ts:534 AvailabilityService - Agregando slot con precio: {court: 'Pista 1', start: '20:30', end: '21:30', price: 54, durationInMinutes: 60}
availability.service.ts:157 AvailabilityService - Calculando precio: {courtName: 'Pista 1', durationInMinutes: 60, basePrice: 54, date: '2025-02-14', startTime: '21:00', …}
availability.service.ts:534 AvailabilityService - Agregando slot con precio: {court: 'Pista 1', start: '21:00', end: '22:00', price: 54, durationInMinutes: 60}
availability.service.ts:157 AvailabilityService - Calculando precio: {courtName: 'Pista 1', durationInMinutes: 60, basePrice: 54, date: '2025-02-14', startTime: '21:30', …}
availability.service.ts:534 AvailabilityService - Agregando slot con precio: {court: 'Pista 1', start: '21:30', end: '22:30', price: 54, durationInMinutes: 60}
availability.service.ts:157 AvailabilityService - Calculando precio: {courtName: 'Pista 1', durationInMinutes: 60, basePrice: 45, date: '2025-02-14', startTime: '22:00', …}
availability.service.ts:534 AvailabilityService - Agregando slot con precio: {court: 'Pista 1', start: '22:00', end: '23:00', price: 45, durationInMinutes: 60}
availability.service.ts:561 AvailabilityService - findAvailableSlots - slots encontrados: {total: 140, slotsConPrecios: Array(140)}
useAvailability.ts:50 useAvailability - Slots obtenidos: {cantidad: 140, params: {…}, primerSlot: {…}}
index.mjs:174 You're attempting to animate multiple children within AnimatePresence, but its mode is set to "wait". This will lead to odd visual behaviour.
AnimatePresence @ index.mjs:174
renderWithHooks @ react-dom.development.js:11121
updateFunctionComponent @ react-dom.development.js:16290
beginWork$1 @ react-dom.development.js:18472
beginWork @ react-dom.development.js:26927
performUnitOfWork @ react-dom.development.js:25748
workLoopSync @ react-dom.development.js:25464
renderRootSync @ react-dom.development.js:25419
performConcurrentWorkOnRoot @ react-dom.development.js:24504
workLoop @ scheduler.development.js:256
flushWork @ scheduler.development.js:225
performWorkUntilDeadline @ scheduler.development.js:534
index.mjs:174 You're attempting to animate multiple children within AnimatePresence, but its mode is set to "wait". This will lead to odd visual behaviour.
AnimatePresence @ index.mjs:174
renderWithHooksAgain @ react-dom.development.js:11272
renderWithHooks @ react-dom.development.js:11135
updateFunctionComponent @ react-dom.development.js:16290
beginWork$1 @ react-dom.development.js:18472
beginWork @ react-dom.development.js:26927
performUnitOfWork @ react-dom.development.js:25748
workLoopSync @ react-dom.development.js:25464
renderRootSync @ react-dom.development.js:25419
performConcurrentWorkOnRoot @ react-dom.development.js:24504
workLoop @ scheduler.development.js:256
flushWork @ scheduler.development.js:225
performWorkUntilDeadline @ scheduler.development.js:534
ShiftsPreview.tsx:416 ShiftsPreview - Estado: {loadingSlots: false, slotsLength: 140, error: null, params: {…}}
 AvailabilityService - getBookings - resultado: {bookings: Array(0), error: null}
 AvailabilityService - Rangos disponibles después de filtrado: {totalRanges: 1, ranges: Array(1)}
 AvailabilityService - Rangos disponibles para Pista 5: {ranges: Array(1), durationInMinutes: 60, courtName: 'Pista 5'}
 AvailabilityService - Calculando precio: {courtName: 'Pista 5', durationInMinutes: 60, basePrice: 30, date: '2025-02-14', startTime: '05:00', …}
 AvailabilityService - Slot válido encontrado: {start: '05:00', end: '06:00', court: 'Pista 5', price: 30}
 AvailabilityService - Calculando precio: {courtName: 'Pista 5', durationInMinutes: 60, basePrice: 30, date: '2025-02-14', startTime: '05:30', …}
 AvailabilityService - Slot válido encontrado: {start: '05:30', end: '06:30', court: 'Pista 5', price: 30}
 AvailabilityService - Calculando precio: {courtName: 'Pista 5', durationInMinutes: 60, basePrice: 30, date: '2025-02-14', startTime: '06:00', …}
 AvailabilityService - Slot válido encontrado: {start: '06:00', end: '07:00', court: 'Pista 5', price: 30}
 AvailabilityService - Calculando precio: {courtName: 'Pista 5', durationInMinutes: 60, basePrice: 30, date: '2025-02-14', startTime: '06:30', …}
 AvailabilityService - Slot válido encontrado: {start: '06:30', end: '07:30', court: 'Pista 5', price: 30}
 AvailabilityService - Calculando precio: {courtName: 'Pista 5', durationInMinutes: 60, basePrice: 30, date: '2025-02-14', startTime: '07:00', …}
 AvailabilityService - Slot válido encontrado: {start: '07:00', end: '08:00', court: 'Pista 5', price: 30}
 AvailabilityService - Calculando precio: {courtName: 'Pista 5', durationInMinutes: 60, basePrice: 30, date: '2025-02-14', startTime: '07:30', …}
 AvailabilityService - Slot válido encontrado: {start: '07:30', end: '08:30', court: 'Pista 5', price: 30}
 AvailabilityService - Calculando precio: {courtName: 'Pista 5', durationInMinutes: 60, basePrice: 30, date: '2025-02-14', startTime: '08:00', …}
 AvailabilityService - Slot válido encontrado: {start: '08:00', end: '09:00', court: 'Pista 5', price: 30}
 AvailabilityService - Calculando precio: {courtName: 'Pista 5', durationInMinutes: 60, basePrice: 30, date: '2025-02-14', startTime: '08:30', …}
 AvailabilityService - Slot válido encontrado: {start: '08:30', end: '09:30', court: 'Pista 5', price: 30}
 AvailabilityService - Calculando precio: {courtName: 'Pista 5', durationInMinutes: 60, basePrice: 30, date: '2025-02-14', startTime: '09:00', …}
 AvailabilityService - Slot válido encontrado: {start: '09:00', end: '10:00', court: 'Pista 5', price: 30}
 AvailabilityService - Calculando precio: {courtName: 'Pista 5', durationInMinutes: 60, basePrice: 30, date: '2025-02-14', startTime: '09:30', …}
 AvailabilityService - Slot válido encontrado: {start: '09:30', end: '10:30', court: 'Pista 5', price: 30}
 AvailabilityService - Calculando precio: {courtName: 'Pista 5', durationInMinutes: 60, basePrice: 30, date: '2025-02-14', startTime: '10:00', …}
 AvailabilityService - Slot válido encontrado: {start: '10:00', end: '11:00', court: 'Pista 5', price: 30}
 AvailabilityService - Calculando precio: {courtName: 'Pista 5', durationInMinutes: 60, basePrice: 30, date: '2025-02-14', startTime: '10:30', …}
 AvailabilityService - Slot válido encontrado: {start: '10:30', end: '11:30', court: 'Pista 5', price: 30}
 AvailabilityService - Calculando precio: {courtName: 'Pista 5', durationInMinutes: 60, basePrice: 30, date: '2025-02-14', startTime: '11:00', …}
 AvailabilityService - Slot válido encontrado: {start: '11:00', end: '12:00', court: 'Pista 5', price: 30}
 AvailabilityService - Calculando precio: {courtName: 'Pista 5', durationInMinutes: 60, basePrice: 30, date: '2025-02-14', startTime: '11:30', …}
 AvailabilityService - Slot válido encontrado: {start: '11:30', end: '12:30', court: 'Pista 5', price: 30}
 AvailabilityService - Calculando precio: {courtName: 'Pista 5', durationInMinutes: 60, basePrice: 30, date: '2025-02-14', startTime: '12:00', …}
 AvailabilityService - Slot válido encontrado: {start: '12:00', end: '13:00', court: 'Pista 5', price: 30}
 AvailabilityService - Calculando precio: {courtName: 'Pista 5', durationInMinutes: 60, basePrice: 30, date: '2025-02-14', startTime: '12:30', …}
 AvailabilityService - Slot válido encontrado: {start: '12:30', end: '13:30', court: 'Pista 5', price: 30}
 AvailabilityService - Calculando precio: {courtName: 'Pista 5', durationInMinutes: 60, basePrice: 30, date: '2025-02-14', startTime: '13:00', …}
 AvailabilityService - Slot válido encontrado: {start: '13:00', end: '14:00', court: 'Pista 5', price: 30}
 AvailabilityService - Calculando precio: {courtName: 'Pista 5', durationInMinutes: 60, basePrice: 30, date: '2025-02-14', startTime: '13:30', …}
 AvailabilityService - Slot válido encontrado: {start: '13:30', end: '14:30', court: 'Pista 5', price: 30}
 AvailabilityService - Calculando precio: {courtName: 'Pista 5', durationInMinutes: 60, basePrice: 30, date: '2025-02-14', startTime: '14:00', …}
 AvailabilityService - Slot válido encontrado: {start: '14:00', end: '15:00', court: 'Pista 5', price: 30}
 AvailabilityService - Calculando precio: {courtName: 'Pista 5', durationInMinutes: 60, basePrice: 30, date: '2025-02-14', startTime: '14:30', …}
 AvailabilityService - Slot válido encontrado: {start: '14:30', end: '15:30', court: 'Pista 5', price: 30}
 AvailabilityService - Calculando precio: {courtName: 'Pista 5', durationInMinutes: 60, basePrice: 34.5, date: '2025-02-14', startTime: '15:00', …}
 AvailabilityService - Slot válido encontrado: {start: '15:00', end: '16:00', court: 'Pista 5', price: 34.5}
 AvailabilityService - Calculando precio: {courtName: 'Pista 5', durationInMinutes: 60, basePrice: 34.5, date: '2025-02-14', startTime: '15:30', …}
 AvailabilityService - Slot válido encontrado: {start: '15:30', end: '16:30', court: 'Pista 5', price: 34.5}
 AvailabilityService - Calculando precio: {courtName: 'Pista 5', durationInMinutes: 60, basePrice: 34.5, date: '2025-02-14', startTime: '16:00', …}
 AvailabilityService - Slot válido encontrado: {start: '16:00', end: '17:00', court: 'Pista 5', price: 34.5}
 AvailabilityService - Calculando precio: {courtName: 'Pista 5', durationInMinutes: 60, basePrice: 34.5, date: '2025-02-14', startTime: '16:30', …}
 AvailabilityService - Slot válido encontrado: {start: '16:30', end: '17:30', court: 'Pista 5', price: 34.5}
 AvailabilityService - Calculando precio: {courtName: 'Pista 5', durationInMinutes: 60, basePrice: 34.5, date: '2025-02-14', startTime: '17:00', …}
 AvailabilityService - Slot válido encontrado: {start: '17:00', end: '18:00', court: 'Pista 5', price: 34.5}
 AvailabilityService - Calculando precio: {courtName: 'Pista 5', durationInMinutes: 60, basePrice: 34.5, date: '2025-02-14', startTime: '17:30', …}
 AvailabilityService - Slot válido encontrado: {start: '17:30', end: '18:30', court: 'Pista 5', price: 34.5}
 AvailabilityService - Calculando precio: {courtName: 'Pista 5', durationInMinutes: 60, basePrice: 34.5, date: '2025-02-14', startTime: '18:00', …}
 AvailabilityService - Slot válido encontrado: {start: '18:00', end: '19:00', court: 'Pista 5', price: 34.5}
 AvailabilityService - Calculando precio: {courtName: 'Pista 5', durationInMinutes: 60, basePrice: 34.5, date: '2025-02-14', startTime: '18:30', …}
 AvailabilityService - Slot válido encontrado: {start: '18:30', end: '19:30', court: 'Pista 5', price: 34.5}
 AvailabilityService - Calculando precio: {courtName: 'Pista 5', durationInMinutes: 60, basePrice: 34.5, date: '2025-02-14', startTime: '19:00', …}
 AvailabilityService - Slot válido encontrado: {start: '19:00', end: '20:00', court: 'Pista 5', price: 34.5}
 AvailabilityService - Calculando precio: {courtName: 'Pista 5', durationInMinutes: 60, basePrice: 34.5, date: '2025-02-14', startTime: '19:30', …}
 AvailabilityService - Slot válido encontrado: {start: '19:30', end: '20:30', court: 'Pista 5', price: 34.5}
 AvailabilityService - Calculando precio: {courtName: 'Pista 5', durationInMinutes: 60, basePrice: 34.5, date: '2025-02-14', startTime: '20:00', …}
 AvailabilityService - Slot válido encontrado: {start: '20:00', end: '21:00', court: 'Pista 5', price: 34.5}
 AvailabilityService - Calculando precio: {courtName: 'Pista 5', durationInMinutes: 60, basePrice: 34.5, date: '2025-02-14', startTime: '20:30', …}
 AvailabilityService - Slot válido encontrado: {start: '20:30', end: '21:30', court: 'Pista 5', price: 34.5}
 AvailabilityService - Calculando precio: {courtName: 'Pista 5', durationInMinutes: 60, basePrice: 34.5, date: '2025-02-14', startTime: '21:00', …}
 AvailabilityService - Slot válido encontrado: {start: '21:00', end: '22:00', court: 'Pista 5', price: 34.5}
 AvailabilityService - Calculando precio: {courtName: 'Pista 5', durationInMinutes: 60, basePrice: 34.5, date: '2025-02-14', startTime: '21:30', …}
 AvailabilityService - Slot válido encontrado: {start: '21:30', end: '22:30', court: 'Pista 5', price: 34.5}
 AvailabilityService - Calculando precio: {courtName: 'Pista 5', durationInMinutes: 60, basePrice: 34.5, date: '2025-02-14', startTime: '22:00', …}
 AvailabilityService - Slot válido encontrado: {start: '22:00', end: '23:00', court: 'Pista 5', price: 34.5}
 AvailabilityService - Total slots generados para Pista 5: {totalSlots: 35, durationInMinutes: 60}
 AvailabilityService - Slots generados para Pista 5: (35) [{…}, {…}, {…}, {…}, {…}, {…}, {…}, {…}, {…}, {…}, {…}, {…}, {…}, {…}, {…}, {…}, {…}, {…}, {…}, {…}, {…}, {…}, {…}, {…}, {…}, {…}, {…}, {…}, {…}, {…}, {…}, {…}, {…}, {…}, {…}]
 AvailabilityService - Calculando precio: {courtName: 'Pista 5', durationInMinutes: 60, basePrice: 30, date: '2025-02-14', startTime: '05:00', …}
 AvailabilityService - Agregando slot con precio: {court: 'Pista 5', start: '05:00', end: '06:00', price: 30, durationInMinutes: 60}
 AvailabilityService - Calculando precio: {courtName: 'Pista 5', durationInMinutes: 60, basePrice: 30, date: '2025-02-14', startTime: '05:30', …}
 AvailabilityService - Agregando slot con precio: {court: 'Pista 5', start: '05:30', end: '06:30', price: 30, durationInMinutes: 60}
 AvailabilityService - Calculando precio: {courtName: 'Pista 5', durationInMinutes: 60, basePrice: 30, date: '2025-02-14', startTime: '06:00', …}
 AvailabilityService - Agregando slot con precio: {court: 'Pista 5', start: '06:00', end: '07:00', price: 30, durationInMinutes: 60}
 AvailabilityService - Calculando precio: {courtName: 'Pista 5', durationInMinutes: 60, basePrice: 30, date: '2025-02-14', startTime: '06:30', …}
 AvailabilityService - Agregando slot con precio: {court: 'Pista 5', start: '06:30', end: '07:30', price: 30, durationInMinutes: 60}
 AvailabilityService - Calculando precio: {courtName: 'Pista 5', durationInMinutes: 60, basePrice: 30, date: '2025-02-14', startTime: '07:00', …}
 AvailabilityService - Agregando slot con precio: {court: 'Pista 5', start: '07:00', end: '08:00', price: 30, durationInMinutes: 60}
 AvailabilityService - Calculando precio: {courtName: 'Pista 5', durationInMinutes: 60, basePrice: 30, date: '2025-02-14', startTime: '07:30', …}
 AvailabilityService - Agregando slot con precio: {court: 'Pista 5', start: '07:30', end: '08:30', price: 30, durationInMinutes: 60}
 AvailabilityService - Calculando precio: {courtName: 'Pista 5', durationInMinutes: 60, basePrice: 30, date: '2025-02-14', startTime: '08:00', …}
 AvailabilityService - Agregando slot con precio: {court: 'Pista 5', start: '08:00', end: '09:00', price: 30, durationInMinutes: 60}
 AvailabilityService - Calculando precio: {courtName: 'Pista 5', durationInMinutes: 60, basePrice: 30, date: '2025-02-14', startTime: '08:30', …}
 AvailabilityService - Agregando slot con precio: {court: 'Pista 5', start: '08:30', end: '09:30', price: 30, durationInMinutes: 60}
 AvailabilityService - Calculando precio: {courtName: 'Pista 5', durationInMinutes: 60, basePrice: 30, date: '2025-02-14', startTime: '09:00', …}
 AvailabilityService - Agregando slot con precio: {court: 'Pista 5', start: '09:00', end: '10:00', price: 30, durationInMinutes: 60}
 AvailabilityService - Calculando precio: {courtName: 'Pista 5', durationInMinutes: 60, basePrice: 30, date: '2025-02-14', startTime: '09:30', …}
 AvailabilityService - Agregando slot con precio: {court: 'Pista 5', start: '09:30', end: '10:30', price: 30, durationInMinutes: 60}
 AvailabilityService - Calculando precio: {courtName: 'Pista 5', durationInMinutes: 60, basePrice: 30, date: '2025-02-14', startTime: '10:00', …}
 AvailabilityService - Agregando slot con precio: {court: 'Pista 5', start: '10:00', end: '11:00', price: 30, durationInMinutes: 60}
 AvailabilityService - Calculando precio: {courtName: 'Pista 5', durationInMinutes: 60, basePrice: 30, date: '2025-02-14', startTime: '10:30', …}
 AvailabilityService - Agregando slot con precio: {court: 'Pista 5', start: '10:30', end: '11:30', price: 30, durationInMinutes: 60}
 AvailabilityService - Calculando precio: {courtName: 'Pista 5', durationInMinutes: 60, basePrice: 30, date: '2025-02-14', startTime: '11:00', …}
 AvailabilityService - Agregando slot con precio: {court: 'Pista 5', start: '11:00', end: '12:00', price: 30, durationInMinutes: 60}
 AvailabilityService - Calculando precio: {courtName: 'Pista 5', durationInMinutes: 60, basePrice: 30, date: '2025-02-14', startTime: '11:30', …}
 AvailabilityService - Agregando slot con precio: {court: 'Pista 5', start: '11:30', end: '12:30', price: 30, durationInMinutes: 60}
 AvailabilityService - Calculando precio: {courtName: 'Pista 5', durationInMinutes: 60, basePrice: 30, date: '2025-02-14', startTime: '12:00', …}
 AvailabilityService - Agregando slot con precio: {court: 'Pista 5', start: '12:00', end: '13:00', price: 30, durationInMinutes: 60}
 AvailabilityService - Calculando precio: {courtName: 'Pista 5', durationInMinutes: 60, basePrice: 30, date: '2025-02-14', startTime: '12:30', …}
 AvailabilityService - Agregando slot con precio: {court: 'Pista 5', start: '12:30', end: '13:30', price: 30, durationInMinutes: 60}
 AvailabilityService - Calculando precio: {courtName: 'Pista 5', durationInMinutes: 60, basePrice: 30, date: '2025-02-14', startTime: '13:00', …}
 AvailabilityService - Agregando slot con precio: {court: 'Pista 5', start: '13:00', end: '14:00', price: 30, durationInMinutes: 60}
 AvailabilityService - Calculando precio: {courtName: 'Pista 5', durationInMinutes: 60, basePrice: 30, date: '2025-02-14', startTime: '13:30', …}
 AvailabilityService - Agregando slot con precio: {court: 'Pista 5', start: '13:30', end: '14:30', price: 30, durationInMinutes: 60}
 AvailabilityService - Calculando precio: {courtName: 'Pista 5', durationInMinutes: 60, basePrice: 30, date: '2025-02-14', startTime: '14:00', …}
 AvailabilityService - Agregando slot con precio: {court: 'Pista 5', start: '14:00', end: '15:00', price: 30, durationInMinutes: 60}
 AvailabilityService - Calculando precio: {courtName: 'Pista 5', durationInMinutes: 60, basePrice: 30, date: '2025-02-14', startTime: '14:30', …}
 AvailabilityService - Agregando slot con precio: {court: 'Pista 5', start: '14:30', end: '15:30', price: 30, durationInMinutes: 60}
 AvailabilityService - Calculando precio: {courtName: 'Pista 5', durationInMinutes: 60, basePrice: 34.5, date: '2025-02-14', startTime: '15:00', …}
 AvailabilityService - Agregando slot con precio: {court: 'Pista 5', start: '15:00', end: '16:00', price: 34.5, durationInMinutes: 60}
 AvailabilityService - Calculando precio: {courtName: 'Pista 5', durationInMinutes: 60, basePrice: 34.5, date: '2025-02-14', startTime: '15:30', …}
 AvailabilityService - Agregando slot con precio: {court: 'Pista 5', start: '15:30', end: '16:30', price: 34.5, durationInMinutes: 60}
 AvailabilityService - Calculando precio: {courtName: 'Pista 5', durationInMinutes: 60, basePrice: 34.5, date: '2025-02-14', startTime: '16:00', …}
 AvailabilityService - Agregando slot con precio: {court: 'Pista 5', start: '16:00', end: '17:00', price: 34.5, durationInMinutes: 60}
 AvailabilityService - Calculando precio: {courtName: 'Pista 5', durationInMinutes: 60, basePrice: 34.5, date: '2025-02-14', startTime: '16:30', …}
 AvailabilityService - Agregando slot con precio: {court: 'Pista 5', start: '16:30', end: '17:30', price: 34.5, durationInMinutes: 60}
 AvailabilityService - Calculando precio: {courtName: 'Pista 5', durationInMinutes: 60, basePrice: 34.5, date: '2025-02-14', startTime: '17:00', …}
 AvailabilityService - Agregando slot con precio: {court: 'Pista 5', start: '17:00', end: '18:00', price: 34.5, durationInMinutes: 60}
 AvailabilityService - Calculando precio: {courtName: 'Pista 5', durationInMinutes: 60, basePrice: 34.5, date: '2025-02-14', startTime: '17:30', …}
 AvailabilityService - Agregando slot con precio: {court: 'Pista 5', start: '17:30', end: '18:30', price: 34.5, durationInMinutes: 60}
 AvailabilityService - Calculando precio: {courtName: 'Pista 5', durationInMinutes: 60, basePrice: 34.5, date: '2025-02-14', startTime: '18:00', …}
 AvailabilityService - Agregando slot con precio: {court: 'Pista 5', start: '18:00', end: '19:00', price: 34.5, durationInMinutes: 60}
 AvailabilityService - Calculando precio: {courtName: 'Pista 5', durationInMinutes: 60, basePrice: 34.5, date: '2025-02-14', startTime: '18:30', …}
 AvailabilityService - Agregando slot con precio: {court: 'Pista 5', start: '18:30', end: '19:30', price: 34.5, durationInMinutes: 60}
 AvailabilityService - Calculando precio: {courtName: 'Pista 5', durationInMinutes: 60, basePrice: 34.5, date: '2025-02-14', startTime: '19:00', …}
 AvailabilityService - Agregando slot con precio: {court: 'Pista 5', start: '19:00', end: '20:00', price: 34.5, durationInMinutes: 60}
 AvailabilityService - Calculando precio: {courtName: 'Pista 5', durationInMinutes: 60, basePrice: 34.5, date: '2025-02-14', startTime: '19:30', …}
 AvailabilityService - Agregando slot con precio: {court: 'Pista 5', start: '19:30', end: '20:30', price: 34.5, durationInMinutes: 60}
 AvailabilityService - Calculando precio: {courtName: 'Pista 5', durationInMinutes: 60, basePrice: 34.5, date: '2025-02-14', startTime: '20:00', …}
 AvailabilityService - Agregando slot con precio: {court: 'Pista 5', start: '20:00', end: '21:00', price: 34.5, durationInMinutes: 60}
 AvailabilityService - Calculando precio: {courtName: 'Pista 5', durationInMinutes: 60, basePrice: 34.5, date: '2025-02-14', startTime: '20:30', …}
 AvailabilityService - Agregando slot con precio: {court: 'Pista 5', start: '20:30', end: '21:30', price: 34.5, durationInMinutes: 60}
 AvailabilityService - Calculando precio: {courtName: 'Pista 5', durationInMinutes: 60, basePrice: 34.5, date: '2025-02-14', startTime: '21:00', …}
 AvailabilityService - Agregando slot con precio: {court: 'Pista 5', start: '21:00', end: '22:00', price: 34.5, durationInMinutes: 60}
 AvailabilityService - Calculando precio: {courtName: 'Pista 5', durationInMinutes: 60, basePrice: 34.5, date: '2025-02-14', startTime: '21:30', …}
 AvailabilityService - Agregando slot con precio: {court: 'Pista 5', start: '21:30', end: '22:30', price: 34.5, durationInMinutes: 60}
 AvailabilityService - Calculando precio: {courtName: 'Pista 5', durationInMinutes: 60, basePrice: 34.5, date: '2025-02-14', startTime: '22:00', …}
 AvailabilityService - Agregando slot con precio: {court: 'Pista 5', start: '22:00', end: '23:00', price: 34.5, durationInMinutes: 60}
 AvailabilityService - Rangos disponibles después de filtrado: {totalRanges: 1, ranges: Array(1)}
 AvailabilityService - Rangos disponibles para Pista 2: {ranges: Array(1), durationInMinutes: 60, courtName: 'Pista 2'}
 AvailabilityService - Calculando precio: {courtName: 'Pista 2', durationInMinutes: 60, basePrice: 40, date: '2025-02-14', startTime: '05:00', …}
 AvailabilityService - Slot válido encontrado: {start: '05:00', end: '06:00', court: 'Pista 2', price: 40}
 AvailabilityService - Calculando precio: {courtName: 'Pista 2', durationInMinutes: 60, basePrice: 40, date: '2025-02-14', startTime: '05:30', …}
 AvailabilityService - Slot válido encontrado: {start: '05:30', end: '06:30', court: 'Pista 2', price: 40}
 AvailabilityService - Calculando precio: {courtName: 'Pista 2', durationInMinutes: 60, basePrice: 40, date: '2025-02-14', startTime: '06:00', …}
 AvailabilityService - Slot válido encontrado: {start: '06:00', end: '07:00', court: 'Pista 2', price: 40}
 AvailabilityService - Calculando precio: {courtName: 'Pista 2', durationInMinutes: 60, basePrice: 40, date: '2025-02-14', startTime: '06:30', …}
 AvailabilityService - Slot válido encontrado: {start: '06:30', end: '07:30', court: 'Pista 2', price: 40}
 AvailabilityService - Calculando precio: {courtName: 'Pista 2', durationInMinutes: 60, basePrice: 40, date: '2025-02-14', startTime: '07:00', …}
 AvailabilityService - Slot válido encontrado: {start: '07:00', end: '08:00', court: 'Pista 2', price: 40}
 AvailabilityService - Calculando precio: {courtName: 'Pista 2', durationInMinutes: 60, basePrice: 40, date: '2025-02-14', startTime: '07:30', …}
 AvailabilityService - Slot válido encontrado: {start: '07:30', end: '08:30', court: 'Pista 2', price: 40}
 AvailabilityService - Calculando precio: {courtName: 'Pista 2', durationInMinutes: 60, basePrice: 40, date: '2025-02-14', startTime: '08:00', …}
 AvailabilityService - Slot válido encontrado: {start: '08:00', end: '09:00', court: 'Pista 2', price: 40}
 AvailabilityService - Calculando precio: {courtName: 'Pista 2', durationInMinutes: 60, basePrice: 40, date: '2025-02-14', startTime: '08:30', …}
 AvailabilityService - Slot válido encontrado: {start: '08:30', end: '09:30', court: 'Pista 2', price: 40}
 AvailabilityService - Calculando precio: {courtName: 'Pista 2', durationInMinutes: 60, basePrice: 44, date: '2025-02-14', startTime: '09:00', …}
 AvailabilityService - Slot válido encontrado: {start: '09:00', end: '10:00', court: 'Pista 2', price: 44}
 AvailabilityService - Calculando precio: {courtName: 'Pista 2', durationInMinutes: 60, basePrice: 44, date: '2025-02-14', startTime: '09:30', …}
 AvailabilityService - Slot válido encontrado: {start: '09:30', end: '10:30', court: 'Pista 2', price: 44}
 AvailabilityService - Calculando precio: {courtName: 'Pista 2', durationInMinutes: 60, basePrice: 44, date: '2025-02-14', startTime: '10:00', …}
 AvailabilityService - Slot válido encontrado: {start: '10:00', end: '11:00', court: 'Pista 2', price: 44}
 AvailabilityService - Calculando precio: {courtName: 'Pista 2', durationInMinutes: 60, basePrice: 44, date: '2025-02-14', startTime: '10:30', …}
 AvailabilityService - Slot válido encontrado: {start: '10:30', end: '11:30', court: 'Pista 2', price: 44}
 AvailabilityService - Calculando precio: {courtName: 'Pista 2', durationInMinutes: 60, basePrice: 44, date: '2025-02-14', startTime: '11:00', …}
 AvailabilityService - Slot válido encontrado: {start: '11:00', end: '12:00', court: 'Pista 2', price: 44}
 AvailabilityService - Calculando precio: {courtName: 'Pista 2', durationInMinutes: 60, basePrice: 44, date: '2025-02-14', startTime: '11:30', …}
 AvailabilityService - Slot válido encontrado: {start: '11:30', end: '12:30', court: 'Pista 2', price: 44}
 AvailabilityService - Calculando precio: {courtName: 'Pista 2', durationInMinutes: 60, basePrice: 44, date: '2025-02-14', startTime: '12:00', …}
 AvailabilityService - Slot válido encontrado: {start: '12:00', end: '13:00', court: 'Pista 2', price: 44}
 AvailabilityService - Calculando precio: {courtName: 'Pista 2', durationInMinutes: 60, basePrice: 44, date: '2025-02-14', startTime: '12:30', …}
 AvailabilityService - Slot válido encontrado: {start: '12:30', end: '13:30', court: 'Pista 2', price: 44}
 AvailabilityService - Calculando precio: {courtName: 'Pista 2', durationInMinutes: 60, basePrice: 44, date: '2025-02-14', startTime: '13:00', …}
 AvailabilityService - Slot válido encontrado: {start: '13:00', end: '14:00', court: 'Pista 2', price: 44}
 AvailabilityService - Calculando precio: {courtName: 'Pista 2', durationInMinutes: 60, basePrice: 44, date: '2025-02-14', startTime: '13:30', …}
 AvailabilityService - Slot válido encontrado: {start: '13:30', end: '14:30', court: 'Pista 2', price: 44}
 AvailabilityService - Calculando precio: {courtName: 'Pista 2', durationInMinutes: 60, basePrice: 44, date: '2025-02-14', startTime: '14:00', …}
 AvailabilityService - Slot válido encontrado: {start: '14:00', end: '15:00', court: 'Pista 2', price: 44}
 AvailabilityService - Calculando precio: {courtName: 'Pista 2', durationInMinutes: 60, basePrice: 44, date: '2025-02-14', startTime: '14:30', …}
 AvailabilityService - Slot válido encontrado: {start: '14:30', end: '15:30', court: 'Pista 2', price: 44}
 AvailabilityService - Calculando precio: {courtName: 'Pista 2', durationInMinutes: 60, basePrice: 44, date: '2025-02-14', startTime: '15:00', …}
 AvailabilityService - Slot válido encontrado: {start: '15:00', end: '16:00', court: 'Pista 2', price: 44}
 AvailabilityService - Calculando precio: {courtName: 'Pista 2', durationInMinutes: 60, basePrice: 44, date: '2025-02-14', startTime: '15:30', …}
 AvailabilityService - Slot válido encontrado: {start: '15:30', end: '16:30', court: 'Pista 2', price: 44}
 AvailabilityService - Calculando precio: {courtName: 'Pista 2', durationInMinutes: 60, basePrice: 44, date: '2025-02-14', startTime: '16:00', …}
 AvailabilityService - Slot válido encontrado: {start: '16:00', end: '17:00', court: 'Pista 2', price: 44}
 AvailabilityService - Calculando precio: {courtName: 'Pista 2', durationInMinutes: 60, basePrice: 44, date: '2025-02-14', startTime: '16:30', …}
 AvailabilityService - Slot válido encontrado: {start: '16:30', end: '17:30', court: 'Pista 2', price: 44}
 AvailabilityService - Calculando precio: {courtName: 'Pista 2', durationInMinutes: 60, basePrice: 44, date: '2025-02-14', startTime: '17:00', …}
 AvailabilityService - Slot válido encontrado: {start: '17:00', end: '18:00', court: 'Pista 2', price: 44}
 AvailabilityService - Calculando precio: {courtName: 'Pista 2', durationInMinutes: 60, basePrice: 44, date: '2025-02-14', startTime: '17:30', …}
 AvailabilityService - Slot válido encontrado: {start: '17:30', end: '18:30', court: 'Pista 2', price: 44}
 AvailabilityService - Calculando precio: {courtName: 'Pista 2', durationInMinutes: 60, basePrice: 44, date: '2025-02-14', startTime: '18:00', …}
 AvailabilityService - Slot válido encontrado: {start: '18:00', end: '19:00', court: 'Pista 2', price: 44}
 AvailabilityService - Calculando precio: {courtName: 'Pista 2', durationInMinutes: 60, basePrice: 44, date: '2025-02-14', startTime: '18:30', …}
 AvailabilityService - Slot válido encontrado: {start: '18:30', end: '19:30', court: 'Pista 2', price: 44}
 AvailabilityService - Calculando precio: {courtName: 'Pista 2', durationInMinutes: 60, basePrice: 44, date: '2025-02-14', startTime: '19:00', …}
 AvailabilityService - Slot válido encontrado: {start: '19:00', end: '20:00', court: 'Pista 2', price: 44}
 AvailabilityService - Calculando precio: {courtName: 'Pista 2', durationInMinutes: 60, basePrice: 44, date: '2025-02-14', startTime: '19:30', …}
 AvailabilityService - Slot válido encontrado: {start: '19:30', end: '20:30', court: 'Pista 2', price: 44}
 AvailabilityService - Calculando precio: {courtName: 'Pista 2', durationInMinutes: 60, basePrice: 44, date: '2025-02-14', startTime: '20:00', …}
 AvailabilityService - Slot válido encontrado: {start: '20:00', end: '21:00', court: 'Pista 2', price: 44}
 AvailabilityService - Calculando precio: {courtName: 'Pista 2', durationInMinutes: 60, basePrice: 44, date: '2025-02-14', startTime: '20:30', …}
 AvailabilityService - Slot válido encontrado: {start: '20:30', end: '21:30', court: 'Pista 2', price: 44}
 AvailabilityService - Calculando precio: {courtName: 'Pista 2', durationInMinutes: 60, basePrice: 44, date: '2025-02-14', startTime: '21:00', …}
 AvailabilityService - Slot válido encontrado: {start: '21:00', end: '22:00', court: 'Pista 2', price: 44}
 AvailabilityService - Calculando precio: {courtName: 'Pista 2', durationInMinutes: 60, basePrice: 44, date: '2025-02-14', startTime: '21:30', …}
 AvailabilityService - Slot válido encontrado: {start: '21:30', end: '22:30', court: 'Pista 2', price: 44}
 AvailabilityService - Calculando precio: {courtName: 'Pista 2', durationInMinutes: 60, basePrice: 40, date: '2025-02-14', startTime: '22:00', …}
 AvailabilityService - Slot válido encontrado: {start: '22:00', end: '23:00', court: 'Pista 2', price: 40}
 AvailabilityService - Total slots generados para Pista 2: {totalSlots: 35, durationInMinutes: 60}
 AvailabilityService - Slots generados para Pista 2: (35) [{…}, {…}, {…}, {…}, {…}, {…}, {…}, {…}, {…}, {…}, {…}, {…}, {…}, {…}, {…}, {…}, {…}, {…}, {…}, {…}, {…}, {…}, {…}, {…}, {…}, {…}, {…}, {…}, {…}, {…}, {…}, {…}, {…}, {…}, {…}]
 AvailabilityService - Calculando precio: {courtName: 'Pista 2', durationInMinutes: 60, basePrice: 40, date: '2025-02-14', startTime: '05:00', …}
 AvailabilityService - Agregando slot con precio: {court: 'Pista 2', start: '05:00', end: '06:00', price: 40, durationInMinutes: 60}
 AvailabilityService - Calculando precio: {courtName: 'Pista 2', durationInMinutes: 60, basePrice: 40, date: '2025-02-14', startTime: '05:30', …}
 AvailabilityService - Agregando slot con precio: {court: 'Pista 2', start: '05:30', end: '06:30', price: 40, durationInMinutes: 60}
 AvailabilityService - Calculando precio: {courtName: 'Pista 2', durationInMinutes: 60, basePrice: 40, date: '2025-02-14', startTime: '06:00', …}
 AvailabilityService - Agregando slot con precio: {court: 'Pista 2', start: '06:00', end: '07:00', price: 40, durationInMinutes: 60}
 AvailabilityService - Calculando precio: {courtName: 'Pista 2', durationInMinutes: 60, basePrice: 40, date: '2025-02-14', startTime: '06:30', …}
 AvailabilityService - Agregando slot con precio: {court: 'Pista 2', start: '06:30', end: '07:30', price: 40, durationInMinutes: 60}
 AvailabilityService - Calculando precio: {courtName: 'Pista 2', durationInMinutes: 60, basePrice: 40, date: '2025-02-14', startTime: '07:00', …}
 AvailabilityService - Agregando slot con precio: {court: 'Pista 2', start: '07:00', end: '08:00', price: 40, durationInMinutes: 60}
 AvailabilityService - Calculando precio: {courtName: 'Pista 2', durationInMinutes: 60, basePrice: 40, date: '2025-02-14', startTime: '07:30', …}
 AvailabilityService - Agregando slot con precio: {court: 'Pista 2', start: '07:30', end: '08:30', price: 40, durationInMinutes: 60}
 AvailabilityService - Calculando precio: {courtName: 'Pista 2', durationInMinutes: 60, basePrice: 40, date: '2025-02-14', startTime: '08:00', …}
 AvailabilityService - Agregando slot con precio: {court: 'Pista 2', start: '08:00', end: '09:00', price: 40, durationInMinutes: 60}
 AvailabilityService - Calculando precio: {courtName: 'Pista 2', durationInMinutes: 60, basePrice: 40, date: '2025-02-14', startTime: '08:30', …}
 AvailabilityService - Agregando slot con precio: {court: 'Pista 2', start: '08:30', end: '09:30', price: 40, durationInMinutes: 60}
 AvailabilityService - Calculando precio: {courtName: 'Pista 2', durationInMinutes: 60, basePrice: 44, date: '2025-02-14', startTime: '09:00', …}
 AvailabilityService - Agregando slot con precio: {court: 'Pista 2', start: '09:00', end: '10:00', price: 44, durationInMinutes: 60}
 AvailabilityService - Calculando precio: {courtName: 'Pista 2', durationInMinutes: 60, basePrice: 44, date: '2025-02-14', startTime: '09:30', …}
 AvailabilityService - Agregando slot con precio: {court: 'Pista 2', start: '09:30', end: '10:30', price: 44, durationInMinutes: 60}
 AvailabilityService - Calculando precio: {courtName: 'Pista 2', durationInMinutes: 60, basePrice: 44, date: '2025-02-14', startTime: '10:00', …}
 AvailabilityService - Agregando slot con precio: {court: 'Pista 2', start: '10:00', end: '11:00', price: 44, durationInMinutes: 60}
 AvailabilityService - Calculando precio: {courtName: 'Pista 2', durationInMinutes: 60, basePrice: 44, date: '2025-02-14', startTime: '10:30', …}
 AvailabilityService - Agregando slot con precio: {court: 'Pista 2', start: '10:30', end: '11:30', price: 44, durationInMinutes: 60}
 AvailabilityService - Calculando precio: {courtName: 'Pista 2', durationInMinutes: 60, basePrice: 44, date: '2025-02-14', startTime: '11:00', …}
 AvailabilityService - Agregando slot con precio: {court: 'Pista 2', start: '11:00', end: '12:00', price: 44, durationInMinutes: 60}
 AvailabilityService - Calculando precio: {courtName: 'Pista 2', durationInMinutes: 60, basePrice: 44, date: '2025-02-14', startTime: '11:30', …}
 AvailabilityService - Agregando slot con precio: {court: 'Pista 2', start: '11:30', end: '12:30', price: 44, durationInMinutes: 60}
 AvailabilityService - Calculando precio: {courtName: 'Pista 2', durationInMinutes: 60, basePrice: 44, date: '2025-02-14', startTime: '12:00', …}
 AvailabilityService - Agregando slot con precio: {court: 'Pista 2', start: '12:00', end: '13:00', price: 44, durationInMinutes: 60}
 AvailabilityService - Calculando precio: {courtName: 'Pista 2', durationInMinutes: 60, basePrice: 44, date: '2025-02-14', startTime: '12:30', …}
 AvailabilityService - Agregando slot con precio: {court: 'Pista 2', start: '12:30', end: '13:30', price: 44, durationInMinutes: 60}
 AvailabilityService - Calculando precio: {courtName: 'Pista 2', durationInMinutes: 60, basePrice: 44, date: '2025-02-14', startTime: '13:00', …}
 AvailabilityService - Agregando slot con precio: {court: 'Pista 2', start: '13:00', end: '14:00', price: 44, durationInMinutes: 60}
 AvailabilityService - Calculando precio: {courtName: 'Pista 2', durationInMinutes: 60, basePrice: 44, date: '2025-02-14', startTime: '13:30', …}
 AvailabilityService - Agregando slot con precio: {court: 'Pista 2', start: '13:30', end: '14:30', price: 44, durationInMinutes: 60}
 AvailabilityService - Calculando precio: {courtName: 'Pista 2', durationInMinutes: 60, basePrice: 44, date: '2025-02-14', startTime: '14:00', …}
 AvailabilityService - Agregando slot con precio: {court: 'Pista 2', start: '14:00', end: '15:00', price: 44, durationInMinutes: 60}
 AvailabilityService - Calculando precio: {courtName: 'Pista 2', durationInMinutes: 60, basePrice: 44, date: '2025-02-14', startTime: '14:30', …}
 AvailabilityService - Agregando slot con precio: {court: 'Pista 2', start: '14:30', end: '15:30', price: 44, durationInMinutes: 60}
 AvailabilityService - Calculando precio: {courtName: 'Pista 2', durationInMinutes: 60, basePrice: 44, date: '2025-02-14', startTime: '15:00', …}
 AvailabilityService - Agregando slot con precio: {court: 'Pista 2', start: '15:00', end: '16:00', price: 44, durationInMinutes: 60}
 AvailabilityService - Calculando precio: {courtName: 'Pista 2', durationInMinutes: 60, basePrice: 44, date: '2025-02-14', startTime: '15:30', …}
 AvailabilityService - Agregando slot con precio: {court: 'Pista 2', start: '15:30', end: '16:30', price: 44, durationInMinutes: 60}
 AvailabilityService - Calculando precio: {courtName: 'Pista 2', durationInMinutes: 60, basePrice: 44, date: '2025-02-14', startTime: '16:00', …}
 AvailabilityService - Agregando slot con precio: {court: 'Pista 2', start: '16:00', end: '17:00', price: 44, durationInMinutes: 60}
 AvailabilityService - Calculando precio: {courtName: 'Pista 2', durationInMinutes: 60, basePrice: 44, date: '2025-02-14', startTime: '16:30', …}
 AvailabilityService - Agregando slot con precio: {court: 'Pista 2', start: '16:30', end: '17:30', price: 44, durationInMinutes: 60}
 AvailabilityService - Calculando precio: {courtName: 'Pista 2', durationInMinutes: 60, basePrice: 44, date: '2025-02-14', startTime: '17:00', …}
 AvailabilityService - Agregando slot con precio: {court: 'Pista 2', start: '17:00', end: '18:00', price: 44, durationInMinutes: 60}
 AvailabilityService - Calculando precio: {courtName: 'Pista 2', durationInMinutes: 60, basePrice: 44, date: '2025-02-14', startTime: '17:30', …}
 AvailabilityService - Agregando slot con precio: {court: 'Pista 2', start: '17:30', end: '18:30', price: 44, durationInMinutes: 60}
 AvailabilityService - Calculando precio: {courtName: 'Pista 2', durationInMinutes: 60, basePrice: 44, date: '2025-02-14', startTime: '18:00', …}
 AvailabilityService - Agregando slot con precio: {court: 'Pista 2', start: '18:00', end: '19:00', price: 44, durationInMinutes: 60}
 AvailabilityService - Calculando precio: {courtName: 'Pista 2', durationInMinutes: 60, basePrice: 44, date: '2025-02-14', startTime: '18:30', …}
 AvailabilityService - Agregando slot con precio: {court: 'Pista 2', start: '18:30', end: '19:30', price: 44, durationInMinutes: 60}
 AvailabilityService - Calculando precio: {courtName: 'Pista 2', durationInMinutes: 60, basePrice: 44, date: '2025-02-14', startTime: '19:00', …}
 AvailabilityService - Agregando slot con precio: {court: 'Pista 2', start: '19:00', end: '20:00', price: 44, durationInMinutes: 60}
 AvailabilityService - Calculando precio: {courtName: 'Pista 2', durationInMinutes: 60, basePrice: 44, date: '2025-02-14', startTime: '19:30', …}
 AvailabilityService - Agregando slot con precio: {court: 'Pista 2', start: '19:30', end: '20:30', price: 44, durationInMinutes: 60}
 AvailabilityService - Calculando precio: {courtName: 'Pista 2', durationInMinutes: 60, basePrice: 44, date: '2025-02-14', startTime: '20:00', …}
 AvailabilityService - Agregando slot con precio: {court: 'Pista 2', start: '20:00', end: '21:00', price: 44, durationInMinutes: 60}
 AvailabilityService - Calculando precio: {courtName: 'Pista 2', durationInMinutes: 60, basePrice: 44, date: '2025-02-14', startTime: '20:30', …}
 AvailabilityService - Agregando slot con precio: {court: 'Pista 2', start: '20:30', end: '21:30', price: 44, durationInMinutes: 60}
 AvailabilityService - Calculando precio: {courtName: 'Pista 2', durationInMinutes: 60, basePrice: 44, date: '2025-02-14', startTime: '21:00', …}
 AvailabilityService - Agregando slot con precio: {court: 'Pista 2', start: '21:00', end: '22:00', price: 44, durationInMinutes: 60}
 AvailabilityService - Calculando precio: {courtName: 'Pista 2', durationInMinutes: 60, basePrice: 44, date: '2025-02-14', startTime: '21:30', …}
 AvailabilityService - Agregando slot con precio: {court: 'Pista 2', start: '21:30', end: '22:30', price: 44, durationInMinutes: 60}
 AvailabilityService - Calculando precio: {courtName: 'Pista 2', durationInMinutes: 60, basePrice: 40, date: '2025-02-14', startTime: '22:00', …}
 AvailabilityService - Agregando slot con precio: {court: 'Pista 2', start: '22:00', end: '23:00', price: 40, durationInMinutes: 60}
 AvailabilityService - Rangos disponibles después de filtrado: {totalRanges: 1, ranges: Array(1)}
 AvailabilityService - Rangos disponibles para Pista 3: {ranges: Array(1), durationInMinutes: 60, courtName: 'Pista 3'}
 AvailabilityService - Calculando precio: {courtName: 'Pista 3', durationInMinutes: 60, basePrice: 45, date: '2025-02-14', startTime: '05:00', …}
 AvailabilityService - Slot válido encontrado: {start: '05:00', end: '06:00', court: 'Pista 3', price: 45}
 AvailabilityService - Calculando precio: {courtName: 'Pista 3', durationInMinutes: 60, basePrice: 45, date: '2025-02-14', startTime: '05:30', …}
 AvailabilityService - Slot válido encontrado: {start: '05:30', end: '06:30', court: 'Pista 3', price: 45}
 AvailabilityService - Calculando precio: {courtName: 'Pista 3', durationInMinutes: 60, basePrice: 45, date: '2025-02-14', startTime: '06:00', …}
 AvailabilityService - Slot válido encontrado: {start: '06:00', end: '07:00', court: 'Pista 3', price: 45}
 AvailabilityService - Calculando precio: {courtName: 'Pista 3', durationInMinutes: 60, basePrice: 45, date: '2025-02-14', startTime: '06:30', …}
 AvailabilityService - Slot válido encontrado: {start: '06:30', end: '07:30', court: 'Pista 3', price: 45}
 AvailabilityService - Calculando precio: {courtName: 'Pista 3', durationInMinutes: 60, basePrice: 45, date: '2025-02-14', startTime: '07:00', …}
 AvailabilityService - Slot válido encontrado: {start: '07:00', end: '08:00', court: 'Pista 3', price: 45}
 AvailabilityService - Calculando precio: {courtName: 'Pista 3', durationInMinutes: 60, basePrice: 45, date: '2025-02-14', startTime: '07:30', …}
 AvailabilityService - Slot válido encontrado: {start: '07:30', end: '08:30', court: 'Pista 3', price: 45}
 AvailabilityService - Calculando precio: {courtName: 'Pista 3', durationInMinutes: 60, basePrice: 45, date: '2025-02-14', startTime: '08:00', …}
 AvailabilityService - Slot válido encontrado: {start: '08:00', end: '09:00', court: 'Pista 3', price: 45}
 AvailabilityService - Calculando precio: {courtName: 'Pista 3', durationInMinutes: 60, basePrice: 45, date: '2025-02-14', startTime: '08:30', …}
 AvailabilityService - Slot válido encontrado: {start: '08:30', end: '09:30', court: 'Pista 3', price: 45}
 AvailabilityService - Calculando precio: {courtName: 'Pista 3', durationInMinutes: 60, basePrice: 45, date: '2025-02-14', startTime: '09:00', …}
 AvailabilityService - Slot válido encontrado: {start: '09:00', end: '10:00', court: 'Pista 3', price: 45}
 AvailabilityService - Calculando precio: {courtName: 'Pista 3', durationInMinutes: 60, basePrice: 45, date: '2025-02-14', startTime: '09:30', …}
 AvailabilityService - Slot válido encontrado: {start: '09:30', end: '10:30', court: 'Pista 3', price: 45}
 AvailabilityService - Calculando precio: {courtName: 'Pista 3', durationInMinutes: 60, basePrice: 45, date: '2025-02-14', startTime: '10:00', …}
 AvailabilityService - Slot válido encontrado: {start: '10:00', end: '11:00', court: 'Pista 3', price: 45}
 AvailabilityService - Calculando precio: {courtName: 'Pista 3', durationInMinutes: 60, basePrice: 45, date: '2025-02-14', startTime: '10:30', …}
 AvailabilityService - Slot válido encontrado: {start: '10:30', end: '11:30', court: 'Pista 3', price: 45}
 AvailabilityService - Calculando precio: {courtName: 'Pista 3', durationInMinutes: 60, basePrice: 45, date: '2025-02-14', startTime: '11:00', …}
 AvailabilityService - Slot válido encontrado: {start: '11:00', end: '12:00', court: 'Pista 3', price: 45}
 AvailabilityService - Calculando precio: {courtName: 'Pista 3', durationInMinutes: 60, basePrice: 45, date: '2025-02-14', startTime: '11:30', …}
 AvailabilityService - Slot válido encontrado: {start: '11:30', end: '12:30', court: 'Pista 3', price: 45}
 AvailabilityService - Calculando precio: {courtName: 'Pista 3', durationInMinutes: 60, basePrice: 45, date: '2025-02-14', startTime: '12:00', …}
 AvailabilityService - Slot válido encontrado: {start: '12:00', end: '13:00', court: 'Pista 3', price: 45}
 AvailabilityService - Calculando precio: {courtName: 'Pista 3', durationInMinutes: 60, basePrice: 45, date: '2025-02-14', startTime: '12:30', …}
 AvailabilityService - Slot válido encontrado: {start: '12:30', end: '13:30', court: 'Pista 3', price: 45}
 AvailabilityService - Calculando precio: {courtName: 'Pista 3', durationInMinutes: 60, basePrice: 45, date: '2025-02-14', startTime: '13:00', …}
 AvailabilityService - Slot válido encontrado: {start: '13:00', end: '14:00', court: 'Pista 3', price: 45}
 AvailabilityService - Calculando precio: {courtName: 'Pista 3', durationInMinutes: 60, basePrice: 45, date: '2025-02-14', startTime: '13:30', …}
 AvailabilityService - Slot válido encontrado: {start: '13:30', end: '14:30', court: 'Pista 3', price: 45}
 AvailabilityService - Calculando precio: {courtName: 'Pista 3', durationInMinutes: 60, basePrice: 45, date: '2025-02-14', startTime: '14:00', …}
 AvailabilityService - Slot válido encontrado: {start: '14:00', end: '15:00', court: 'Pista 3', price: 45}
 AvailabilityService - Calculando precio: {courtName: 'Pista 3', durationInMinutes: 60, basePrice: 45, date: '2025-02-14', startTime: '14:30', …}
 AvailabilityService - Slot válido encontrado: {start: '14:30', end: '15:30', court: 'Pista 3', price: 45}
 AvailabilityService - Calculando precio: {courtName: 'Pista 3', durationInMinutes: 60, basePrice: 45, date: '2025-02-14', startTime: '15:00', …}
 AvailabilityService - Slot válido encontrado: {start: '15:00', end: '16:00', court: 'Pista 3', price: 45}
 AvailabilityService - Calculando precio: {courtName: 'Pista 3', durationInMinutes: 60, basePrice: 45, date: '2025-02-14', startTime: '15:30', …}
 AvailabilityService - Slot válido encontrado: {start: '15:30', end: '16:30', court: 'Pista 3', price: 45}
 AvailabilityService - Calculando precio: {courtName: 'Pista 3', durationInMinutes: 60, basePrice: 45, date: '2025-02-14', startTime: '16:00', …}
 AvailabilityService - Slot válido encontrado: {start: '16:00', end: '17:00', court: 'Pista 3', price: 45}
 AvailabilityService - Calculando precio: {courtName: 'Pista 3', durationInMinutes: 60, basePrice: 45, date: '2025-02-14', startTime: '16:30', …}
 AvailabilityService - Slot válido encontrado: {start: '16:30', end: '17:30', court: 'Pista 3', price: 45}
 AvailabilityService - Calculando precio: {courtName: 'Pista 3', durationInMinutes: 60, basePrice: 45, date: '2025-02-14', startTime: '17:00', …}
 AvailabilityService - Slot válido encontrado: {start: '17:00', end: '18:00', court: 'Pista 3', price: 45}
 AvailabilityService - Calculando precio: {courtName: 'Pista 3', durationInMinutes: 60, basePrice: 45, date: '2025-02-14', startTime: '17:30', …}
 AvailabilityService - Slot válido encontrado: {start: '17:30', end: '18:30', court: 'Pista 3', price: 45}
 AvailabilityService - Calculando precio: {courtName: 'Pista 3', durationInMinutes: 60, basePrice: 45, date: '2025-02-14', startTime: '18:00', …}
 AvailabilityService - Slot válido encontrado: {start: '18:00', end: '19:00', court: 'Pista 3', price: 45}
 AvailabilityService - Calculando precio: {courtName: 'Pista 3', durationInMinutes: 60, basePrice: 45, date: '2025-02-14', startTime: '18:30', …}
 AvailabilityService - Slot válido encontrado: {start: '18:30', end: '19:30', court: 'Pista 3', price: 45}
 AvailabilityService - Calculando precio: {courtName: 'Pista 3', durationInMinutes: 60, basePrice: 45, date: '2025-02-14', startTime: '19:00', …}
 AvailabilityService - Slot válido encontrado: {start: '19:00', end: '20:00', court: 'Pista 3', price: 45}
 AvailabilityService - Calculando precio: {courtName: 'Pista 3', durationInMinutes: 60, basePrice: 45, date: '2025-02-14', startTime: '19:30', …}
 AvailabilityService - Slot válido encontrado: {start: '19:30', end: '20:30', court: 'Pista 3', price: 45}
 AvailabilityService - Calculando precio: {courtName: 'Pista 3', durationInMinutes: 60, basePrice: 45, date: '2025-02-14', startTime: '20:00', …}
 AvailabilityService - Slot válido encontrado: {start: '20:00', end: '21:00', court: 'Pista 3', price: 45}
 AvailabilityService - Calculando precio: {courtName: 'Pista 3', durationInMinutes: 60, basePrice: 45, date: '2025-02-14', startTime: '20:30', …}
 AvailabilityService - Slot válido encontrado: {start: '20:30', end: '21:30', court: 'Pista 3', price: 45}
 AvailabilityService - Calculando precio: {courtName: 'Pista 3', durationInMinutes: 60, basePrice: 45, date: '2025-02-14', startTime: '21:00', …}
 AvailabilityService - Slot válido encontrado: {start: '21:00', end: '22:00', court: 'Pista 3', price: 45}
 AvailabilityService - Calculando precio: {courtName: 'Pista 3', durationInMinutes: 60, basePrice: 45, date: '2025-02-14', startTime: '21:30', …}
 AvailabilityService - Slot válido encontrado: {start: '21:30', end: '22:30', court: 'Pista 3', price: 45}
 AvailabilityService - Calculando precio: {courtName: 'Pista 3', durationInMinutes: 60, basePrice: 45, date: '2025-02-14', startTime: '22:00', …}
 AvailabilityService - Slot válido encontrado: {start: '22:00', end: '23:00', court: 'Pista 3', price: 45}
 AvailabilityService - Total slots generados para Pista 3: {totalSlots: 35, durationInMinutes: 60}
 AvailabilityService - Slots generados para Pista 3: (35) [{…}, {…}, {…}, {…}, {…}, {…}, {…}, {…}, {…}, {…}, {…}, {…}, {…}, {…}, {…}, {…}, {…}, {…}, {…}, {…}, {…}, {…}, {…}, {…}, {…}, {…}, {…}, {…}, {…}, {…}, {…}, {…}, {…}, {…}, {…}]
 AvailabilityService - Calculando precio: {courtName: 'Pista 3', durationInMinutes: 60, basePrice: 45, date: '2025-02-14', startTime: '05:00', …}
 AvailabilityService - Agregando slot con precio: {court: 'Pista 3', start: '05:00', end: '06:00', price: 45, durationInMinutes: 60}
 AvailabilityService - Calculando precio: {courtName: 'Pista 3', durationInMinutes: 60, basePrice: 45, date: '2025-02-14', startTime: '05:30', …}
 AvailabilityService - Agregando slot con precio: {court: 'Pista 3', start: '05:30', end: '06:30', price: 45, durationInMinutes: 60}
 AvailabilityService - Calculando precio: {courtName: 'Pista 3', durationInMinutes: 60, basePrice: 45, date: '2025-02-14', startTime: '06:00', …}
 AvailabilityService - Agregando slot con precio: {court: 'Pista 3', start: '06:00', end: '07:00', price: 45, durationInMinutes: 60}
 AvailabilityService - Calculando precio: {courtName: 'Pista 3', durationInMinutes: 60, basePrice: 45, date: '2025-02-14', startTime: '06:30', …}
 AvailabilityService - Agregando slot con precio: {court: 'Pista 3', start: '06:30', end: '07:30', price: 45, durationInMinutes: 60}
 AvailabilityService - Calculando precio: {courtName: 'Pista 3', durationInMinutes: 60, basePrice: 45, date: '2025-02-14', startTime: '07:00', …}
 AvailabilityService - Agregando slot con precio: {court: 'Pista 3', start: '07:00', end: '08:00', price: 45, durationInMinutes: 60}
 AvailabilityService - Calculando precio: {courtName: 'Pista 3', durationInMinutes: 60, basePrice: 45, date: '2025-02-14', startTime: '07:30', …}
 AvailabilityService - Agregando slot con precio: {court: 'Pista 3', start: '07:30', end: '08:30', price: 45, durationInMinutes: 60}
 AvailabilityService - Calculando precio: {courtName: 'Pista 3', durationInMinutes: 60, basePrice: 45, date: '2025-02-14', startTime: '08:00', …}
 AvailabilityService - Agregando slot con precio: {court: 'Pista 3', start: '08:00', end: '09:00', price: 45, durationInMinutes: 60}
 AvailabilityService - Calculando precio: {courtName: 'Pista 3', durationInMinutes: 60, basePrice: 45, date: '2025-02-14', startTime: '08:30', …}
 AvailabilityService - Agregando slot con precio: {court: 'Pista 3', start: '08:30', end: '09:30', price: 45, durationInMinutes: 60}
 AvailabilityService - Calculando precio: {courtName: 'Pista 3', durationInMinutes: 60, basePrice: 45, date: '2025-02-14', startTime: '09:00', …}
 AvailabilityService - Agregando slot con precio: {court: 'Pista 3', start: '09:00', end: '10:00', price: 45, durationInMinutes: 60}
 AvailabilityService - Calculando precio: {courtName: 'Pista 3', durationInMinutes: 60, basePrice: 45, date: '2025-02-14', startTime: '09:30', …}
 AvailabilityService - Agregando slot con precio: {court: 'Pista 3', start: '09:30', end: '10:30', price: 45, durationInMinutes: 60}
 AvailabilityService - Calculando precio: {courtName: 'Pista 3', durationInMinutes: 60, basePrice: 45, date: '2025-02-14', startTime: '10:00', …}
 AvailabilityService - Agregando slot con precio: {court: 'Pista 3', start: '10:00', end: '11:00', price: 45, durationInMinutes: 60}
 AvailabilityService - Calculando precio: {courtName: 'Pista 3', durationInMinutes: 60, basePrice: 45, date: '2025-02-14', startTime: '10:30', …}
 AvailabilityService - Agregando slot con precio: {court: 'Pista 3', start: '10:30', end: '11:30', price: 45, durationInMinutes: 60}
 AvailabilityService - Calculando precio: {courtName: 'Pista 3', durationInMinutes: 60, basePrice: 45, date: '2025-02-14', startTime: '11:00', …}
 AvailabilityService - Agregando slot con precio: {court: 'Pista 3', start: '11:00', end: '12:00', price: 45, durationInMinutes: 60}
 AvailabilityService - Calculando precio: {courtName: 'Pista 3', durationInMinutes: 60, basePrice: 45, date: '2025-02-14', startTime: '11:30', …}
 AvailabilityService - Agregando slot con precio: {court: 'Pista 3', start: '11:30', end: '12:30', price: 45, durationInMinutes: 60}
 AvailabilityService - Calculando precio: {courtName: 'Pista 3', durationInMinutes: 60, basePrice: 45, date: '2025-02-14', startTime: '12:00', …}
 AvailabilityService - Agregando slot con precio: {court: 'Pista 3', start: '12:00', end: '13:00', price: 45, durationInMinutes: 60}
 AvailabilityService - Calculando precio: {courtName: 'Pista 3', durationInMinutes: 60, basePrice: 45, date: '2025-02-14', startTime: '12:30', …}
 AvailabilityService - Agregando slot con precio: {court: 'Pista 3', start: '12:30', end: '13:30', price: 45, durationInMinutes: 60}
 AvailabilityService - Calculando precio: {courtName: 'Pista 3', durationInMinutes: 60, basePrice: 45, date: '2025-02-14', startTime: '13:00', …}
 AvailabilityService - Agregando slot con precio: {court: 'Pista 3', start: '13:00', end: '14:00', price: 45, durationInMinutes: 60}
 AvailabilityService - Calculando precio: {courtName: 'Pista 3', durationInMinutes: 60, basePrice: 45, date: '2025-02-14', startTime: '13:30', …}
 AvailabilityService - Agregando slot con precio: {court: 'Pista 3', start: '13:30', end: '14:30', price: 45, durationInMinutes: 60}
 AvailabilityService - Calculando precio: {courtName: 'Pista 3', durationInMinutes: 60, basePrice: 45, date: '2025-02-14', startTime: '14:00', …}
 AvailabilityService - Agregando slot con precio: {court: 'Pista 3', start: '14:00', end: '15:00', price: 45, durationInMinutes: 60}
 AvailabilityService - Calculando precio: {courtName: 'Pista 3', durationInMinutes: 60, basePrice: 45, date: '2025-02-14', startTime: '14:30', …}
 AvailabilityService - Agregando slot con precio: {court: 'Pista 3', start: '14:30', end: '15:30', price: 45, durationInMinutes: 60}
 AvailabilityService - Calculando precio: {courtName: 'Pista 3', durationInMinutes: 60, basePrice: 45, date: '2025-02-14', startTime: '15:00', …}
 AvailabilityService - Agregando slot con precio: {court: 'Pista 3', start: '15:00', end: '16:00', price: 45, durationInMinutes: 60}
 AvailabilityService - Calculando precio: {courtName: 'Pista 3', durationInMinutes: 60, basePrice: 45, date: '2025-02-14', startTime: '15:30', …}
 AvailabilityService - Agregando slot con precio: {court: 'Pista 3', start: '15:30', end: '16:30', price: 45, durationInMinutes: 60}
 AvailabilityService - Calculando precio: {courtName: 'Pista 3', durationInMinutes: 60, basePrice: 45, date: '2025-02-14', startTime: '16:00', …}
 AvailabilityService - Agregando slot con precio: {court: 'Pista 3', start: '16:00', end: '17:00', price: 45, durationInMinutes: 60}
 AvailabilityService - Calculando precio: {courtName: 'Pista 3', durationInMinutes: 60, basePrice: 45, date: '2025-02-14', startTime: '16:30', …}
 AvailabilityService - Agregando slot con precio: {court: 'Pista 3', start: '16:30', end: '17:30', price: 45, durationInMinutes: 60}
 AvailabilityService - Calculando precio: {courtName: 'Pista 3', durationInMinutes: 60, basePrice: 45, date: '2025-02-14', startTime: '17:00', …}
 AvailabilityService - Agregando slot con precio: {court: 'Pista 3', start: '17:00', end: '18:00', price: 45, durationInMinutes: 60}
 AvailabilityService - Calculando precio: {courtName: 'Pista 3', durationInMinutes: 60, basePrice: 45, date: '2025-02-14', startTime: '17:30', …}
 AvailabilityService - Agregando slot con precio: {court: 'Pista 3', start: '17:30', end: '18:30', price: 45, durationInMinutes: 60}
 AvailabilityService - Calculando precio: {courtName: 'Pista 3', durationInMinutes: 60, basePrice: 45, date: '2025-02-14', startTime: '18:00', …}
 AvailabilityService - Agregando slot con precio: {court: 'Pista 3', start: '18:00', end: '19:00', price: 45, durationInMinutes: 60}
 AvailabilityService - Calculando precio: {courtName: 'Pista 3', durationInMinutes: 60, basePrice: 45, date: '2025-02-14', startTime: '18:30', …}
 AvailabilityService - Agregando slot con precio: {court: 'Pista 3', start: '18:30', end: '19:30', price: 45, durationInMinutes: 60}
 AvailabilityService - Calculando precio: {courtName: 'Pista 3', durationInMinutes: 60, basePrice: 45, date: '2025-02-14', startTime: '19:00', …}
 AvailabilityService - Agregando slot con precio: {court: 'Pista 3', start: '19:00', end: '20:00', price: 45, durationInMinutes: 60}
 AvailabilityService - Calculando precio: {courtName: 'Pista 3', durationInMinutes: 60, basePrice: 45, date: '2025-02-14', startTime: '19:30', …}
 AvailabilityService - Agregando slot con precio: {court: 'Pista 3', start: '19:30', end: '20:30', price: 45, durationInMinutes: 60}
 AvailabilityService - Calculando precio: {courtName: 'Pista 3', durationInMinutes: 60, basePrice: 45, date: '2025-02-14', startTime: '20:00', …}
 AvailabilityService - Agregando slot con precio: {court: 'Pista 3', start: '20:00', end: '21:00', price: 45, durationInMinutes: 60}
 AvailabilityService - Calculando precio: {courtName: 'Pista 3', durationInMinutes: 60, basePrice: 45, date: '2025-02-14', startTime: '20:30', …}
 AvailabilityService - Agregando slot con precio: {court: 'Pista 3', start: '20:30', end: '21:30', price: 45, durationInMinutes: 60}
 AvailabilityService - Calculando precio: {courtName: 'Pista 3', durationInMinutes: 60, basePrice: 45, date: '2025-02-14', startTime: '21:00', …}
 AvailabilityService - Agregando slot con precio: {court: 'Pista 3', start: '21:00', end: '22:00', price: 45, durationInMinutes: 60}
 AvailabilityService - Calculando precio: {courtName: 'Pista 3', durationInMinutes: 60, basePrice: 45, date: '2025-02-14', startTime: '21:30', …}
 AvailabilityService - Agregando slot con precio: {court: 'Pista 3', start: '21:30', end: '22:30', price: 45, durationInMinutes: 60}
 AvailabilityService - Calculando precio: {courtName: 'Pista 3', durationInMinutes: 60, basePrice: 45, date: '2025-02-14', startTime: '22:00', …}
 AvailabilityService - Agregando slot con precio: {court: 'Pista 3', start: '22:00', end: '23:00', price: 45, durationInMinutes: 60}
 AvailabilityService - Rangos disponibles después de filtrado: {totalRanges: 1, ranges: Array(1)}
 AvailabilityService - Rangos disponibles para Pista 1: {ranges: Array(1), durationInMinutes: 60, courtName: 'Pista 1'}
 AvailabilityService - Calculando precio: {courtName: 'Pista 1', durationInMinutes: 60, basePrice: 45, date: '2025-02-14', startTime: '05:00', …}
 AvailabilityService - Slot válido encontrado: {start: '05:00', end: '06:00', court: 'Pista 1', price: 45}
 AvailabilityService - Calculando precio: {courtName: 'Pista 1', durationInMinutes: 60, basePrice: 45, date: '2025-02-14', startTime: '05:30', …}
 AvailabilityService - Slot válido encontrado: {start: '05:30', end: '06:30', court: 'Pista 1', price: 45}
 AvailabilityService - Calculando precio: {courtName: 'Pista 1', durationInMinutes: 60, basePrice: 45, date: '2025-02-14', startTime: '06:00', …}
 AvailabilityService - Slot válido encontrado: {start: '06:00', end: '07:00', court: 'Pista 1', price: 45}
 AvailabilityService - Calculando precio: {courtName: 'Pista 1', durationInMinutes: 60, basePrice: 45, date: '2025-02-14', startTime: '06:30', …}
 AvailabilityService - Slot válido encontrado: {start: '06:30', end: '07:30', court: 'Pista 1', price: 45}
 AvailabilityService - Calculando precio: {courtName: 'Pista 1', durationInMinutes: 60, basePrice: 45, date: '2025-02-14', startTime: '07:00', …}
 AvailabilityService - Slot válido encontrado: {start: '07:00', end: '08:00', court: 'Pista 1', price: 45}
 AvailabilityService - Calculando precio: {courtName: 'Pista 1', durationInMinutes: 60, basePrice: 45, date: '2025-02-14', startTime: '07:30', …}
 AvailabilityService - Slot válido encontrado: {start: '07:30', end: '08:30', court: 'Pista 1', price: 45}
 AvailabilityService - Calculando precio: {courtName: 'Pista 1', durationInMinutes: 60, basePrice: 45, date: '2025-02-14', startTime: '08:00', …}
 AvailabilityService - Slot válido encontrado: {start: '08:00', end: '09:00', court: 'Pista 1', price: 45}
 AvailabilityService - Calculando precio: {courtName: 'Pista 1', durationInMinutes: 60, basePrice: 45, date: '2025-02-14', startTime: '08:30', …}
 AvailabilityService - Slot válido encontrado: {start: '08:30', end: '09:30', court: 'Pista 1', price: 45}
 AvailabilityService - Calculando precio: {courtName: 'Pista 1', durationInMinutes: 60, basePrice: 45, date: '2025-02-14', startTime: '09:00', …}
 AvailabilityService - Slot válido encontrado: {start: '09:00', end: '10:00', court: 'Pista 1', price: 45}
 AvailabilityService - Calculando precio: {courtName: 'Pista 1', durationInMinutes: 60, basePrice: 45, date: '2025-02-14', startTime: '09:30', …}
 AvailabilityService - Slot válido encontrado: {start: '09:30', end: '10:30', court: 'Pista 1', price: 45}
 AvailabilityService - Calculando precio: {courtName: 'Pista 1', durationInMinutes: 60, basePrice: 45, date: '2025-02-14', startTime: '10:00', …}
 AvailabilityService - Slot válido encontrado: {start: '10:00', end: '11:00', court: 'Pista 1', price: 45}
 AvailabilityService - Calculando precio: {courtName: 'Pista 1', durationInMinutes: 60, basePrice: 45, date: '2025-02-14', startTime: '10:30', …}
 AvailabilityService - Slot válido encontrado: {start: '10:30', end: '11:30', court: 'Pista 1', price: 45}
 AvailabilityService - Calculando precio: {courtName: 'Pista 1', durationInMinutes: 60, basePrice: 45, date: '2025-02-14', startTime: '11:00', …}
 AvailabilityService - Slot válido encontrado: {start: '11:00', end: '12:00', court: 'Pista 1', price: 45}
 AvailabilityService - Calculando precio: {courtName: 'Pista 1', durationInMinutes: 60, basePrice: 45, date: '2025-02-14', startTime: '11:30', …}
 AvailabilityService - Slot válido encontrado: {start: '11:30', end: '12:30', court: 'Pista 1', price: 45}
 AvailabilityService - Calculando precio: {courtName: 'Pista 1', durationInMinutes: 60, basePrice: 45, date: '2025-02-14', startTime: '12:00', …}
 AvailabilityService - Slot válido encontrado: {start: '12:00', end: '13:00', court: 'Pista 1', price: 45}
 AvailabilityService - Calculando precio: {courtName: 'Pista 1', durationInMinutes: 60, basePrice: 45, date: '2025-02-14', startTime: '12:30', …}
 AvailabilityService - Slot válido encontrado: {start: '12:30', end: '13:30', court: 'Pista 1', price: 45}
 AvailabilityService - Calculando precio: {courtName: 'Pista 1', durationInMinutes: 60, basePrice: 45, date: '2025-02-14', startTime: '13:00', …}
 AvailabilityService - Slot válido encontrado: {start: '13:00', end: '14:00', court: 'Pista 1', price: 45}
 AvailabilityService - Calculando precio: {courtName: 'Pista 1', durationInMinutes: 60, basePrice: 45, date: '2025-02-14', startTime: '13:30', …}
 AvailabilityService - Slot válido encontrado: {start: '13:30', end: '14:30', court: 'Pista 1', price: 45}
 AvailabilityService - Calculando precio: {courtName: 'Pista 1', durationInMinutes: 60, basePrice: 45, date: '2025-02-14', startTime: '14:00', …}
 AvailabilityService - Slot válido encontrado: {start: '14:00', end: '15:00', court: 'Pista 1', price: 45}
 AvailabilityService - Calculando precio: {courtName: 'Pista 1', durationInMinutes: 60, basePrice: 45, date: '2025-02-14', startTime: '14:30', …}
 AvailabilityService - Slot válido encontrado: {start: '14:30', end: '15:30', court: 'Pista 1', price: 45}
 AvailabilityService - Calculando precio: {courtName: 'Pista 1', durationInMinutes: 60, basePrice: 54, date: '2025-02-14', startTime: '15:00', …}
 AvailabilityService - Slot válido encontrado: {start: '15:00', end: '16:00', court: 'Pista 1', price: 54}
 AvailabilityService - Calculando precio: {courtName: 'Pista 1', durationInMinutes: 60, basePrice: 54, date: '2025-02-14', startTime: '15:30', …}
 AvailabilityService - Slot válido encontrado: {start: '15:30', end: '16:30', court: 'Pista 1', price: 54}
 AvailabilityService - Calculando precio: {courtName: 'Pista 1', durationInMinutes: 60, basePrice: 54, date: '2025-02-14', startTime: '16:00', …}
 AvailabilityService - Slot válido encontrado: {start: '16:00', end: '17:00', court: 'Pista 1', price: 54}
 AvailabilityService - Calculando precio: {courtName: 'Pista 1', durationInMinutes: 60, basePrice: 54, date: '2025-02-14', startTime: '16:30', …}
 AvailabilityService - Slot válido encontrado: {start: '16:30', end: '17:30', court: 'Pista 1', price: 54}
 AvailabilityService - Calculando precio: {courtName: 'Pista 1', durationInMinutes: 60, basePrice: 54, date: '2025-02-14', startTime: '17:00', …}
 AvailabilityService - Slot válido encontrado: {start: '17:00', end: '18:00', court: 'Pista 1', price: 54}
 AvailabilityService - Calculando precio: {courtName: 'Pista 1', durationInMinutes: 60, basePrice: 54, date: '2025-02-14', startTime: '17:30', …}
 AvailabilityService - Slot válido encontrado: {start: '17:30', end: '18:30', court: 'Pista 1', price: 54}
 AvailabilityService - Calculando precio: {courtName: 'Pista 1', durationInMinutes: 60, basePrice: 54, date: '2025-02-14', startTime: '18:00', …}
 AvailabilityService - Slot válido encontrado: {start: '18:00', end: '19:00', court: 'Pista 1', price: 54}
 AvailabilityService - Calculando precio: {courtName: 'Pista 1', durationInMinutes: 60, basePrice: 54, date: '2025-02-14', startTime: '18:30', …}
 AvailabilityService - Slot válido encontrado: {start: '18:30', end: '19:30', court: 'Pista 1', price: 54}
 AvailabilityService - Calculando precio: {courtName: 'Pista 1', durationInMinutes: 60, basePrice: 54, date: '2025-02-14', startTime: '19:00', …}
 AvailabilityService - Slot válido encontrado: {start: '19:00', end: '20:00', court: 'Pista 1', price: 54}
 AvailabilityService - Calculando precio: {courtName: 'Pista 1', durationInMinutes: 60, basePrice: 54, date: '2025-02-14', startTime: '19:30', …}
 AvailabilityService - Slot válido encontrado: {start: '19:30', end: '20:30', court: 'Pista 1', price: 54}
 AvailabilityService - Calculando precio: {courtName: 'Pista 1', durationInMinutes: 60, basePrice: 54, date: '2025-02-14', startTime: '20:00', …}
 AvailabilityService - Slot válido encontrado: {start: '20:00', end: '21:00', court: 'Pista 1', price: 54}
 AvailabilityService - Calculando precio: {courtName: 'Pista 1', durationInMinutes: 60, basePrice: 54, date: '2025-02-14', startTime: '20:30', …}
 AvailabilityService - Slot válido encontrado: {start: '20:30', end: '21:30', court: 'Pista 1', price: 54}
 AvailabilityService - Calculando precio: {courtName: 'Pista 1', durationInMinutes: 60, basePrice: 54, date: '2025-02-14', startTime: '21:00', …}
 AvailabilityService - Slot válido encontrado: {start: '21:00', end: '22:00', court: 'Pista 1', price: 54}
 AvailabilityService - Calculando precio: {courtName: 'Pista 1', durationInMinutes: 60, basePrice: 54, date: '2025-02-14', startTime: '21:30', …}
 AvailabilityService - Slot válido encontrado: {start: '21:30', end: '22:30', court: 'Pista 1', price: 54}
 AvailabilityService - Calculando precio: {courtName: 'Pista 1', durationInMinutes: 60, basePrice: 45, date: '2025-02-14', startTime: '22:00', …}
 AvailabilityService - Slot válido encontrado: {start: '22:00', end: '23:00', court: 'Pista 1', price: 45}
 AvailabilityService - Total slots generados para Pista 1: {totalSlots: 35, durationInMinutes: 60}
 AvailabilityService - Slots generados para Pista 1: (35) [{…}, {…}, {…}, {…}, {…}, {…}, {…}, {…}, {…}, {…}, {…}, {…}, {…}, {…}, {…}, {…}, {…}, {…}, {…}, {…}, {…}, {…}, {…}, {…}, {…}, {…}, {…}, {…}, {…}, {…}, {…}, {…}, {…}, {…}, {…}]
 AvailabilityService - Calculando precio: {courtName: 'Pista 1', durationInMinutes: 60, basePrice: 45, date: '2025-02-14', startTime: '05:00', …}
 AvailabilityService - Agregando slot con precio: {court: 'Pista 1', start: '05:00', end: '06:00', price: 45, durationInMinutes: 60}
 AvailabilityService - Calculando precio: {courtName: 'Pista 1', durationInMinutes: 60, basePrice: 45, date: '2025-02-14', startTime: '05:30', …}
 AvailabilityService - Agregando slot con precio: {court: 'Pista 1', start: '05:30', end: '06:30', price: 45, durationInMinutes: 60}
 AvailabilityService - Calculando precio: {courtName: 'Pista 1', durationInMinutes: 60, basePrice: 45, date: '2025-02-14', startTime: '06:00', …}
 AvailabilityService - Agregando slot con precio: {court: 'Pista 1', start: '06:00', end: '07:00', price: 45, durationInMinutes: 60}
 AvailabilityService - Calculando precio: {courtName: 'Pista 1', durationInMinutes: 60, basePrice: 45, date: '2025-02-14', startTime: '06:30', …}
 AvailabilityService - Agregando slot con precio: {court: 'Pista 1', start: '06:30', end: '07:30', price: 45, durationInMinutes: 60}
 AvailabilityService - Calculando precio: {courtName: 'Pista 1', durationInMinutes: 60, basePrice: 45, date: '2025-02-14', startTime: '07:00', …}
 AvailabilityService - Agregando slot con precio: {court: 'Pista 1', start: '07:00', end: '08:00', price: 45, durationInMinutes: 60}
 AvailabilityService - Calculando precio: {courtName: 'Pista 1', durationInMinutes: 60, basePrice: 45, date: '2025-02-14', startTime: '07:30', …}
 AvailabilityService - Agregando slot con precio: {court: 'Pista 1', start: '07:30', end: '08:30', price: 45, durationInMinutes: 60}
 AvailabilityService - Calculando precio: {courtName: 'Pista 1', durationInMinutes: 60, basePrice: 45, date: '2025-02-14', startTime: '08:00', …}
 AvailabilityService - Agregando slot con precio: {court: 'Pista 1', start: '08:00', end: '09:00', price: 45, durationInMinutes: 60}
 AvailabilityService - Calculando precio: {courtName: 'Pista 1', durationInMinutes: 60, basePrice: 45, date: '2025-02-14', startTime: '08:30', …}
 AvailabilityService - Agregando slot con precio: {court: 'Pista 1', start: '08:30', end: '09:30', price: 45, durationInMinutes: 60}
 AvailabilityService - Calculando precio: {courtName: 'Pista 1', durationInMinutes: 60, basePrice: 45, date: '2025-02-14', startTime: '09:00', …}
 AvailabilityService - Agregando slot con precio: {court: 'Pista 1', start: '09:00', end: '10:00', price: 45, durationInMinutes: 60}
availability.service.ts:157 AvailabilityService - Calculando precio: {courtName: 'Pista 1', durationInMinutes: 60, basePrice: 45, date: '2025-02-14', startTime: '09:30', …}
availability.service.ts:534 AvailabilityService - Agregando slot con precio: {court: 'Pista 1', start: '09:30', end: '10:30', price: 45, durationInMinutes: 60}
availability.service.ts:157 AvailabilityService - Calculando precio: {courtName: 'Pista 1', durationInMinutes: 60, basePrice: 45, date: '2025-02-14', startTime: '10:00', …}
availability.service.ts:534 AvailabilityService - Agregando slot con precio: {court: 'Pista 1', start: '10:00', end: '11:00', price: 45, durationInMinutes: 60}
availability.service.ts:157 AvailabilityService - Calculando precio: {courtName: 'Pista 1', durationInMinutes: 60, basePrice: 45, date: '2025-02-14', startTime: '10:30', …}
availability.service.ts:534 AvailabilityService - Agregando slot con precio: {court: 'Pista 1', start: '10:30', end: '11:30', price: 45, durationInMinutes: 60}
availability.service.ts:157 AvailabilityService - Calculando precio: {courtName: 'Pista 1', durationInMinutes: 60, basePrice: 45, date: '2025-02-14', startTime: '11:00', …}
availability.service.ts:534 AvailabilityService - Agregando slot con precio: {court: 'Pista 1', start: '11:00', end: '12:00', price: 45, durationInMinutes: 60}
availability.service.ts:157 AvailabilityService - Calculando precio: {courtName: 'Pista 1', durationInMinutes: 60, basePrice: 45, date: '2025-02-14', startTime: '11:30', …}
availability.service.ts:534 AvailabilityService - Agregando slot con precio: {court: 'Pista 1', start: '11:30', end: '12:30', price: 45, durationInMinutes: 60}
availability.service.ts:157 AvailabilityService - Calculando precio: {courtName: 'Pista 1', durationInMinutes: 60, basePrice: 45, date: '2025-02-14', startTime: '12:00', …}
availability.service.ts:534 AvailabilityService - Agregando slot con precio: {court: 'Pista 1', start: '12:00', end: '13:00', price: 45, durationInMinutes: 60}
availability.service.ts:157 AvailabilityService - Calculando precio: {courtName: 'Pista 1', durationInMinutes: 60, basePrice: 45, date: '2025-02-14', startTime: '12:30', …}
availability.service.ts:534 AvailabilityService - Agregando slot con precio: {court: 'Pista 1', start: '12:30', end: '13:30', price: 45, durationInMinutes: 60}
availability.service.ts:157 AvailabilityService - Calculando precio: {courtName: 'Pista 1', durationInMinutes: 60, basePrice: 45, date: '2025-02-14', startTime: '13:00', …}
availability.service.ts:534 AvailabilityService - Agregando slot con precio: {court: 'Pista 1', start: '13:00', end: '14:00', price: 45, durationInMinutes: 60}
availability.service.ts:157 AvailabilityService - Calculando precio: {courtName: 'Pista 1', durationInMinutes: 60, basePrice: 45, date: '2025-02-14', startTime: '13:30', …}
availability.service.ts:534 AvailabilityService - Agregando slot con precio: {court: 'Pista 1', start: '13:30', end: '14:30', price: 45, durationInMinutes: 60}
availability.service.ts:157 AvailabilityService - Calculando precio: {courtName: 'Pista 1', durationInMinutes: 60, basePrice: 45, date: '2025-02-14', startTime: '14:00', …}
availability.service.ts:534 AvailabilityService - Agregando slot con precio: {court: 'Pista 1', start: '14:00', end: '15:00', price: 45, durationInMinutes: 60}
availability.service.ts:157 AvailabilityService - Calculando precio: {courtName: 'Pista 1', durationInMinutes: 60, basePrice: 45, date: '2025-02-14', startTime: '14:30', …}
availability.service.ts:534 AvailabilityService - Agregando slot con precio: {court: 'Pista 1', start: '14:30', end: '15:30', price: 45, durationInMinutes: 60}
availability.service.ts:157 AvailabilityService - Calculando precio: {courtName: 'Pista 1', durationInMinutes: 60, basePrice: 54, date: '2025-02-14', startTime: '15:00', …}
availability.service.ts:534 AvailabilityService - Agregando slot con precio: {court: 'Pista 1', start: '15:00', end: '16:00', price: 54, durationInMinutes: 60}
availability.service.ts:157 AvailabilityService - Calculando precio: {courtName: 'Pista 1', durationInMinutes: 60, basePrice: 54, date: '2025-02-14', startTime: '15:30', …}
availability.service.ts:534 AvailabilityService - Agregando slot con precio: {court: 'Pista 1', start: '15:30', end: '16:30', price: 54, durationInMinutes: 60}
availability.service.ts:157 AvailabilityService - Calculando precio: {courtName: 'Pista 1', durationInMinutes: 60, basePrice: 54, date: '2025-02-14', startTime: '16:00', …}
availability.service.ts:534 AvailabilityService - Agregando slot con precio: {court: 'Pista 1', start: '16:00', end: '17:00', price: 54, durationInMinutes: 60}
availability.service.ts:157 AvailabilityService - Calculando precio: {courtName: 'Pista 1', durationInMinutes: 60, basePrice: 54, date: '2025-02-14', startTime: '16:30', …}
availability.service.ts:534 AvailabilityService - Agregando slot con precio: {court: 'Pista 1', start: '16:30', end: '17:30', price: 54, durationInMinutes: 60}
availability.service.ts:157 AvailabilityService - Calculando precio: {courtName: 'Pista 1', durationInMinutes: 60, basePrice: 54, date: '2025-02-14', startTime: '17:00', …}
availability.service.ts:534 AvailabilityService - Agregando slot con precio: {court: 'Pista 1', start: '17:00', end: '18:00', price: 54, durationInMinutes: 60}
availability.service.ts:157 AvailabilityService - Calculando precio: {courtName: 'Pista 1', durationInMinutes: 60, basePrice: 54, date: '2025-02-14', startTime: '17:30', …}
availability.service.ts:534 AvailabilityService - Agregando slot con precio: {court: 'Pista 1', start: '17:30', end: '18:30', price: 54, durationInMinutes: 60}
availability.service.ts:157 AvailabilityService - Calculando precio: {courtName: 'Pista 1', durationInMinutes: 60, basePrice: 54, date: '2025-02-14', startTime: '18:00', …}
availability.service.ts:534 AvailabilityService - Agregando slot con precio: {court: 'Pista 1', start: '18:00', end: '19:00', price: 54, durationInMinutes: 60}
availability.service.ts:157 AvailabilityService - Calculando precio: {courtName: 'Pista 1', durationInMinutes: 60, basePrice: 54, date: '2025-02-14', startTime: '18:30', …}
availability.service.ts:534 AvailabilityService - Agregando slot con precio: {court: 'Pista 1', start: '18:30', end: '19:30', price: 54, durationInMinutes: 60}
availability.service.ts:157 AvailabilityService - Calculando precio: {courtName: 'Pista 1', durationInMinutes: 60, basePrice: 54, date: '2025-02-14', startTime: '19:00', …}
availability.service.ts:534 AvailabilityService - Agregando slot con precio: {court: 'Pista 1', start: '19:00', end: '20:00', price: 54, durationInMinutes: 60}
availability.service.ts:157 AvailabilityService - Calculando precio: {courtName: 'Pista 1', durationInMinutes: 60, basePrice: 54, date: '2025-02-14', startTime: '19:30', …}
availability.service.ts:534 AvailabilityService - Agregando slot con precio: {court: 'Pista 1', start: '19:30', end: '20:30', price: 54, durationInMinutes: 60}
availability.service.ts:157 AvailabilityService - Calculando precio: {courtName: 'Pista 1', durationInMinutes: 60, basePrice: 54, date: '2025-02-14', startTime: '20:00', …}
availability.service.ts:534 AvailabilityService - Agregando slot con precio: {court: 'Pista 1', start: '20:00', end: '21:00', price: 54, durationInMinutes: 60}
availability.service.ts:157 AvailabilityService - Calculando precio: {courtName: 'Pista 1', durationInMinutes: 60, basePrice: 54, date: '2025-02-14', startTime: '20:30', …}
availability.service.ts:534 AvailabilityService - Agregando slot con precio: {court: 'Pista 1', start: '20:30', end: '21:30', price: 54, durationInMinutes: 60}
availability.service.ts:157 AvailabilityService - Calculando precio: {courtName: 'Pista 1', durationInMinutes: 60, basePrice: 54, date: '2025-02-14', startTime: '21:00', …}
availability.service.ts:534 AvailabilityService - Agregando slot con precio: {court: 'Pista 1', start: '21:00', end: '22:00', price: 54, durationInMinutes: 60}
availability.service.ts:157 AvailabilityService - Calculando precio: {courtName: 'Pista 1', durationInMinutes: 60, basePrice: 54, date: '2025-02-14', startTime: '21:30', …}
availability.service.ts:534 AvailabilityService - Agregando slot con precio: {court: 'Pista 1', start: '21:30', end: '22:30', price: 54, durationInMinutes: 60}
availability.service.ts:157 AvailabilityService - Calculando precio: {courtName: 'Pista 1', durationInMinutes: 60, basePrice: 45, date: '2025-02-14', startTime: '22:00', …}
availability.service.ts:534 AvailabilityService - Agregando slot con precio: {court: 'Pista 1', start: '22:00', end: '23:00', price: 45, durationInMinutes: 60}
availability.service.ts:561 AvailabilityService - findAvailableSlots - slots encontrados: {total: 140, slotsConPrecios: Array(140)}
useAvailability.ts:50 useAvailability - Slots obtenidos: {cantidad: 140, params: {…}, primerSlot: {…}}
index.mjs:174 You're attempting to animate multiple children within AnimatePresence, but its mode is set to "wait". This will lead to odd visual behaviour.
AnimatePresence @ index.mjs:174
renderWithHooks @ react-dom.development.js:11121
updateFunctionComponent @ react-dom.development.js:16290
beginWork$1 @ react-dom.development.js:18472
beginWork @ react-dom.development.js:26927
performUnitOfWork @ react-dom.development.js:25748
workLoopSync @ react-dom.development.js:25464
renderRootSync @ react-dom.development.js:25419
performConcurrentWorkOnRoot @ react-dom.development.js:24504
workLoop @ scheduler.development.js:256
flushWork @ scheduler.development.js:225
performWorkUntilDeadline @ scheduler.development.js:534
index.mjs:174 You're attempting to animate multiple children within AnimatePresence, but its mode is set to "wait". This will lead to odd visual behaviour.
AnimatePresence @ index.mjs:174
renderWithHooksAgain @ react-dom.development.js:11272
renderWithHooks @ react-dom.development.js:11135
updateFunctionComponent @ react-dom.development.js:16290
beginWork$1 @ react-dom.development.js:18472
beginWork @ react-dom.development.js:26927
performUnitOfWork @ react-dom.development.js:25748
workLoopSync @ react-dom.development.js:25464
renderRootSync @ react-dom.development.js:25419
performConcurrentWorkOnRoot @ react-dom.development.js:24504
workLoop @ scheduler.development.js:256
flushWork @ scheduler.development.js:225
performWorkUntilDeadline @ scheduler.development.js:534
ShiftsPreview.tsx:416 ShiftsPreview - Estado: {loadingSlots: false, slotsLength: 140, error: null, params: {…}}
preview-to-public.ts:205 [StepType] Normalizando tipo: {original: 'court', systemType: 'shifts', hasMapping: true}
preview-to-public.ts:205 [StepType] Normalizando tipo: {original: 'court', systemType: 'shifts', hasMapping: true}
PublicFormLayout.tsx:38 [PublicFormLayout] Renderizando con: {currentStep: 1, fieldType: 'court', slug: 'formulario-03', isNextDisabled: false, showNextButton: true, …}
PublicFormLayout.tsx:38 [PublicFormLayout] Renderizando con: {currentStep: 1, fieldType: 'court', slug: 'formulario-03', isNextDisabled: false, showNextButton: true, …}
preview-to-public.ts:205 [StepType] Normalizando tipo: {original: 'shifts', systemType: 'shifts', hasMapping: false}
preview-to-public.ts:261 [ComponentMapper] Mapeando componente: {originalType: 'shifts', systemType: 'shifts', availableTypes: Array(6)}
preview-to-public.ts:274 [ComponentMapper] Componente encontrado: {originalType: 'shifts', systemType: 'shifts', component: 'ShiftsPreview'}
preview-to-public.ts:205 [StepType] Normalizando tipo: {original: 'shifts', systemType: 'shifts', hasMapping: false}
preview-to-public.ts:261 [ComponentMapper] Mapeando componente: {originalType: 'shifts', systemType: 'shifts', availableTypes: Array(6)}
preview-to-public.ts:274 [ComponentMapper] Componente encontrado: {originalType: 'shifts', systemType: 'shifts', component: 'ShiftsPreview'}
index.mjs:174 You're attempting to animate multiple children within AnimatePresence, but its mode is set to "wait". This will lead to odd visual behaviour.
AnimatePresence @ index.mjs:174
renderWithHooks @ react-dom.development.js:11121
updateFunctionComponent @ react-dom.development.js:16290
beginWork$1 @ react-dom.development.js:18472
beginWork @ react-dom.development.js:26927
performUnitOfWork @ react-dom.development.js:25748
workLoopSync @ react-dom.development.js:25464
renderRootSync @ react-dom.development.js:25419
performSyncWorkOnRoot @ react-dom.development.js:24887
flushSyncWorkAcrossRoots_impl @ react-dom.development.js:7758
flushSyncWorkOnAllRoots @ react-dom.development.js:7718
processRootScheduleInMicrotask @ react-dom.development.js:7863
eval @ react-dom.development.js:8034
index.mjs:174 You're attempting to animate multiple children within AnimatePresence, but its mode is set to "wait". This will lead to odd visual behaviour.
AnimatePresence @ index.mjs:174
renderWithHooksAgain @ react-dom.development.js:11272
renderWithHooks @ react-dom.development.js:11135
updateFunctionComponent @ react-dom.development.js:16290
beginWork$1 @ react-dom.development.js:18472
beginWork @ react-dom.development.js:26927
performUnitOfWork @ react-dom.development.js:25748
workLoopSync @ react-dom.development.js:25464
renderRootSync @ react-dom.development.js:25419
performSyncWorkOnRoot @ react-dom.development.js:24887
flushSyncWorkAcrossRoots_impl @ react-dom.development.js:7758
flushSyncWorkOnAllRoots @ react-dom.development.js:7718
processRootScheduleInMicrotask @ react-dom.development.js:7863
eval @ react-dom.development.js:8034
index.mjs:174 You're attempting to animate multiple children within AnimatePresence, but its mode is set to "wait". This will lead to odd visual behaviour.
AnimatePresence @ index.mjs:174
renderWithHooks @ react-dom.development.js:11121
updateFunctionComponent @ react-dom.development.js:16290
beginWork$1 @ react-dom.development.js:18472
beginWork @ react-dom.development.js:26927
performUnitOfWork @ react-dom.development.js:25748
workLoopSync @ react-dom.development.js:25464
renderRootSync @ react-dom.development.js:25419
performSyncWorkOnRoot @ react-dom.development.js:24887
flushSyncWorkAcrossRoots_impl @ react-dom.development.js:7758
flushSyncWorkOnAllRoots @ react-dom.development.js:7718
processRootScheduleInMicrotask @ react-dom.development.js:7863
eval @ react-dom.development.js:8034
index.mjs:174 You're attempting to animate multiple children within AnimatePresence, but its mode is set to "wait". This will lead to odd visual behaviour.
AnimatePresence @ index.mjs:174
renderWithHooksAgain @ react-dom.development.js:11272
renderWithHooks @ react-dom.development.js:11135
updateFunctionComponent @ react-dom.development.js:16290
beginWork$1 @ react-dom.development.js:18472
beginWork @ react-dom.development.js:26927
performUnitOfWork @ react-dom.development.js:25748
workLoopSync @ react-dom.development.js:25464
renderRootSync @ react-dom.development.js:25419
performSyncWorkOnRoot @ react-dom.development.js:24887
flushSyncWorkAcrossRoots_impl @ react-dom.development.js:7758
flushSyncWorkOnAllRoots @ react-dom.development.js:7718
processRootScheduleInMicrotask @ react-dom.development.js:7863
eval @ react-dom.development.js:8034
PublicFormContent.tsx:52 [Navigation] Iniciando navegación: {from: 'shifts', currentType: 'shifts', currentStep: 1, nextStep: 2, hasNextField: true, …}
preview-to-public.ts:205 [StepType] Normalizando tipo: {original: 'shifts', systemType: 'shifts', hasMapping: false}
preview-to-public.ts:205 [StepType] Normalizando tipo: {original: 'items', systemType: 'items', hasMapping: false}
preview-to-public.ts:219 [StepOrder] Validando orden: {currentType: 'shifts', nextType: 'items', STEP_ORDER: Array(6), totalSteps: 6}
preview-to-public.ts:246 [StepOrder] Resultado de validación: {currentOrder: 2, nextOrder: 3, isValid: true, isSummaryToFarewell: false}
PublicFormContent.tsx:68 [Navigation] Iniciando navegación: {from: 'court', currentType: 'shifts', currentStep: 1, nextStep: 2, hasNextField: true}
PublicFormContent.tsx:78 [Navigation] Navegación completada al paso: 2
preview-to-public.ts:205 [StepType] Normalizando tipo: {original: 'players', systemType: 'items', hasMapping: true}
preview-to-public.ts:205 [StepType] Normalizando tipo: {original: 'players', systemType: 'items', hasMapping: true}
PublicFormLayout.tsx:38 [PublicFormLayout] Renderizando con: {currentStep: 2, fieldType: 'players', slug: 'formulario-03', isNextDisabled: false, showNextButton: true, …}
PublicFormLayout.tsx:38 [PublicFormLayout] Renderizando con: {currentStep: 2, fieldType: 'players', slug: 'formulario-03', isNextDisabled: false, showNextButton: true, …}
preview-to-public.ts:205 [StepType] Normalizando tipo: {original: 'items', systemType: 'items', hasMapping: false}
preview-to-public.ts:261 [ComponentMapper] Mapeando componente: {originalType: 'items', systemType: 'items', availableTypes: Array(6)}
preview-to-public.ts:274 [ComponentMapper] Componente encontrado: {originalType: 'items', systemType: 'items', component: 'ItemsPreview'}
preview-to-public.ts:205 [StepType] Normalizando tipo: {original: 'items', systemType: 'items', hasMapping: false}
preview-to-public.ts:261 [ComponentMapper] Mapeando componente: {originalType: 'items', systemType: 'items', availableTypes: Array(6)}
preview-to-public.ts:274 [ComponentMapper] Componente encontrado: {originalType: 'items', systemType: 'items', component: 'ItemsPreview'}
index.mjs:174 You're attempting to animate multiple children within AnimatePresence, but its mode is set to "wait". This will lead to odd visual behaviour.
AnimatePresence @ index.mjs:174
renderWithHooks @ react-dom.development.js:11121
updateFunctionComponent @ react-dom.development.js:16290
beginWork$1 @ react-dom.development.js:18472
beginWork @ react-dom.development.js:26927
performUnitOfWork @ react-dom.development.js:25748
workLoopSync @ react-dom.development.js:25464
renderRootSync @ react-dom.development.js:25419
performSyncWorkOnRoot @ react-dom.development.js:24887
flushSyncWorkAcrossRoots_impl @ react-dom.development.js:7758
flushSyncWorkOnAllRoots @ react-dom.development.js:7718
processRootScheduleInMicrotask @ react-dom.development.js:7863
eval @ react-dom.development.js:8034
index.mjs:174 You're attempting to animate multiple children within AnimatePresence, but its mode is set to "wait". This will lead to odd visual behaviour.
AnimatePresence @ index.mjs:174
renderWithHooksAgain @ react-dom.development.js:11272
renderWithHooks @ react-dom.development.js:11135
updateFunctionComponent @ react-dom.development.js:16290
beginWork$1 @ react-dom.development.js:18472
beginWork @ react-dom.development.js:26927
performUnitOfWork @ react-dom.development.js:25748
workLoopSync @ react-dom.development.js:25464
renderRootSync @ react-dom.development.js:25419
performSyncWorkOnRoot @ react-dom.development.js:24887
flushSyncWorkAcrossRoots_impl @ react-dom.development.js:7758
flushSyncWorkOnAllRoots @ react-dom.development.js:7718
processRootScheduleInMicrotask @ react-dom.development.js:7863
eval @ react-dom.development.js:8034
PublicFormContent.tsx:32 [PublicFormContent] Estado actual: {currentStep: 2, totalSteps: 4, currentField: 'players', currentType: 'items', nextField: 'summary', …}
useItems.ts:15 🔍 Iniciando carga de artículos para sede: eb8139e9-261f-4912-bc32-9aa1d455ab15
useItems.ts:24 👉 Verificando existencia de la sede: eb8139e9-261f-4912-bc32-9aa1d455ab15
useItems.ts:41 ✅ Sede verificada: Sede 2
useItems.ts:44 👉 Obteniendo artículos de la sede
useItems.ts:62 ✅ 5 artículos encontrados
useItems.ts:83 Procesando precio por duración: {itemName: 'Artículo 1', duration: 60, price: 10}
useItems.ts:83 Procesando precio por duración: {itemName: 'Artículo 1', duration: 90, price: 16}
useItems.ts:95 Procesando duration_pricing para item: {itemName: 'Artículo 1', originalPricing: {…}, processedPricing: {…}, availableDurations: Array(2)}
useItems.ts:83 Procesando precio por duración: {itemName: 'Artículo 2', duration: 60, price: 12}
useItems.ts:83 Procesando precio por duración: {itemName: 'Artículo 2', duration: 90, price: 17}
useItems.ts:95 Procesando duration_pricing para item: {itemName: 'Artículo 2', originalPricing: {…}, processedPricing: {…}, availableDurations: Array(2)}
useItems.ts:83 Procesando precio por duración: {itemName: 'Artículo 3', duration: 30, price: 10}
useItems.ts:83 Procesando precio por duración: {itemName: 'Artículo 3', duration: 60, price: 12}
useItems.ts:83 Procesando precio por duración: {itemName: 'Artículo 3', duration: 90, price: 15}
useItems.ts:95 Procesando duration_pricing para item: {itemName: 'Artículo 3', originalPricing: {…}, processedPricing: {…}, availableDurations: Array(3)}
useItems.ts:83 Procesando precio por duración: {itemName: 'Artículo 4', duration: 30, price: 12}
useItems.ts:83 Procesando precio por duración: {itemName: 'Artículo 4', duration: 60, price: 10}
useItems.ts:83 Procesando precio por duración: {itemName: 'Artículo 4', duration: 90, price: 14.5}
useItems.ts:95 Procesando duration_pricing para item: {itemName: 'Artículo 4', originalPricing: {…}, processedPricing: {…}, availableDurations: Array(3)}
useItems.ts:83 Procesando precio por duración: {itemName: 'Artículo 5', duration: 60, price: 10}
useItems.ts:83 Procesando precio por duración: {itemName: 'Artículo 5', duration: 90, price: 14}
useItems.ts:95 Procesando duration_pricing para item: {itemName: 'Artículo 5', originalPricing: {…}, processedPricing: {…}, availableDurations: Array(2)}
useItems.ts:122 ✅ Datos transformados correctamente
ItemsPreview.tsx:261 ItemsPreview - Iniciando verificación de disponibilidad: {slotKey: '2025-02-14-06:30-07:30', itemsCount: 5}
bookingService.ts:403 📦 Stock base obtenido: {itemId: '19380ce9-78cc-473c-a9e0-b6c422415158', baseStock: 50, itemData: {…}}
bookingService.ts:409 🔄 Consultando get_available_stock con parámetros: {p_item_id: '19380ce9-78cc-473c-a9e0-b6c422415158', p_booking_date: '2025-02-14', p_start_time: '06:30', p_end_time: '07:30'}
bookingService.ts:403 📦 Stock base obtenido: {itemId: '5088e195-5053-4160-8997-4786ba61b873', baseStock: 17, itemData: {…}}
bookingService.ts:409 🔄 Consultando get_available_stock con parámetros: {p_item_id: '5088e195-5053-4160-8997-4786ba61b873', p_booking_date: '2025-02-14', p_start_time: '06:30', p_end_time: '07:30'}
bookingService.ts:403 📦 Stock base obtenido: {itemId: '8e76de4a-d5d0-4083-afee-581ecf0c9dc9', baseStock: 24, itemData: {…}}
bookingService.ts:409 🔄 Consultando get_available_stock con parámetros: {p_item_id: '8e76de4a-d5d0-4083-afee-581ecf0c9dc9', p_booking_date: '2025-02-14', p_start_time: '06:30', p_end_time: '07:30'}
bookingService.ts:403 📦 Stock base obtenido: {itemId: 'a54f254d-1cc4-40bd-bdad-3d182ebc304e', baseStock: 40, itemData: {…}}
bookingService.ts:409 🔄 Consultando get_available_stock con parámetros: {p_item_id: 'a54f254d-1cc4-40bd-bdad-3d182ebc304e', p_booking_date: '2025-02-14', p_start_time: '06:30', p_end_time: '07:30'}
bookingService.ts:403 📦 Stock base obtenido: {itemId: '61c7b47d-a093-4a9b-bacc-6f04b104d3ca', baseStock: 60, itemData: {…}}
bookingService.ts:409 🔄 Consultando get_available_stock con parámetros: {p_item_id: '61c7b47d-a093-4a9b-bacc-6f04b104d3ca', p_booking_date: '2025-02-14', p_start_time: '06:30', p_end_time: '07:30'}
ItemsPreview.tsx:153 [ItemsPreview] Actualizando cantidad: {itemId: 'a54f254d-1cc4-40bd-bdad-3d182ebc304e', newQuantity: 1}
preview-to-public.ts:205 [StepType] Normalizando tipo: {original: 'players', systemType: 'items', hasMapping: true}
preview-to-public.ts:205 [StepType] Normalizando tipo: {original: 'players', systemType: 'items', hasMapping: true}
PublicFormLayout.tsx:38 [PublicFormLayout] Renderizando con: {currentStep: 2, fieldType: 'players', slug: 'formulario-03', isNextDisabled: false, showNextButton: true, …}
PublicFormLayout.tsx:38 [PublicFormLayout] Renderizando con: {currentStep: 2, fieldType: 'players', slug: 'formulario-03', isNextDisabled: false, showNextButton: true, …}
preview-to-public.ts:205 [StepType] Normalizando tipo: {original: 'items', systemType: 'items', hasMapping: false}
preview-to-public.ts:261 [ComponentMapper] Mapeando componente: {originalType: 'items', systemType: 'items', availableTypes: Array(6)}
preview-to-public.ts:274 [ComponentMapper] Componente encontrado: {originalType: 'items', systemType: 'items', component: 'ItemsPreview'}
preview-to-public.ts:205 [StepType] Normalizando tipo: {original: 'items', systemType: 'items', hasMapping: false}
preview-to-public.ts:261 [ComponentMapper] Mapeando componente: {originalType: 'items', systemType: 'items', availableTypes: Array(6)}
preview-to-public.ts:274 [ComponentMapper] Componente encontrado: {originalType: 'items', systemType: 'items', component: 'ItemsPreview'}
ItemsPreview.tsx:153 [ItemsPreview] Actualizando cantidad: {itemId: 'a54f254d-1cc4-40bd-bdad-3d182ebc304e', newQuantity: 2}
preview-to-public.ts:205 [StepType] Normalizando tipo: {original: 'players', systemType: 'items', hasMapping: true}
preview-to-public.ts:205 [StepType] Normalizando tipo: {original: 'players', systemType: 'items', hasMapping: true}
PublicFormLayout.tsx:38 [PublicFormLayout] Renderizando con: {currentStep: 2, fieldType: 'players', slug: 'formulario-03', isNextDisabled: false, showNextButton: true, …}
PublicFormLayout.tsx:38 [PublicFormLayout] Renderizando con: {currentStep: 2, fieldType: 'players', slug: 'formulario-03', isNextDisabled: false, showNextButton: true, …}
preview-to-public.ts:205 [StepType] Normalizando tipo: {original: 'items', systemType: 'items', hasMapping: false}
preview-to-public.ts:261 [ComponentMapper] Mapeando componente: {originalType: 'items', systemType: 'items', availableTypes: Array(6)}
preview-to-public.ts:274 [ComponentMapper] Componente encontrado: {originalType: 'items', systemType: 'items', component: 'ItemsPreview'}
preview-to-public.ts:205 [StepType] Normalizando tipo: {original: 'items', systemType: 'items', hasMapping: false}
preview-to-public.ts:261 [ComponentMapper] Mapeando componente: {originalType: 'items', systemType: 'items', availableTypes: Array(6)}
preview-to-public.ts:274 [ComponentMapper] Componente encontrado: {originalType: 'items', systemType: 'items', component: 'ItemsPreview'}
PublicFormContent.tsx:52 [Navigation] Iniciando navegación: {from: 'items', currentType: 'items', currentStep: 2, nextStep: 3, hasNextField: true, …}
preview-to-public.ts:205 [StepType] Normalizando tipo: {original: 'items', systemType: 'items', hasMapping: false}
preview-to-public.ts:205 [StepType] Normalizando tipo: {original: 'summary', systemType: 'summary', hasMapping: true}
preview-to-public.ts:219 [StepOrder] Validando orden: {currentType: 'items', nextType: 'summary', STEP_ORDER: Array(6), totalSteps: 6}
preview-to-public.ts:246 [StepOrder] Resultado de validación: {currentOrder: 3, nextOrder: 4, isValid: true, isSummaryToFarewell: false}
PublicFormContent.tsx:68 [Navigation] Iniciando navegación: {from: 'players', currentType: 'items', currentStep: 2, nextStep: 3, hasNextField: true}
PublicFormContent.tsx:78 [Navigation] Navegación completada al paso: 3
preview-to-public.ts:205 [StepType] Normalizando tipo: {original: 'summary', systemType: 'summary', hasMapping: true}
preview-to-public.ts:205 [StepType] Normalizando tipo: {original: 'summary', systemType: 'summary', hasMapping: true}
PublicFormLayout.tsx:38 [PublicFormLayout] Renderizando con: {currentStep: 3, fieldType: 'summary', slug: 'formulario-03', isNextDisabled: false, showNextButton: true, …}
PublicFormLayout.tsx:38 [PublicFormLayout] Renderizando con: {currentStep: 3, fieldType: 'summary', slug: 'formulario-03', isNextDisabled: false, showNextButton: true, …}
preview-to-public.ts:205 [StepType] Normalizando tipo: {original: 'summary', systemType: 'summary', hasMapping: true}
preview-to-public.ts:261 [ComponentMapper] Mapeando componente: {originalType: 'summary', systemType: 'summary', availableTypes: Array(6)}
preview-to-public.ts:274 [ComponentMapper] Componente encontrado: {originalType: 'summary', systemType: 'summary', component: 'SummaryPreview'}
preview-to-public.ts:205 [StepType] Normalizando tipo: {original: 'summary', systemType: 'summary', hasMapping: true}
preview-to-public.ts:261 [ComponentMapper] Mapeando componente: {originalType: 'summary', systemType: 'summary', availableTypes: Array(6)}
preview-to-public.ts:274 [ComponentMapper] Componente encontrado: {originalType: 'summary', systemType: 'summary', component: 'SummaryPreview'}
PublicFormContent.tsx:32 [PublicFormContent] Estado actual: {currentStep: 3, totalSteps: 4, currentField: 'summary', currentType: 'summary', nextField: undefined, …}
SummaryPreview.tsx:117 [SummaryPreview] ID de empresa encontrado: 99f78081-24fa-4892-aae2-823816e7d132
useStoredCards.ts:39 [StoredCards] No hay cuenta de Stripe conectada: {stripeAccountId: null, isConnected: false}
useStoredCards.ts:39 [StoredCards] No hay cuenta de Stripe conectada: {stripeAccountId: null, isConnected: false}
useStripeConfig.ts:52 [StripeConfig] Iniciando búsqueda de configuración: {empresaId: '99f78081-24fa-4892-aae2-823816e7d132'}
StripeConfigContext.tsx:51 [StripeConfig] Iniciando búsqueda de configuración: {empresaId: '99f78081-24fa-4892-aae2-823816e7d132'}
StripeConfigContext.tsx:64 [StripeConfig] Configuración encontrada: {empresaId: '99f78081-24fa-4892-aae2-823816e7d132', stripeAccountId: 'acct_1QddDLC4oQv4vCtF', status: 'active', charges_enabled: true, is_active: true}
useStripeConfig.ts:66 [StripeConfig] Configuración encontrada: {empresaId: '99f78081-24fa-4892-aae2-823816e7d132', stripeAccountId: 'acct_1QddDLC4oQv4vCtF', status: 'active', charges_enabled: true, is_active: true}
v3:1 You may test your Stripe.js integration over HTTP. However, live Stripe.js integrations must use HTTPS.
value @ v3:1
e @ v3:1
Wd @ v3:1
initStripe @ index.mjs:132
eval @ index.mjs:171
Promise.then
loadStripe @ index.mjs:170
initStripe @ StripeProvider.tsx:28
eval @ StripeProvider.tsx:39
commitHookEffectListMount @ react-dom.development.js:21102
commitHookPassiveMountEffects @ react-dom.development.js:23154
commitPassiveMountOnFiber @ react-dom.development.js:23259
recursivelyTraversePassiveMountEffects @ react-dom.development.js:23237
commitPassiveMountOnFiber @ react-dom.development.js:23370
recursivelyTraversePassiveMountEffects @ react-dom.development.js:23237
commitPassiveMountOnFiber @ react-dom.development.js:23256
recursivelyTraversePassiveMountEffects @ react-dom.development.js:23237
commitPassiveMountOnFiber @ react-dom.development.js:23370
recursivelyTraversePassiveMountEffects @ react-dom.development.js:23237
commitPassiveMountOnFiber @ react-dom.development.js:23370
recursivelyTraversePassiveMountEffects @ react-dom.development.js:23237
commitPassiveMountOnFiber @ react-dom.development.js:23256
recursivelyTraversePassiveMountEffects @ react-dom.development.js:23237
commitPassiveMountOnFiber @ react-dom.development.js:23256
recursivelyTraversePassiveMountEffects @ react-dom.development.js:23237
commitPassiveMountOnFiber @ react-dom.development.js:23370
recursivelyTraversePassiveMountEffects @ react-dom.development.js:23237
commitPassiveMountOnFiber @ react-dom.development.js:23370
recursivelyTraversePassiveMountEffects @ react-dom.development.js:23237
commitPassiveMountOnFiber @ react-dom.development.js:23256
recursivelyTraversePassiveMountEffects @ react-dom.development.js:23237
commitPassiveMountOnFiber @ react-dom.development.js:23370
recursivelyTraversePassiveMountEffects @ react-dom.development.js:23237
commitPassiveMountOnFiber @ react-dom.development.js:23256
recursivelyTraversePassiveMountEffects @ react-dom.development.js:23237
commitPassiveMountOnFiber @ react-dom.development.js:23256
recursivelyTraversePassiveMountEffects @ react-dom.development.js:23237
commitPassiveMountOnFiber @ react-dom.development.js:23370
recursivelyTraversePassiveMountEffects @ react-dom.development.js:23237
commitPassiveMountOnFiber @ react-dom.development.js:23370
recursivelyTraversePassiveMountEffects @ react-dom.development.js:23237
commitPassiveMountOnFiber @ react-dom.development.js:23370
recursivelyTraversePassiveMountEffects @ react-dom.development.js:23237
commitPassiveMountOnFiber @ react-dom.development.js:23370
recursivelyTraversePassiveMountEffects @ react-dom.development.js:23237
commitPassiveMountOnFiber @ react-dom.development.js:23256
recursivelyTraversePassiveMountEffects @ react-dom.development.js:23237
commitPassiveMountOnFiber @ react-dom.development.js:23256
recursivelyTraversePassiveMountEffects @ react-dom.development.js:23237
commitPassiveMountOnFiber @ react-dom.development.js:23370
recursivelyTraversePassiveMountEffects @ react-dom.development.js:23237
commitPassiveMountOnFiber @ react-dom.development.js:23256
recursivelyTraversePassiveMountEffects @ react-dom.development.js:23237
commitPassiveMountOnFiber @ react-dom.development.js:23256
recursivelyTraversePassiveMountEffects @ react-dom.development.js:23237
commitPassiveMountOnFiber @ react-dom.development.js:23370
recursivelyTraversePassiveMountEffects @ react-dom.development.js:23237
commitPassiveMountOnFiber @ react-dom.development.js:23370
recursivelyTraversePassiveMountEffects @ react-dom.development.js:23237
commitPassiveMountOnFiber @ react-dom.development.js:23256
recursivelyTraversePassiveMountEffects @ react-dom.development.js:23237
commitPassiveMountOnFiber @ react-dom.development.js:23256
recursivelyTraversePassiveMountEffects @ react-dom.development.js:23237
commitPassiveMountOnFiber @ react-dom.development.js:23256
recursivelyTraversePassiveMountEffects @ react-dom.development.js:23237
commitPassiveMountOnFiber @ react-dom.development.js:23370
recursivelyTraversePassiveMountEffects @ react-dom.development.js:23237
commitPassiveMountOnFiber @ react-dom.development.js:23370
recursivelyTraversePassiveMountEffects @ react-dom.development.js:23237
commitPassiveMountOnFiber @ react-dom.development.js:23256
recursivelyTraversePassiveMountEffects @ react-dom.development.js:23237
commitPassiveMountOnFiber @ react-dom.development.js:23370
recursivelyTraversePassiveMountEffects @ react-dom.development.js:23237
commitPassiveMountOnFiber @ react-dom.development.js:23256
recursivelyTraversePassiveMountEffects @ react-dom.development.js:23237
commitPassiveMountOnFiber @ react-dom.development.js:23256
recursivelyTraversePassiveMountEffects @ react-dom.development.js:23237
commitPassiveMountOnFiber @ react-dom.development.js:23256
recursivelyTraversePassiveMountEffects @ react-dom.development.js:23237
commitPassiveMountOnFiber @ react-dom.development.js:23256
recursivelyTraversePassiveMountEffects @ react-dom.development.js:23237
commitPassiveMountOnFiber @ react-dom.development.js:23370
recursivelyTraversePassiveMountEffects @ react-dom.development.js:23237
commitPassiveMountOnFiber @ react-dom.development.js:23256
recursivelyTraversePassiveMountEffects @ react-dom.development.js:23237
commitPassiveMountOnFiber @ react-dom.development.js:23256
recursivelyTraversePassiveMountEffects @ react-dom.development.js:23237
commitPassiveMountOnFiber @ react-dom.development.js:23370
recursivelyTraversePassiveMountEffects @ react-dom.development.js:23237
commitPassiveMountOnFiber @ react-dom.development.js:23256
recursivelyTraversePassiveMountEffects @ react-dom.development.js:23237
commitPassiveMountOnFiber @ react-dom.development.js:23370
recursivelyTraversePassiveMountEffects @ react-dom.development.js:23237
commitPassiveMountOnFiber @ react-dom.development.js:23256
recursivelyTraversePassiveMountEffects @ react-dom.development.js:23237
commitPassiveMountOnFiber @ react-dom.development.js:23370
recursivelyTraversePassiveMountEffects @ react-dom.development.js:23237
commitPassiveMountOnFiber @ react-dom.development.js:23256
recursivelyTraversePassiveMountEffects @ react-dom.development.js:23237
commitPassiveMountOnFiber @ react-dom.development.js:23370
recursivelyTraversePassiveMountEffects @ react-dom.development.js:23237
commitPassiveMountOnFiber @ react-dom.development.js:23256
recursivelyTraversePassiveMountEffects @ react-dom.development.js:23237
commitPassiveMountOnFiber @ react-dom.development.js:23370
recursivelyTraversePassiveMountEffects @ react-dom.development.js:23237
commitPassiveMountOnFiber @ react-dom.development.js:23256
recursivelyTraversePassiveMountEffects @ react-dom.development.js:23237
commitPassiveMountOnFiber @ react-dom.development.js:23370
recursivelyTraversePassiveMountEffects @ react-dom.development.js:23237
commitPassiveMountOnFiber @ react-dom.development.js:23256
recursivelyTraversePassiveMountEffects @ react-dom.development.js:23237
commitPassiveMountOnFiber @ react-dom.development.js:23256
recursivelyTraversePassiveMountEffects @ react-dom.development.js:23237
commitPassiveMountOnFiber @ react-dom.development.js:23370
recursivelyTraversePassiveMountEffects @ react-dom.development.js:23237
commitPassiveMountOnFiber @ react-dom.development.js:23370
recursivelyTraversePassiveMountEffects @ react-dom.development.js:23237
commitPassiveMountOnFiber @ react-dom.development.js:23256
recursivelyTraversePassiveMountEffects @ react-dom.development.js:23237
commitPassiveMountOnFiber @ react-dom.development.js:23370
recursivelyTraversePassiveMountEffects @ react-dom.development.js:23237
commitPassiveMountOnFiber @ react-dom.development.js:23256
recursivelyTraversePassiveMountEffects @ react-dom.development.js:23237
commitPassiveMountOnFiber @ react-dom.development.js:23256
recursivelyTraversePassiveMountEffects @ react-dom.development.js:23237
commitPassiveMountOnFiber @ react-dom.development.js:23256
recursivelyTraversePassiveMountEffects @ react-dom.development.js:23237
commitPassiveMountOnFiber @ react-dom.development.js:23256
recursivelyTraversePassiveMountEffects @ react-dom.development.js:23237
commitPassiveMountOnFiber @ react-dom.development.js:23370
recursivelyTraversePassiveMountEffects @ react-dom.development.js:23237
commitPassiveMountOnFiber @ react-dom.development.js:23256
recursivelyTraversePassiveMountEffects @ react-dom.development.js:23237
commitPassiveMountOnFiber @ react-dom.development.js:23256
recursivelyTraversePassiveMountEffects @ react-dom.development.js:23237
commitPassiveMountOnFiber @ react-dom.development.js:23370
recursivelyTraversePassiveMountEffects @ react-dom.development.js:23237
commitPassiveMountOnFiber @ react-dom.development.js:23256
recursivelyTraversePassiveMountEffects @ react-dom.development.js:23237
commitPassiveMountOnFiber @ react-dom.development.js:23370
recursivelyTraversePassiveMountEffects @ react-dom.development.js:23237
commitPassiveMountOnFiber @ react-dom.development.js:23256
recursivelyTraversePassiveMountEffects @ react-dom.development.js:23237
commitPassiveMountOnFiber @ react-dom.development.js:23370
recursivelyTraversePassiveMountEffects @ react-dom.development.js:23237
commitPassiveMountOnFiber @ react-dom.development.js:23256
recursivelyTraversePassiveMountEffects @ react-dom.development.js:23237
commitPassiveMountOnFiber @ react-dom.development.js:23370
recursivelyTraversePassiveMountEffects @ react-dom.development.js:23237
commitPassiveMountOnFiber @ react-dom.development.js:23256
recursivelyTraversePassiveMountEffects @ react-dom.development.js:23237
commitPassiveMountOnFiber @ react-dom.development.js:23256
recursivelyTraversePassiveMountEffects @ react-dom.development.js:23237
commitPassiveMountOnFiber @ react-dom.development.js:23256
recursivelyTraversePassiveMountEffects @ react-dom.development.js:23237
commitPassiveMountOnFiber @ react-dom.development.js:23370
recursivelyTraversePassiveMountEffects @ react-dom.development.js:23237
commitPassiveMountOnFiber @ react-dom.development.js:23256
recursivelyTraversePassiveMountEffects @ react-dom.development.js:23237
commitPassiveMountOnFiber @ react-dom.development.js:23256
recursivelyTraversePassiveMountEffects @ react-dom.development.js:23237
commitPassiveMountOnFiber @ react-dom.development.js:23370
recursivelyTraversePassiveMountEffects @ react-dom.development.js:23237
commitPassiveMountOnFiber @ react-dom.development.js:23256
recursivelyTraversePassiveMountEffects @ react-dom.development.js:23237
commitPassiveMountOnFiber @ react-dom.development.js:23370
recursivelyTraversePassiveMountEffects @ react-dom.development.js:23237
commitPassiveMountOnFiber @ react-dom.development.js:23256
recursivelyTraversePassiveMountEffects @ react-dom.development.js:23237
commitPassiveMountOnFiber @ react-dom.development.js:23370
recursivelyTraversePassiveMountEffects @ react-dom.development.js:23237
commitPassiveMountOnFiber @ react-dom.development.js:23256
recursivelyTraversePassiveMountEffects @ react-dom.development.js:23237
commitPassiveMountOnFiber @ react-dom.development.js:23256
recursivelyTraversePassiveMountEffects @ react-dom.development.js:23237
commitPassiveMountOnFiber @ react-dom.development.js:23370
recursivelyTraversePassiveMountEffects @ react-dom.development.js:23237
commitPassiveMountOnFiber @ react-dom.development.js:23256
recursivelyTraversePassiveMountEffects @ react-dom.development.js:23237
commitPassiveMountOnFiber @ react-dom.development.js:23370
recursivelyTraversePassiveMountEffects @ react-dom.development.js:23237
commitPassiveMountOnFiber @ react-dom.development.js:23370
recursivelyTraversePassiveMountEffects @ react-dom.development.js:23237
commitPassiveMountOnFiber @ react-dom.development.js:23370
recursivelyTraversePassiveMountEffects @ react-dom.development.js:23237
commitPassiveMountOnFiber @ react-dom.development.js:23370
recursivelyTraversePassiveMountEffects @ react-dom.development.js:23237
commitPassiveMountOnFiber @ react-dom.development.js:23370
recursivelyTraversePassiveMountEffects @ react-dom.development.js:23237
commitPassiveMountOnFiber @ react-dom.development.js:23256
recursivelyTraversePassiveMountEffects @ react-dom.development.js:23237
commitPassiveMountOnFiber @ react-dom.development.js:23370
recursivelyTraversePassiveMountEffects @ react-dom.development.js:23237
commitPassiveMountOnFiber @ react-dom.development.js:23370
recursivelyTraversePassiveMountEffects @ react-dom.development.js:23237
commitPassiveMountOnFiber @ react-dom.development.js:23256
recursivelyTraversePassiveMountEffects @ react-dom.development.js:23237
commitPassiveMountOnFiber @ react-dom.development.js:23256
recursivelyTraversePassiveMountEffects @ react-dom.development.js:23237
commitPassiveMountOnFiber @ react-dom.development.js:23370
recursivelyTraversePassiveMountEffects @ react-dom.development.js:23237
commitPassiveMountOnFiber @ react-dom.development.js:23256
recursivelyTraversePassiveMountEffects @ react-dom.development.js:23237
commitPassiveMountOnFiber @ react-dom.development.js:23370
recursivelyTraversePassiveMountEffects @ react-dom.development.js:23237
commitPassiveMountOnFiber @ react-dom.development.js:23370
useStoredCards.ts:49 [StoredCards] 🔄 Iniciando carga de tarjetas: {stripeAccountId: 'acct_1QddDLC4oQv4vCtF', refreshTrigger: 0, retryCount: 0}
useStoredCards.ts:49 [StoredCards] 🔄 Iniciando carga de tarjetas: {stripeAccountId: 'acct_1QddDLC4oQv4vCtF', refreshTrigger: 0, retryCount: 0}
PaymentTypeModal.tsx:39 [PaymentTypeModal] Estado de conexión: {empresaId: '99f78081-24fa-4892-aae2-823816e7d132', isConnected: true, isLoading: false, error: null, stripeAccountId: 'acct_1QddDLC4oQv4vCtF'}
useStoredCards.ts:76 [StoredCards] ✅ Respuesta recibida: {paymentMethods: Array(4), count: 4, customerId: 'cus_RjaL8Q6gHjmJsw'}
useStoredCards.ts:98 [StoredCards] 💾 Estado actualizado: {cardCount: 4, lastUpdate: '2025-02-14T08:16:34.866Z', retryCount: 0}
useStoredCards.ts:76 [StoredCards] ✅ Respuesta recibida: {paymentMethods: Array(4), count: 4, customerId: 'cus_RjaL8Q6gHjmJsw'}
useStoredCards.ts:98 [StoredCards] 💾 Estado actualizado: {cardCount: 4, lastUpdate: '2025-02-14T08:16:34.894Z', retryCount: 0}
PaymentMethodModal.tsx:110 Propagando selección de tarjeta: {id: 'pm_1Qr4fjC4oQv4vCtFSjBfb8u3', brand: 'visa', last4: '4242', expMonth: 5, expYear: 2035, …}
useSummaryState.ts:62 Actualizando método de pago: {id: 'pm_1Qr4fjC4oQv4vCtFSjBfb8u3', brand: 'visa', last4: '4242', expMonth: 5, expYear: 2035, …}
PaymentSection.tsx:52 Iniciando validación de método de pago: {id: 'pm_1Qr4fjC4oQv4vCtFSjBfb8u3', brand: 'visa', last4: '4242', expMonth: 5, expYear: 2035, …}
PaymentSection.tsx:70 Resultados de validación: {id: true, brand: true, last4: true, expMonth: true, expYear: true, …}
PaymentSection.tsx:74 Método de pago válido: true
PaymentSection.tsx:52 Iniciando validación de método de pago: {id: 'pm_1Qr4fjC4oQv4vCtFSjBfb8u3', brand: 'visa', last4: '4242', expMonth: 5, expYear: 2035, …}
PaymentSection.tsx:70 Resultados de validación: {id: true, brand: true, last4: true, expMonth: true, expYear: true, …}
PaymentSection.tsx:74 Método de pago válido: true
PaymentSection.tsx:35 Actualizando método de pago local: {id: 'pm_1Qr4fjC4oQv4vCtFSjBfb8u3', brand: 'visa', last4: '4242', expMonth: 5, expYear: 2035, …}
FormContext.tsx:104 FormContext: Actualizando estado de pago: {method: 'card', type: 'guarantee', config: {…}}
FormContext.tsx:114 FormContext: Nuevo estado de pago: {method: 'stripe', type: 'guarantee'}
FormContext.tsx:104 FormContext: Actualizando estado de pago: {method: 'card', type: 'guarantee', config: {…}}
FormContext.tsx:114 FormContext: Nuevo estado de pago: {method: 'stripe', type: 'guarantee'}
preview-to-public.ts:205 [StepType] Normalizando tipo: {original: 'summary', systemType: 'summary', hasMapping: true}
preview-to-public.ts:205 [StepType] Normalizando tipo: {original: 'summary', systemType: 'summary', hasMapping: true}
PublicFormLayout.tsx:38 [PublicFormLayout] Renderizando con: {currentStep: 3, fieldType: 'summary', slug: 'formulario-03', isNextDisabled: false, showNextButton: true, …}
PublicFormLayout.tsx:38 [PublicFormLayout] Renderizando con: {currentStep: 3, fieldType: 'summary', slug: 'formulario-03', isNextDisabled: false, showNextButton: true, …}
preview-to-public.ts:205 [StepType] Normalizando tipo: {original: 'summary', systemType: 'summary', hasMapping: true}
preview-to-public.ts:261 [ComponentMapper] Mapeando componente: {originalType: 'summary', systemType: 'summary', availableTypes: Array(6)}
preview-to-public.ts:274 [ComponentMapper] Componente encontrado: {originalType: 'summary', systemType: 'summary', component: 'SummaryPreview'}
preview-to-public.ts:205 [StepType] Normalizando tipo: {original: 'summary', systemType: 'summary', hasMapping: true}
preview-to-public.ts:261 [ComponentMapper] Mapeando componente: {originalType: 'summary', systemType: 'summary', availableTypes: Array(6)}
preview-to-public.ts:274 [ComponentMapper] Componente encontrado: {originalType: 'summary', systemType: 'summary', component: 'SummaryPreview'}
PaymentSection.tsx:52 Iniciando validación de método de pago: {id: 'pm_1Qr4fjC4oQv4vCtFSjBfb8u3', brand: 'visa', last4: '4242', expMonth: 5, expYear: 2035, …}
PaymentSection.tsx:70 Resultados de validación: {id: true, brand: true, last4: true, expMonth: true, expYear: true, …}
PaymentSection.tsx:74 Método de pago válido: true
PaymentSection.tsx:52 Iniciando validación de método de pago: {id: 'pm_1Qr4fjC4oQv4vCtFSjBfb8u3', brand: 'visa', last4: '4242', expMonth: 5, expYear: 2035, …}
PaymentSection.tsx:70 Resultados de validación: {id: true, brand: true, last4: true, expMonth: true, expYear: true, …}
PaymentSection.tsx:74 Método de pago válido: true
PaymentSection.tsx:52 Iniciando validación de método de pago: {id: 'pm_1Qr4fjC4oQv4vCtFSjBfb8u3', brand: 'visa', last4: '4242', expMonth: 5, expYear: 2035, …}
PaymentSection.tsx:70 Resultados de validación: {id: true, brand: true, last4: true, expMonth: true, expYear: true, …}
PaymentSection.tsx:74 Método de pago válido: true
PaymentSection.tsx:52 Iniciando validación de método de pago: {id: 'pm_1Qr4fjC4oQv4vCtFSjBfb8u3', brand: 'visa', last4: '4242', expMonth: 5, expYear: 2035, …}
PaymentSection.tsx:70 Resultados de validación: {id: true, brand: true, last4: true, expMonth: true, expYear: true, …}
PaymentSection.tsx:74 Método de pago válido: true
PublicFormContent.tsx:52 [Navigation] Iniciando navegación: {from: 'summary', currentType: 'summary', currentStep: 3, nextStep: 4, hasNextField: true, …}
preview-to-public.ts:205 [StepType] Normalizando tipo: {original: 'summary', systemType: 'summary', hasMapping: true}
preview-to-public.ts:205 [StepType] Normalizando tipo: {original: 'farewell', systemType: 'farewell', hasMapping: true}
preview-to-public.ts:219 [StepOrder] Validando orden: {currentType: 'summary', nextType: 'farewell', STEP_ORDER: Array(6), totalSteps: 6}
preview-to-public.ts:246 [StepOrder] Resultado de validación: {currentOrder: 4, nextOrder: 5, isValid: true, isSummaryToFarewell: true}
PublicFormContent.tsx:68 [Navigation] Iniciando navegación: {from: 'summary', currentType: 'summary', currentStep: 3, nextStep: 4, hasNextField: false}
PublicFormContent.tsx:78 [Navigation] Navegación completada al paso: 4
preview-to-public.ts:205 [StepType] Normalizando tipo: {original: undefined, systemType: undefined, hasMapping: false}
preview-to-public.ts:205 [StepType] Normalizando tipo: {original: undefined, systemType: undefined, hasMapping: false}
PublicFormLayout.tsx:38 [PublicFormLayout] Renderizando con: {currentStep: 4, fieldType: undefined, slug: 'formulario-03', isNextDisabled: false, showNextButton: true, …}
PublicFormLayout.tsx:38 [PublicFormLayout] Renderizando con: {currentStep: 4, fieldType: undefined, slug: 'formulario-03', isNextDisabled: false, showNextButton: true, …}
preview-to-public.ts:205 [StepType] Normalizando tipo: {original: 'farewell', systemType: 'farewell', hasMapping: true}
preview-to-public.ts:261 [ComponentMapper] Mapeando componente: {originalType: 'farewell', systemType: 'farewell', availableTypes: Array(6)}
preview-to-public.ts:274 [ComponentMapper] Componente encontrado: {originalType: 'farewell', systemType: 'farewell', component: 'FarewellPreview'}
preview-to-public.ts:205 [StepType] Normalizando tipo: {original: 'farewell', systemType: 'farewell', hasMapping: true}
preview-to-public.ts:261 [ComponentMapper] Mapeando componente: {originalType: 'farewell', systemType: 'farewell', availableTypes: Array(6)}
preview-to-public.ts:274 [ComponentMapper] Componente encontrado: {originalType: 'farewell', systemType: 'farewell', component: 'FarewellPreview'}
PaymentSection.tsx:52 Iniciando validación de método de pago: {id: 'pm_1Qr4fjC4oQv4vCtFSjBfb8u3', brand: 'visa', last4: '4242', expMonth: 5, expYear: 2035, …}
PaymentSection.tsx:70 Resultados de validación: {id: true, brand: true, last4: true, expMonth: true, expYear: true, …}
PaymentSection.tsx:74 Método de pago válido: true
PaymentSection.tsx:52 Iniciando validación de método de pago: {id: 'pm_1Qr4fjC4oQv4vCtFSjBfb8u3', brand: 'visa', last4: '4242', expMonth: 5, expYear: 2035, …}
PaymentSection.tsx:70 Resultados de validación: {id: true, brand: true, last4: true, expMonth: true, expYear: true, …}
PaymentSection.tsx:74 Método de pago válido: true
PublicFormContent.tsx:32 [PublicFormContent] Estado actual: {currentStep: 4, totalSteps: 4, currentField: undefined, currentType: undefined, nextField: undefined, …}
FarewellPreview.tsx:147 [FarewellPreview] Iniciando creación de reserva {isValid: true, validationErrors: Array(0), currentPayment: {…}, isCreating: false}
use-summary-booking.ts:117 Iniciando creación de reserva con estado: {payment: {…}, calculations: {…}, validationErrors: Array(0)}
use-summary-booking.ts:140 Configuración de pago: {type: 'guarantee', config: {…}, mapping: {…}}
use-summary-booking.ts:160 Datos de reserva preparados: {courtId: '54aca0f1-2f00-45d4-b662-094defa9c704', date: '2025-02-14', startTime: '06:30', endTime: '07:30', courtPrice: 30, …}
bookingService.ts:450 Verificando disponibilidad para: {courtId: '54aca0f1-2f00-45d4-b662-094defa9c704', date: '2025-02-14', startTime: '06:30', endTime: '07:30'}
FarewellPreview.tsx:147 [FarewellPreview] Iniciando creación de reserva {isValid: true, validationErrors: Array(0), currentPayment: {…}, isCreating: false}
use-summary-booking.ts:117 Iniciando creación de reserva con estado: {payment: {…}, calculations: {…}, validationErrors: Array(0)}
use-summary-booking.ts:140 Configuración de pago: {type: 'guarantee', config: {…}, mapping: {…}}
use-summary-booking.ts:160 Datos de reserva preparados: {courtId: '54aca0f1-2f00-45d4-b662-094defa9c704', date: '2025-02-14', startTime: '06:30', endTime: '07:30', courtPrice: 30, …}
bookingService.ts:450 Verificando disponibilidad para: {courtId: '54aca0f1-2f00-45d4-b662-094defa9c704', date: '2025-02-14', startTime: '06:30', endTime: '07:30'}
hot-reloader-client.js:187 [Fast Refresh] rebuilding
bookingService.ts:539 No hay reservas existentes para esta fecha y cancha
bookingService.ts:734 Creando reserva con datos: {courtId: '54aca0f1-2f00-45d4-b662-094defa9c704', date: '2025-02-14', startTime: '06:30', endTime: '07:30', courtPrice: 30, …}
bookingService.ts:118 Transformando datos para DB: {courtId: '54aca0f1-2f00-45d4-b662-094defa9c704', date: '2025-02-14', startTime: '06:30', endTime: '07:30', courtPrice: 30, …}
bookingService.ts:746 Datos transformados: {p_court_id: '54aca0f1-2f00-45d4-b662-094defa9c704', p_date: '2025-02-14', p_start_time: '06:30', p_end_time: '07:30', p_court_price: 30, …}
fetch.js:30 
            
            
           POST https://rwyrbfilvaomnwumbpxu.supabase.co/rest/v1/rpc/create_booking_v2 404 (Not Found)
eval @ fetch.js:30
eval @ fetch.js:51
fulfilled @ fetch.js:11
Promise.then
step @ fetch.js:13
eval @ fetch.js:14
__awaiter @ fetch.js:10
eval @ fetch.js:41
then @ PostgrestBuilder.js:65
bookingService.ts:752 Error al crear reserva: {code: 'PGRST202', details: 'Searched for the function public.create_booking_v2…r, but no matches were found in the schema cache.', hint: 'Perhaps you meant to call the function public.crea…ems, p_rental_items_price, p_start_time, p_title)', message: 'Could not find the function public.create_booking_…al_items_price, p_start_time) in the schema cache'}
window.console.error @ app-index.js:33
console.error @ hydration-error-info.js:63
createBooking @ bookingService.ts:752
await in createBooking
eval @ use-summary-booking.ts:173
await in eval
createBooking @ FarewellPreview.tsx:154
eval @ FarewellPreview.tsx:212
commitHookEffectListMount @ react-dom.development.js:21102
commitHookPassiveMountEffects @ react-dom.development.js:23154
commitPassiveMountOnFiber @ react-dom.development.js:23259
recursivelyTraversePassiveMountEffects @ react-dom.development.js:23237
commitPassiveMountOnFiber @ react-dom.development.js:23370
recursivelyTraversePassiveMountEffects @ react-dom.development.js:23237
commitPassiveMountOnFiber @ react-dom.development.js:23370
recursivelyTraversePassiveMountEffects @ react-dom.development.js:23237
commitPassiveMountOnFiber @ react-dom.development.js:23256
recursivelyTraversePassiveMountEffects @ react-dom.development.js:23237
commitPassiveMountOnFiber @ react-dom.development.js:23370
recursivelyTraversePassiveMountEffects @ react-dom.development.js:23237
commitPassiveMountOnFiber @ react-dom.development.js:23256
recursivelyTraversePassiveMountEffects @ react-dom.development.js:23237
commitPassiveMountOnFiber @ react-dom.development.js:23256
recursivelyTraversePassiveMountEffects @ react-dom.development.js:23237
commitPassiveMountOnFiber @ react-dom.development.js:23370
recursivelyTraversePassiveMountEffects @ react-dom.development.js:23237
commitPassiveMountOnFiber @ react-dom.development.js:23370
recursivelyTraversePassiveMountEffects @ react-dom.development.js:23237
commitPassiveMountOnFiber @ react-dom.development.js:23370
recursivelyTraversePassiveMountEffects @ react-dom.development.js:23237
commitPassiveMountOnFiber @ react-dom.development.js:23370
recursivelyTraversePassiveMountEffects @ react-dom.development.js:23237
commitPassiveMountOnFiber @ react-dom.development.js:23256
recursivelyTraversePassiveMountEffects @ react-dom.development.js:23237
commitPassiveMountOnFiber @ react-dom.development.js:23256
recursivelyTraversePassiveMountEffects @ react-dom.development.js:23237
commitPassiveMountOnFiber @ react-dom.development.js:23370
recursivelyTraversePassiveMountEffects @ react-dom.development.js:23237
commitPassiveMountOnFiber @ react-dom.development.js:23256
recursivelyTraversePassiveMountEffects @ react-dom.development.js:23237
commitPassiveMountOnFiber @ react-dom.development.js:23256
recursivelyTraversePassiveMountEffects @ react-dom.development.js:23237
commitPassiveMountOnFiber @ react-dom.development.js:23370
recursivelyTraversePassiveMountEffects @ react-dom.development.js:23237
commitPassiveMountOnFiber @ react-dom.development.js:23370
recursivelyTraversePassiveMountEffects @ react-dom.development.js:23237
commitPassiveMountOnFiber @ react-dom.development.js:23256
recursivelyTraversePassiveMountEffects @ react-dom.development.js:23237
commitPassiveMountOnFiber @ react-dom.development.js:23256
recursivelyTraversePassiveMountEffects @ react-dom.development.js:23237
commitPassiveMountOnFiber @ react-dom.development.js:23256
recursivelyTraversePassiveMountEffects @ react-dom.development.js:23237
commitPassiveMountOnFiber @ react-dom.development.js:23370
recursivelyTraversePassiveMountEffects @ react-dom.development.js:23237
commitPassiveMountOnFiber @ react-dom.development.js:23370
recursivelyTraversePassiveMountEffects @ react-dom.development.js:23237
commitPassiveMountOnFiber @ react-dom.development.js:23256
recursivelyTraversePassiveMountEffects @ react-dom.development.js:23237
commitPassiveMountOnFiber @ react-dom.development.js:23370
recursivelyTraversePassiveMountEffects @ react-dom.development.js:23237
commitPassiveMountOnFiber @ react-dom.development.js:23256
recursivelyTraversePassiveMountEffects @ react-dom.development.js:23237
commitPassiveMountOnFiber @ react-dom.development.js:23256
recursivelyTraversePassiveMountEffects @ react-dom.development.js:23237
commitPassiveMountOnFiber @ react-dom.development.js:23256
recursivelyTraversePassiveMountEffects @ react-dom.development.js:23237
commitPassiveMountOnFiber @ react-dom.development.js:23256
recursivelyTraversePassiveMountEffects @ react-dom.development.js:23237
commitPassiveMountOnFiber @ react-dom.development.js:23370
recursivelyTraversePassiveMountEffects @ react-dom.development.js:23237
commitPassiveMountOnFiber @ react-dom.development.js:23256
recursivelyTraversePassiveMountEffects @ react-dom.development.js:23237
commitPassiveMountOnFiber @ react-dom.development.js:23256
recursivelyTraversePassiveMountEffects @ react-dom.development.js:23237
commitPassiveMountOnFiber @ react-dom.development.js:23370
recursivelyTraversePassiveMountEffects @ react-dom.development.js:23237
commitPassiveMountOnFiber @ react-dom.development.js:23256
recursivelyTraversePassiveMountEffects @ react-dom.development.js:23237
commitPassiveMountOnFiber @ react-dom.development.js:23370
recursivelyTraversePassiveMountEffects @ react-dom.development.js:23237
commitPassiveMountOnFiber @ react-dom.development.js:23256
recursivelyTraversePassiveMountEffects @ react-dom.development.js:23237
commitPassiveMountOnFiber @ react-dom.development.js:23370
recursivelyTraversePassiveMountEffects @ react-dom.development.js:23237
commitPassiveMountOnFiber @ react-dom.development.js:23256
recursivelyTraversePassiveMountEffects @ react-dom.development.js:23237
commitPassiveMountOnFiber @ react-dom.development.js:23370
recursivelyTraversePassiveMountEffects @ react-dom.development.js:23237
commitPassiveMountOnFiber @ react-dom.development.js:23256
recursivelyTraversePassiveMountEffects @ react-dom.development.js:23237
commitPassiveMountOnFiber @ react-dom.development.js:23370
recursivelyTraversePassiveMountEffects @ react-dom.development.js:23237
commitPassiveMountOnFiber @ react-dom.development.js:23256
recursivelyTraversePassiveMountEffects @ react-dom.development.js:23237
commitPassiveMountOnFiber @ react-dom.development.js:23370
recursivelyTraversePassiveMountEffects @ react-dom.development.js:23237
commitPassiveMountOnFiber @ react-dom.development.js:23256
recursivelyTraversePassiveMountEffects @ react-dom.development.js:23237
commitPassiveMountOnFiber @ react-dom.development.js:23256
recursivelyTraversePassiveMountEffects @ react-dom.development.js:23237
commitPassiveMountOnFiber @ react-dom.development.js:23370
recursivelyTraversePassiveMountEffects @ react-dom.development.js:23237
commitPassiveMountOnFiber @ react-dom.development.js:23370
recursivelyTraversePassiveMountEffects @ react-dom.development.js:23237
commitPassiveMountOnFiber @ react-dom.development.js:23256
recursivelyTraversePassiveMountEffects @ react-dom.development.js:23237
commitPassiveMountOnFiber @ react-dom.development.js:23370
recursivelyTraversePassiveMountEffects @ react-dom.development.js:23237
commitPassiveMountOnFiber @ react-dom.development.js:23256
recursivelyTraversePassiveMountEffects @ react-dom.development.js:23237
commitPassiveMountOnFiber @ react-dom.development.js:23256
recursivelyTraversePassiveMountEffects @ react-dom.development.js:23237
commitPassiveMountOnFiber @ react-dom.development.js:23256
recursivelyTraversePassiveMountEffects @ react-dom.development.js:23237
commitPassiveMountOnFiber @ react-dom.development.js:23256
recursivelyTraversePassiveMountEffects @ react-dom.development.js:23237
commitPassiveMountOnFiber @ react-dom.development.js:23370
recursivelyTraversePassiveMountEffects @ react-dom.development.js:23237
commitPassiveMountOnFiber @ react-dom.development.js:23256
recursivelyTraversePassiveMountEffects @ react-dom.development.js:23237
commitPassiveMountOnFiber @ react-dom.development.js:23256
recursivelyTraversePassiveMountEffects @ react-dom.development.js:23237
commitPassiveMountOnFiber @ react-dom.development.js:23370
recursivelyTraversePassiveMountEffects @ react-dom.development.js:23237
commitPassiveMountOnFiber @ react-dom.development.js:23256
recursivelyTraversePassiveMountEffects @ react-dom.development.js:23237
commitPassiveMountOnFiber @ react-dom.development.js:23370
recursivelyTraversePassiveMountEffects @ react-dom.development.js:23237
commitPassiveMountOnFiber @ react-dom.development.js:23256
recursivelyTraversePassiveMountEffects @ react-dom.development.js:23237
commitPassiveMountOnFiber @ react-dom.development.js:23370
recursivelyTraversePassiveMountEffects @ react-dom.development.js:23237
commitPassiveMountOnFiber @ react-dom.development.js:23256
recursivelyTraversePassiveMountEffects @ react-dom.development.js:23237
commitPassiveMountOnFiber @ react-dom.development.js:23370
recursivelyTraversePassiveMountEffects @ react-dom.development.js:23237
commitPassiveMountOnFiber @ react-dom.development.js:23256
recursivelyTraversePassiveMountEffects @ react-dom.development.js:23237
commitPassiveMountOnFiber @ react-dom.development.js:23256
recursivelyTraversePassiveMountEffects @ react-dom.development.js:23237
commitPassiveMountOnFiber @ react-dom.development.js:23256
recursivelyTraversePassiveMountEffects @ react-dom.development.js:23237
commitPassiveMountOnFiber @ react-dom.development.js:23370
recursivelyTraversePassiveMountEffects @ react-dom.development.js:23237
commitPassiveMountOnFiber @ react-dom.development.js:23256
recursivelyTraversePassiveMountEffects @ react-dom.development.js:23237
commitPassiveMountOnFiber @ react-dom.development.js:23256
recursivelyTraversePassiveMountEffects @ react-dom.development.js:23237
commitPassiveMountOnFiber @ react-dom.development.js:23370
recursivelyTraversePassiveMountEffects @ react-dom.development.js:23237
commitPassiveMountOnFiber @ react-dom.development.js:23256
recursivelyTraversePassiveMountEffects @ react-dom.development.js:23237
commitPassiveMountOnFiber @ react-dom.development.js:23370
recursivelyTraversePassiveMountEffects @ react-dom.development.js:23237
commitPassiveMountOnFiber @ react-dom.development.js:23256
recursivelyTraversePassiveMountEffects @ react-dom.development.js:23237
commitPassiveMountOnFiber @ react-dom.development.js:23370
recursivelyTraversePassiveMountEffects @ react-dom.development.js:23237
commitPassiveMountOnFiber @ react-dom.development.js:23256
recursivelyTraversePassiveMountEffects @ react-dom.development.js:23237
commitPassiveMountOnFiber @ react-dom.development.js:23256
recursivelyTraversePassiveMountEffects @ react-dom.development.js:23237
commitPassiveMountOnFiber @ react-dom.development.js:23370
recursivelyTraversePassiveMountEffects @ react-dom.development.js:23237
commitPassiveMountOnFiber @ react-dom.development.js:23256
recursivelyTraversePassiveMountEffects @ react-dom.development.js:23237
commitPassiveMountOnFiber @ react-dom.development.js:23370
recursivelyTraversePassiveMountEffects @ react-dom.development.js:23237
commitPassiveMountOnFiber @ react-dom.development.js:23370
recursivelyTraversePassiveMountEffects @ react-dom.development.js:23237
commitPassiveMountOnFiber @ react-dom.development.js:23370
recursivelyTraversePassiveMountEffects @ react-dom.development.js:23237
commitPassiveMountOnFiber @ react-dom.development.js:23370
recursivelyTraversePassiveMountEffects @ react-dom.development.js:23237
commitPassiveMountOnFiber @ react-dom.development.js:23370
recursivelyTraversePassiveMountEffects @ react-dom.development.js:23237
commitPassiveMountOnFiber @ react-dom.development.js:23256
recursivelyTraversePassiveMountEffects @ react-dom.development.js:23237
commitPassiveMountOnFiber @ react-dom.development.js:23370
recursivelyTraversePassiveMountEffects @ react-dom.development.js:23237
commitPassiveMountOnFiber @ react-dom.development.js:23370
recursivelyTraversePassiveMountEffects @ react-dom.development.js:23237
commitPassiveMountOnFiber @ react-dom.development.js:23256
recursivelyTraversePassiveMountEffects @ react-dom.development.js:23237
commitPassiveMountOnFiber @ react-dom.development.js:23256
recursivelyTraversePassiveMountEffects @ react-dom.development.js:23237
commitPassiveMountOnFiber @ react-dom.development.js:23370
recursivelyTraversePassiveMountEffects @ react-dom.development.js:23237
commitPassiveMountOnFiber @ react-dom.development.js:23256
recursivelyTraversePassiveMountEffects @ react-dom.development.js:23237
commitPassiveMountOnFiber @ react-dom.development.js:23370
recursivelyTraversePassiveMountEffects @ react-dom.development.js:23237
commitPassiveMountOnFiber @ react-dom.development.js:23370
recursivelyTraversePassiveMountEffects @ react-dom.development.js:23237
commitPassiveMountOnFiber @ react-dom.development.js:23370
recursivelyTraversePassiveMountEffects @ react-dom.development.js:23237
commitPassiveMountOnFiber @ react-dom.development.js:23370
recursivelyTraversePassiveMountEffects @ react-dom.development.js:23237
commitPassiveMountOnFiber @ react-dom.development.js:23370
recursivelyTraversePassiveMountEffects @ react-dom.development.js:23237
commitPassiveMountOnFiber @ react-dom.development.js:23370
recursivelyTraversePassiveMountEffects @ react-dom.development.js:23237
commitPassiveMountOnFiber @ react-dom.development.js:23256
recursivelyTraversePassiveMountEffects @ react-dom.development.js:23237
commitPassiveMountOnFiber @ react-dom.development.js:23370
use-summary-booking.ts:183 Error al crear la reserva: Error: Estado de pago inválido
    at eval (use-summary-booking.ts:176:15)
    at async createBooking (FarewellPreview.tsx:154:24)
window.console.error @ app-index.js:33
console.error @ hydration-error-info.js:63
eval @ use-summary-booking.ts:183
await in eval
createBooking @ FarewellPreview.tsx:154
eval @ FarewellPreview.tsx:212
commitHookEffectListMount @ react-dom.development.js:21102
commitHookPassiveMountEffects @ react-dom.development.js:23154
commitPassiveMountOnFiber @ react-dom.development.js:23259
recursivelyTraversePassiveMountEffects @ react-dom.development.js:23237
commitPassiveMountOnFiber @ react-dom.development.js:23370
recursivelyTraversePassiveMountEffects @ react-dom.development.js:23237
commitPassiveMountOnFiber @ react-dom.development.js:23370
recursivelyTraversePassiveMountEffects @ react-dom.development.js:23237
commitPassiveMountOnFiber @ react-dom.development.js:23256
recursivelyTraversePassiveMountEffects @ react-dom.development.js:23237
commitPassiveMountOnFiber @ react-dom.development.js:23370
recursivelyTraversePassiveMountEffects @ react-dom.development.js:23237
commitPassiveMountOnFiber @ react-dom.development.js:23256
recursivelyTraversePassiveMountEffects @ react-dom.development.js:23237
commitPassiveMountOnFiber @ react-dom.development.js:23256
recursivelyTraversePassiveMountEffects @ react-dom.development.js:23237
commitPassiveMountOnFiber @ react-dom.development.js:23370
recursivelyTraversePassiveMountEffects @ react-dom.development.js:23237
commitPassiveMountOnFiber @ react-dom.development.js:23370
recursivelyTraversePassiveMountEffects @ react-dom.development.js:23237
commitPassiveMountOnFiber @ react-dom.development.js:23370
recursivelyTraversePassiveMountEffects @ react-dom.development.js:23237
commitPassiveMountOnFiber @ react-dom.development.js:23370
recursivelyTraversePassiveMountEffects @ react-dom.development.js:23237
commitPassiveMountOnFiber @ react-dom.development.js:23256
recursivelyTraversePassiveMountEffects @ react-dom.development.js:23237
commitPassiveMountOnFiber @ react-dom.development.js:23256
recursivelyTraversePassiveMountEffects @ react-dom.development.js:23237
commitPassiveMountOnFiber @ react-dom.development.js:23370
recursivelyTraversePassiveMountEffects @ react-dom.development.js:23237
commitPassiveMountOnFiber @ react-dom.development.js:23256
recursivelyTraversePassiveMountEffects @ react-dom.development.js:23237
commitPassiveMountOnFiber @ react-dom.development.js:23256
recursivelyTraversePassiveMountEffects @ react-dom.development.js:23237
commitPassiveMountOnFiber @ react-dom.development.js:23370
recursivelyTraversePassiveMountEffects @ react-dom.development.js:23237
commitPassiveMountOnFiber @ react-dom.development.js:23370
recursivelyTraversePassiveMountEffects @ react-dom.development.js:23237
commitPassiveMountOnFiber @ react-dom.development.js:23256
recursivelyTraversePassiveMountEffects @ react-dom.development.js:23237
commitPassiveMountOnFiber @ react-dom.development.js:23256
recursivelyTraversePassiveMountEffects @ react-dom.development.js:23237
commitPassiveMountOnFiber @ react-dom.development.js:23256
recursivelyTraversePassiveMountEffects @ react-dom.development.js:23237
commitPassiveMountOnFiber @ react-dom.development.js:23370
recursivelyTraversePassiveMountEffects @ react-dom.development.js:23237
commitPassiveMountOnFiber @ react-dom.development.js:23370
recursivelyTraversePassiveMountEffects @ react-dom.development.js:23237
commitPassiveMountOnFiber @ react-dom.development.js:23256
recursivelyTraversePassiveMountEffects @ react-dom.development.js:23237
commitPassiveMountOnFiber @ react-dom.development.js:23370
recursivelyTraversePassiveMountEffects @ react-dom.development.js:23237
commitPassiveMountOnFiber @ react-dom.development.js:23256
recursivelyTraversePassiveMountEffects @ react-dom.development.js:23237
commitPassiveMountOnFiber @ react-dom.development.js:23256
recursivelyTraversePassiveMountEffects @ react-dom.development.js:23237
commitPassiveMountOnFiber @ react-dom.development.js:23256
recursivelyTraversePassiveMountEffects @ react-dom.development.js:23237
commitPassiveMountOnFiber @ react-dom.development.js:23256
recursivelyTraversePassiveMountEffects @ react-dom.development.js:23237
commitPassiveMountOnFiber @ react-dom.development.js:23370
recursivelyTraversePassiveMountEffects @ react-dom.development.js:23237
commitPassiveMountOnFiber @ react-dom.development.js:23256
recursivelyTraversePassiveMountEffects @ react-dom.development.js:23237
commitPassiveMountOnFiber @ react-dom.development.js:23256
recursivelyTraversePassiveMountEffects @ react-dom.development.js:23237
commitPassiveMountOnFiber @ react-dom.development.js:23370
recursivelyTraversePassiveMountEffects @ react-dom.development.js:23237
commitPassiveMountOnFiber @ react-dom.development.js:23256
recursivelyTraversePassiveMountEffects @ react-dom.development.js:23237
commitPassiveMountOnFiber @ react-dom.development.js:23370
recursivelyTraversePassiveMountEffects @ react-dom.development.js:23237
commitPassiveMountOnFiber @ react-dom.development.js:23256
recursivelyTraversePassiveMountEffects @ react-dom.development.js:23237
commitPassiveMountOnFiber @ react-dom.development.js:23370
recursivelyTraversePassiveMountEffects @ react-dom.development.js:23237
commitPassiveMountOnFiber @ react-dom.development.js:23256
recursivelyTraversePassiveMountEffects @ react-dom.development.js:23237
commitPassiveMountOnFiber @ react-dom.development.js:23370
recursivelyTraversePassiveMountEffects @ react-dom.development.js:23237
commitPassiveMountOnFiber @ react-dom.development.js:23256
recursivelyTraversePassiveMountEffects @ react-dom.development.js:23237
commitPassiveMountOnFiber @ react-dom.development.js:23370
recursivelyTraversePassiveMountEffects @ react-dom.development.js:23237
commitPassiveMountOnFiber @ react-dom.development.js:23256
recursivelyTraversePassiveMountEffects @ react-dom.development.js:23237
commitPassiveMountOnFiber @ react-dom.development.js:23370
recursivelyTraversePassiveMountEffects @ react-dom.development.js:23237
commitPassiveMountOnFiber @ react-dom.development.js:23256
recursivelyTraversePassiveMountEffects @ react-dom.development.js:23237
commitPassiveMountOnFiber @ react-dom.development.js:23256
recursivelyTraversePassiveMountEffects @ react-dom.development.js:23237
commitPassiveMountOnFiber @ react-dom.development.js:23370
recursivelyTraversePassiveMountEffects @ react-dom.development.js:23237
commitPassiveMountOnFiber @ react-dom.development.js:23370
recursivelyTraversePassiveMountEffects @ react-dom.development.js:23237
commitPassiveMountOnFiber @ react-dom.development.js:23256
recursivelyTraversePassiveMountEffects @ react-dom.development.js:23237
commitPassiveMountOnFiber @ react-dom.development.js:23370
recursivelyTraversePassiveMountEffects @ react-dom.development.js:23237
commitPassiveMountOnFiber @ react-dom.development.js:23256
recursivelyTraversePassiveMountEffects @ react-dom.development.js:23237
commitPassiveMountOnFiber @ react-dom.development.js:23256
recursivelyTraversePassiveMountEffects @ react-dom.development.js:23237
commitPassiveMountOnFiber @ react-dom.development.js:23256
recursivelyTraversePassiveMountEffects @ react-dom.development.js:23237
commitPassiveMountOnFiber @ react-dom.development.js:23256
recursivelyTraversePassiveMountEffects @ react-dom.development.js:23237
commitPassiveMountOnFiber @ react-dom.development.js:23370
recursivelyTraversePassiveMountEffects @ react-dom.development.js:23237
commitPassiveMountOnFiber @ react-dom.development.js:23256
recursivelyTraversePassiveMountEffects @ react-dom.development.js:23237
commitPassiveMountOnFiber @ react-dom.development.js:23256
recursivelyTraversePassiveMountEffects @ react-dom.development.js:23237
commitPassiveMountOnFiber @ react-dom.development.js:23370
recursivelyTraversePassiveMountEffects @ react-dom.development.js:23237
commitPassiveMountOnFiber @ react-dom.development.js:23256
recursivelyTraversePassiveMountEffects @ react-dom.development.js:23237
commitPassiveMountOnFiber @ react-dom.development.js:23370
recursivelyTraversePassiveMountEffects @ react-dom.development.js:23237
commitPassiveMountOnFiber @ react-dom.development.js:23256
recursivelyTraversePassiveMountEffects @ react-dom.development.js:23237
commitPassiveMountOnFiber @ react-dom.development.js:23370
recursivelyTraversePassiveMountEffects @ react-dom.development.js:23237
commitPassiveMountOnFiber @ react-dom.development.js:23256
recursivelyTraversePassiveMountEffects @ react-dom.development.js:23237
commitPassiveMountOnFiber @ react-dom.development.js:23370
recursivelyTraversePassiveMountEffects @ react-dom.development.js:23237
commitPassiveMountOnFiber @ react-dom.development.js:23256
recursivelyTraversePassiveMountEffects @ react-dom.development.js:23237
commitPassiveMountOnFiber @ react-dom.development.js:23256
recursivelyTraversePassiveMountEffects @ react-dom.development.js:23237
commitPassiveMountOnFiber @ react-dom.development.js:23256
recursivelyTraversePassiveMountEffects @ react-dom.development.js:23237
commitPassiveMountOnFiber @ react-dom.development.js:23370
recursivelyTraversePassiveMountEffects @ react-dom.development.js:23237
commitPassiveMountOnFiber @ react-dom.development.js:23256
recursivelyTraversePassiveMountEffects @ react-dom.development.js:23237
commitPassiveMountOnFiber @ react-dom.development.js:23256
recursivelyTraversePassiveMountEffects @ react-dom.development.js:23237
commitPassiveMountOnFiber @ react-dom.development.js:23370
recursivelyTraversePassiveMountEffects @ react-dom.development.js:23237
commitPassiveMountOnFiber @ react-dom.development.js:23256
recursivelyTraversePassiveMountEffects @ react-dom.development.js:23237
commitPassiveMountOnFiber @ react-dom.development.js:23370
recursivelyTraversePassiveMountEffects @ react-dom.development.js:23237
commitPassiveMountOnFiber @ react-dom.development.js:23256
recursivelyTraversePassiveMountEffects @ react-dom.development.js:23237
commitPassiveMountOnFiber @ react-dom.development.js:23370
recursivelyTraversePassiveMountEffects @ react-dom.development.js:23237
commitPassiveMountOnFiber @ react-dom.development.js:23256
recursivelyTraversePassiveMountEffects @ react-dom.development.js:23237
commitPassiveMountOnFiber @ react-dom.development.js:23256
recursivelyTraversePassiveMountEffects @ react-dom.development.js:23237
commitPassiveMountOnFiber @ react-dom.development.js:23370
recursivelyTraversePassiveMountEffects @ react-dom.development.js:23237
commitPassiveMountOnFiber @ react-dom.development.js:23256
recursivelyTraversePassiveMountEffects @ react-dom.development.js:23237
commitPassiveMountOnFiber @ react-dom.development.js:23370
recursivelyTraversePassiveMountEffects @ react-dom.development.js:23237
commitPassiveMountOnFiber @ react-dom.development.js:23370
recursivelyTraversePassiveMountEffects @ react-dom.development.js:23237
commitPassiveMountOnFiber @ react-dom.development.js:23370
recursivelyTraversePassiveMountEffects @ react-dom.development.js:23237
commitPassiveMountOnFiber @ react-dom.development.js:23370
recursivelyTraversePassiveMountEffects @ react-dom.development.js:23237
commitPassiveMountOnFiber @ react-dom.development.js:23370
recursivelyTraversePassiveMountEffects @ react-dom.development.js:23237
commitPassiveMountOnFiber @ react-dom.development.js:23256
recursivelyTraversePassiveMountEffects @ react-dom.development.js:23237
commitPassiveMountOnFiber @ react-dom.development.js:23370
recursivelyTraversePassiveMountEffects @ react-dom.development.js:23237
commitPassiveMountOnFiber @ react-dom.development.js:23370
recursivelyTraversePassiveMountEffects @ react-dom.development.js:23237
commitPassiveMountOnFiber @ react-dom.development.js:23256
recursivelyTraversePassiveMountEffects @ react-dom.development.js:23237
commitPassiveMountOnFiber @ react-dom.development.js:23256
recursivelyTraversePassiveMountEffects @ react-dom.development.js:23237
commitPassiveMountOnFiber @ react-dom.development.js:23370
recursivelyTraversePassiveMountEffects @ react-dom.development.js:23237
commitPassiveMountOnFiber @ react-dom.development.js:23256
recursivelyTraversePassiveMountEffects @ react-dom.development.js:23237
commitPassiveMountOnFiber @ react-dom.development.js:23370
recursivelyTraversePassiveMountEffects @ react-dom.development.js:23237
commitPassiveMountOnFiber @ react-dom.development.js:23370
recursivelyTraversePassiveMountEffects @ react-dom.development.js:23237
commitPassiveMountOnFiber @ react-dom.development.js:23370
recursivelyTraversePassiveMountEffects @ react-dom.development.js:23237
commitPassiveMountOnFiber @ react-dom.development.js:23370
recursivelyTraversePassiveMountEffects @ react-dom.development.js:23237
commitPassiveMountOnFiber @ react-dom.development.js:23370
recursivelyTraversePassiveMountEffects @ react-dom.development.js:23237
commitPassiveMountOnFiber @ react-dom.development.js:23370
recursivelyTraversePassiveMountEffects @ react-dom.development.js:23237
commitPassiveMountOnFiber @ react-dom.development.js:23256
recursivelyTraversePassiveMountEffects @ react-dom.development.js:23237
commitPassiveMountOnFiber @ react-dom.development.js:23370
bookingService.ts:539 No hay reservas existentes para esta fecha y cancha
bookingService.ts:734 Creando reserva con datos: {courtId: '54aca0f1-2f00-45d4-b662-094defa9c704', date: '2025-02-14', startTime: '06:30', endTime: '07:30', courtPrice: 30, …}
bookingService.ts:118 Transformando datos para DB: {courtId: '54aca0f1-2f00-45d4-b662-094defa9c704', date: '2025-02-14', startTime: '06:30', endTime: '07:30', courtPrice: 30, …}
bookingService.ts:746 Datos transformados: {p_court_id: '54aca0f1-2f00-45d4-b662-094defa9c704', p_date: '2025-02-14', p_start_time: '06:30', p_end_time: '07:30', p_court_price: 30, …}
fetch.js:30 
            
            
           POST https://rwyrbfilvaomnwumbpxu.supabase.co/rest/v1/rpc/create_booking_v2 404 (Not Found)
eval @ fetch.js:30
eval @ fetch.js:51
fulfilled @ fetch.js:11
Promise.then
step @ fetch.js:13
eval @ fetch.js:14
__awaiter @ fetch.js:10
eval @ fetch.js:41
then @ PostgrestBuilder.js:65
bookingService.ts:752 Error al crear reserva: {code: 'PGRST202', details: 'Searched for the function public.create_booking_v2…r, but no matches were found in the schema cache.', hint: 'Perhaps you meant to call the function public.crea…ems, p_rental_items_price, p_start_time, p_title)', message: 'Could not find the function public.create_booking_…al_items_price, p_start_time) in the schema cache'}code: "PGRST202"details: "Searched for the function public.create_booking_v2 with parameters p_court_id, p_court_price, p_date, p_deposit_amount, p_end_time, p_participants, p_payment_method, p_payment_status, p_payment_type, p_rental_items, p_rental_items_price, p_start_time or with a single unnamed json/jsonb parameter, but no matches were found in the schema cache."hint: "Perhaps you meant to call the function public.create_booking_v2(p_court_id, p_court_price, p_date, p_deposit_amount, p_description, p_end_time, p_participants, p_payment_method, p_payment_status, p_rental_items, p_rental_items_price, p_start_time, p_title)"message: "Could not find the function public.create_booking_v2(p_court_id, p_court_price, p_date, p_deposit_amount, p_end_time, p_participants, p_payment_method, p_payment_status, p_payment_type, p_rental_items, p_rental_items_price, p_start_time) in the schema cache"[[Prototype]]: Object
window.console.error @ app-index.js:33
console.error @ hydration-error-info.js:63
createBooking @ bookingService.ts:752
await in createBooking
eval @ use-summary-booking.ts:173
await in eval
createBooking @ FarewellPreview.tsx:154
eval @ FarewellPreview.tsx:212
commitHookEffectListMount @ react-dom.development.js:21102
invokePassiveEffectMountInDEV @ react-dom.development.js:23980
invokeEffectsInDev @ react-dom.development.js:26852
legacyCommitDoubleInvokeEffectsInDEV @ react-dom.development.js:26835
commitDoubleInvokeEffectsInDEV @ react-dom.development.js:26816
flushPassiveEffectsImpl @ react-dom.development.js:26514
flushPassiveEffects @ react-dom.development.js:26438
eval @ react-dom.development.js:26172
workLoop @ scheduler.development.js:256
flushWork @ scheduler.development.js:225
performWorkUntilDeadline @ scheduler.development.js:534
use-summary-booking.ts:183 Error al crear la reserva: Error: Estado de pago inválido
    at eval (use-summary-booking.ts:176:15)
    at async createBooking (FarewellPreview.tsx:154:24)
window.console.error @ app-index.js:33
console.error @ hydration-error-info.js:63
eval @ use-summary-booking.ts:183
await in eval
createBooking @ FarewellPreview.tsx:154
eval @ FarewellPreview.tsx:212
commitHookEffectListMount @ react-dom.development.js:21102
invokePassiveEffectMountInDEV @ react-dom.development.js:23980
invokeEffectsInDev @ react-dom.development.js:26852
legacyCommitDoubleInvokeEffectsInDEV @ react-dom.development.js:26835
commitDoubleInvokeEffectsInDEV @ react-dom.development.js:26816
flushPassiveEffectsImpl @ react-dom.development.js:26514
flushPassiveEffects @ react-dom.development.js:26438
eval @ react-dom.development.js:26172
workLoop @ scheduler.development.js:256
flushWork @ scheduler.development.js:225
performWorkUntilDeadline @ scheduler.development.js:534
FarewellPreview.tsx:201 [FarewellPreview] Error al crear reserva: Error: Estado de pago inválido
    at eval (use-summary-booking.ts:176:15)
    at async createBooking (FarewellPreview.tsx:154:24)
window.console.error @ app-index.js:33
console.error @ hydration-error-info.js:63
createBooking @ FarewellPreview.tsx:201
await in createBooking
eval @ FarewellPreview.tsx:212
commitHookEffectListMount @ react-dom.development.js:21102
invokePassiveEffectMountInDEV @ react-dom.development.js:23980
invokeEffectsInDev @ react-dom.development.js:26852
legacyCommitDoubleInvokeEffectsInDEV @ react-dom.development.js:26835
commitDoubleInvokeEffectsInDEV @ react-dom.development.js:26816
flushPassiveEffectsImpl @ react-dom.development.js:26514
flushPassiveEffects @ react-dom.development.js:26438
eval @ react-dom.development.js:26172
workLoop @ scheduler.development.js:256
flushWork @ scheduler.development.js:225
performWorkUntilDeadline @ scheduler.development.js:534
hot-reloader-client.js:44 [Fast Refresh] done in 950ms
:3000/sonidos/bell-congratulations-epic-stock-media-1-00-01.mp3:1 
            
            
           GET http://localhost:3000/sonidos/bell-congratulations-epic-stock-media-1-00-01.mp3 net::ERR_ABORTED 404 (Not Found)
:3000/sonidos/bell-congratulations-epic-stock-media-1-00-01.mp3:1 
            
            
           GET http://localhost:3000/sonidos/bell-congratulations-epic-stock-media-1-00-01.mp3 net::ERR_ABORTED 404 (Not Found)
app-index.js:33 Warning: Cannot update a component (`ForwardRef`) while rendering a different component (`ForwardRef`). To locate the bad setState() call inside `ForwardRef`, follow the stack trace as described in https://reactjs.org/link/setstate-in-render
    at eval (webpack-internal:///(app-pages-browser)/./node_modules/sonner/dist/index.mjs:598:19)
    at AuthProvider (webpack-internal:///(app-pages-browser)/./src/contexts/AuthContext.tsx:46:11)
    at QueryClientProvider (webpack-internal:///(app-pages-browser)/./node_modules/@tanstack/react-query/build/modern/QueryClientProvider.js:27:11)
    at Providers (webpack-internal:///(app-pages-browser)/./src/app/providers.tsx:51:11)
    at DateProvider (webpack-internal:///(app-pages-browser)/./src/contexts/DateContext.tsx:14:11)
    at body
    at html
    at RootLayout (Server)
    at RedirectErrorBoundary (webpack-internal:///(app-pages-browser)/./node_modules/next/dist/client/components/redirect-boundary.js:74:9)
    at RedirectBoundary (webpack-internal:///(app-pages-browser)/./node_modules/next/dist/client/components/redirect-boundary.js:82:11)
    at NotFoundErrorBoundary (webpack-internal:///(app-pages-browser)/./node_modules/next/dist/client/components/not-found-boundary.js:76:9)
    at NotFoundBoundary (webpack-internal:///(app-pages-browser)/./node_modules/next/dist/client/components/not-found-boundary.js:84:11)
    at DevRootNotFoundBoundary (webpack-internal:///(app-pages-browser)/./node_modules/next/dist/client/components/dev-root-not-found-boundary.js:33:11)
    at ReactDevOverlay (webpack-internal:///(app-pages-browser)/./node_modules/next/dist/client/components/react-dev-overlay/app/ReactDevOverlay.js:87:9)
    at HotReload (webpack-internal:///(app-pages-browser)/./node_modules/next/dist/client/components/react-dev-overlay/app/hot-reloader-client.js:321:11)
    at Router (webpack-internal:///(app-pages-browser)/./node_modules/next/dist/client/components/app-router.js:207:11)
    at ErrorBoundaryHandler (webpack-internal:///(app-pages-browser)/./node_modules/next/dist/client/components/error-boundary.js:113:9)
    at ErrorBoundary (webpack-internal:///(app-pages-browser)/./node_modules/next/dist/client/components/error-boundary.js:160:11)
    at AppRouter (webpack-internal:///(app-pages-browser)/./node_modules/next/dist/client/components/app-router.js:585:13)
    at ServerRoot (webpack-internal:///(app-pages-browser)/./node_modules/next/dist/client/app-index.js:112:27)
    at Root (webpack-internal:///(app-pages-browser)/./node_modules/next/dist/client/app-index.js:117:11)
window.console.error @ app-index.js:33
console.error @ hydration-error-info.js:63
printWarning @ react-dom.development.js:94
error @ react-dom.development.js:68
warnAboutRenderPhaseUpdatesInDEV @ react-dom.development.js:26990
scheduleUpdateOnFiber @ react-dom.development.js:24395
dispatchSetState @ react-dom.development.js:13076
eval @ index.mjs:617
eval @ index.mjs:156
dismiss @ index.mjs:156
eval @ index.mjs:609
basicStateReducer @ react-dom.development.js:11517
updateReducerImpl @ react-dom.development.js:11729
updateReducer @ react-dom.development.js:11551
updateState @ react-dom.development.js:12093
useState @ react-dom.development.js:13592
useState @ react.development.js:2509
eval @ index.mjs:601
renderWithHooks @ react-dom.development.js:11121
updateForwardRef @ react-dom.development.js:15854
beginWork$1 @ react-dom.development.js:18521
beginWork @ react-dom.development.js:26927
performUnitOfWork @ react-dom.development.js:25748
workLoopSync @ react-dom.development.js:25464
renderRootSync @ react-dom.development.js:25419
performConcurrentWorkOnRoot @ react-dom.development.js:24504
workLoop @ scheduler.development.js:256
flushWork @ scheduler.development.js:225
performWorkUntilDeadline @ scheduler.development.js:534
