main-app.js?v=1739812634022:1836 Download the React DevTools for a better development experience: https://reactjs.org/link/react-devtools
publish-service.ts:7 Multiple GoTrueClient instances detected in the same browser context. It is not an error, but this should be avoided as it may produce undefined behavior when used concurrently under the same storage key.
GoTrueClient @ GoTrueClient.js:74
SupabaseAuthClient @ SupabaseAuthClient.js:9
_initSupabaseAuthClient @ SupabaseClient.js:202
SupabaseClient @ SupabaseClient.js:73
createClient @ index.js:55
createSupabaseClient @ index.mjs:375
createNewClient @ index.js:53
createClientComponentClient @ index.js:68
FormPublishService @ publish-service.ts:7
eval @ publish-service.ts:271
(app-pages-browser)/./src/lib/services/forms/publish-service.ts @ page.js:1784
options.factory @ webpack.js?v=1739812634022:715
__webpack_require__ @ webpack.js?v=1739812634022:37
fn @ webpack.js?v=1739812634022:371
eval @ page.tsx:9
(app-pages-browser)/./src/app/f/[slug]/page.tsx @ page.js:1157
options.factory @ webpack.js?v=1739812634022:715
__webpack_require__ @ webpack.js?v=1739812634022:37
fn @ webpack.js?v=1739812634022:371
Promise.then
eval @ next-flight-client-entry-loader.js?modules=%7B%22request%22%3A%22C%3A%5C%5CUsers%5C%5Curiel04%5C%5CDocuments%5C%5CGitHub%5C%5CPadel-02-09-25%5C%5Csrc%5C%5Capp%5C%5Cf%5C%5C%5Bslug%5D%5C%5Cpage.tsx%22%2C%22ids%22%3A%5B%5D%7D&server=false!:1
(app-pages-browser)/./node_modules/next/dist/build/webpack/loaders/next-flight-client-entry-loader.js?modules=%7B%22request%22%3A%22C%3A%5C%5CUsers%5C%5Curiel04%5C%5CDocuments%5C%5CGitHub%5C%5CPadel-02-09-25%5C%5Csrc%5C%5Capp%5C%5Cf%5C%5C%5Bslug%5D%5C%5Cpage.tsx%22%2C%22ids%22%3A%5B%5D%7D&server=false! @ page.js:17
options.factory @ webpack.js?v=1739812634022:715
__webpack_require__ @ webpack.js?v=1739812634022:37
__webpack_exec__ @ page.js:5420
(anonymous) @ page.js:5421
__webpack_require__.O @ webpack.js?v=1739812634022:86
(anonymous) @ page.js:5422
webpackJsonpCallback @ webpack.js?v=1739812634022:1387
(anonymous) @ page.js:9
availability.service.ts:14 Multiple GoTrueClient instances detected in the same browser context. It is not an error, but this should be avoided as it may produce undefined behavior when used concurrently under the same storage key.
GoTrueClient @ GoTrueClient.js:74
SupabaseAuthClient @ SupabaseAuthClient.js:9
_initSupabaseAuthClient @ SupabaseClient.js:202
SupabaseClient @ SupabaseClient.js:73
createClient @ index.js:55
eval @ availability.service.ts:14
(app-pages-browser)/./src/services/availability.service.ts @ page.js:1861
options.factory @ webpack.js?v=1739812634022:715
__webpack_require__ @ webpack.js?v=1739812634022:37
fn @ webpack.js?v=1739812634022:371
eval @ useAvailability.ts:7
(app-pages-browser)/./src/hooks/useAvailability.ts @ page.js:1707
options.factory @ webpack.js?v=1739812634022:715
__webpack_require__ @ webpack.js?v=1739812634022:37
fn @ webpack.js?v=1739812634022:371
eval @ ShiftsPreview.tsx:32
(app-pages-browser)/./src/components/preview/steps/ShiftsPreview.tsx @ page.js:1256
options.factory @ webpack.js?v=1739812634022:715
__webpack_require__ @ webpack.js?v=1739812634022:37
fn @ webpack.js?v=1739812634022:371
eval @ index.ts:16
(app-pages-browser)/./src/components/preview/steps/index.ts @ page.js:1278
options.factory @ webpack.js?v=1739812634022:715
__webpack_require__ @ webpack.js?v=1739812634022:37
fn @ webpack.js?v=1739812634022:371
eval @ preview-to-public.ts:8
(app-pages-browser)/./src/lib/mappers/preview-to-public.ts @ page.js:1773
options.factory @ webpack.js?v=1739812634022:715
__webpack_require__ @ webpack.js?v=1739812634022:37
fn @ webpack.js?v=1739812634022:371
eval @ PublicFormContent.tsx:10
(app-pages-browser)/./src/components/public-form/PublicFormContent.tsx @ page.js:1476
options.factory @ webpack.js?v=1739812634022:715
__webpack_require__ @ webpack.js?v=1739812634022:37
fn @ webpack.js?v=1739812634022:371
eval @ page.tsx:10
(app-pages-browser)/./src/app/f/[slug]/page.tsx @ page.js:1157
options.factory @ webpack.js?v=1739812634022:715
__webpack_require__ @ webpack.js?v=1739812634022:37
fn @ webpack.js?v=1739812634022:371
Promise.then
eval @ next-flight-client-entry-loader.js?modules=%7B%22request%22%3A%22C%3A%5C%5CUsers%5C%5Curiel04%5C%5CDocuments%5C%5CGitHub%5C%5CPadel-02-09-25%5C%5Csrc%5C%5Capp%5C%5Cf%5C%5C%5Bslug%5D%5C%5Cpage.tsx%22%2C%22ids%22%3A%5B%5D%7D&server=false!:1
(app-pages-browser)/./node_modules/next/dist/build/webpack/loaders/next-flight-client-entry-loader.js?modules=%7B%22request%22%3A%22C%3A%5C%5CUsers%5C%5Curiel04%5C%5CDocuments%5C%5CGitHub%5C%5CPadel-02-09-25%5C%5Csrc%5C%5Capp%5C%5Cf%5C%5C%5Bslug%5D%5C%5Cpage.tsx%22%2C%22ids%22%3A%5B%5D%7D&server=false! @ page.js:17
options.factory @ webpack.js?v=1739812634022:715
__webpack_require__ @ webpack.js?v=1739812634022:37
__webpack_exec__ @ page.js:5420
(anonymous) @ page.js:5421
__webpack_require__.O @ webpack.js?v=1739812634022:86
(anonymous) @ page.js:5422
webpackJsonpCallback @ webpack.js?v=1739812634022:1387
(anonymous) @ page.js:9
 🔄 Creating new Supabase client instance
 [FormPublishService] 🔍 Buscando formulario: {slug: 'formulario'}
 [FormPublishService] 🔍 Buscando formulario: {slug: 'formulario'}
 💾 Empresa ID guardado en caché: 99f78081-24fa-4892-aae2-823816e7d132
 ⏭️ Usando organización en caché
 [FormPublishService] ✅ Link encontrado: {id: 'fd99da1a-ce6e-41b2-892d-2ae0c9887ec2', type: 'bookings', empresa_id: '99f78081-24fa-4892-aae2-823816e7d132', created_at: '2025-02-05T23:12:53.628119+00:00'}
 [FormPublishService] 📋 Campos del formulario: {count: 4}
 [FormPublishService] ✅ Validación de campos exitosa: {count: 4}
 [FormPublishService] ✅ Formulario procesado: {id: 'fd99da1a-ce6e-41b2-892d-2ae0c9887ec2', slug: 'formulario', fieldsCount: 4}
 Formulario cargado: {id: 'fd99da1a-ce6e-41b2-892d-2ae0c9887ec2', empresa_id: '99f78081-24fa-4892-aae2-823816e7d132', slug: 'formulario', title: 'Formulario sin título', description: '', …}
 ⏭️ Usando organización en caché
 ⏭️ Usando organización en caché
 [FormPublishService] ✅ Link encontrado: {id: 'fd99da1a-ce6e-41b2-892d-2ae0c9887ec2', type: 'bookings', empresa_id: '99f78081-24fa-4892-aae2-823816e7d132', created_at: '2025-02-05T23:12:53.628119+00:00'}
 [FormPublishService] 📋 Campos del formulario: {count: 4}
 [FormPublishService] ✅ Validación de campos exitosa: {count: 4}
 [FormPublishService] ✅ Formulario procesado: {id: 'fd99da1a-ce6e-41b2-892d-2ae0c9887ec2', slug: 'formulario', fieldsCount: 4}
 Formulario cargado: {id: 'fd99da1a-ce6e-41b2-892d-2ae0c9887ec2', empresa_id: '99f78081-24fa-4892-aae2-823816e7d132', slug: 'formulario', title: 'Formulario sin título', description: '', …}
 ⏭️ Usando organización en caché
 [FormPublishService] 📊 Vistas incrementadas para: {slug: 'formulario'}
 [StepType] Normalizando tipo: {original: 'date', systemType: 'location', hasMapping: true}
 [StepType] Normalizando tipo: {original: 'date', systemType: 'location', hasMapping: true}
 [FieldSorter] Campos originales: (4) ['date', 'court', 'players', 'summary']
 [StepType] Normalizando tipo: {original: 'date', systemType: 'location', hasMapping: true}
 [StepType] Normalizando tipo: {original: 'court', systemType: 'shifts', hasMapping: true}
 [StepType] Normalizando tipo: {original: 'players', systemType: 'items', hasMapping: true}
 [StepType] Normalizando tipo: {original: 'summary', systemType: 'summary', hasMapping: true}
 [FieldSorter] Agregando paso farewell
 [TypeMapper] Mapeando tipo: date -> location
 [StepType] Normalizando tipo: {original: 'date', systemType: 'location', hasMapping: true}
 [OrderMapper] Orden para date -> location: 1
 [FieldSorter] Mapeando campo: date -> location (orden: 1)
 [TypeMapper] Mapeando tipo: court -> shifts
 [StepType] Normalizando tipo: {original: 'court', systemType: 'shifts', hasMapping: true}
 [OrderMapper] Orden para court -> shifts: 2
 [FieldSorter] Mapeando campo: court -> shifts (orden: 2)
 [TypeMapper] Mapeando tipo: players -> items
 [StepType] Normalizando tipo: {original: 'players', systemType: 'items', hasMapping: true}
 [OrderMapper] Orden para players -> items: 3
 [FieldSorter] Mapeando campo: players -> items (orden: 3)
 [TypeMapper] Mapeando tipo: summary -> summary
 [StepType] Normalizando tipo: {original: 'summary', systemType: 'summary', hasMapping: true}
 [OrderMapper] Orden para summary -> summary: 4
 [FieldSorter] Mapeando campo: summary -> summary (orden: 4)
 [TypeMapper] Mapeando tipo: farewell -> farewell
 [StepType] Normalizando tipo: {original: 'farewell', systemType: 'farewell', hasMapping: true}
 [OrderMapper] Orden para farewell -> farewell: 5
 [FieldSorter] Mapeando campo: farewell -> farewell (orden: 5)
 [StepType] Normalizando tipo: {original: 'shifts', systemType: 'shifts', hasMapping: false}
 [OrderMapper] Orden para shifts -> shifts: 2
 [StepType] Normalizando tipo: {original: 'location', systemType: 'location', hasMapping: false}
 [OrderMapper] Orden para location -> location: 1
 [FieldSorter] Comparando: shifts(2) vs location(1)
 [StepType] Normalizando tipo: {original: 'items', systemType: 'items', hasMapping: false}
 [OrderMapper] Orden para items -> items: 3
 [StepType] Normalizando tipo: {original: 'shifts', systemType: 'shifts', hasMapping: false}
 [OrderMapper] Orden para shifts -> shifts: 2
 [FieldSorter] Comparando: items(3) vs shifts(2)
 [StepType] Normalizando tipo: {original: 'summary', systemType: 'summary', hasMapping: true}
 [OrderMapper] Orden para summary -> summary: 4
 [StepType] Normalizando tipo: {original: 'items', systemType: 'items', hasMapping: false}
 [OrderMapper] Orden para items -> items: 3
 [FieldSorter] Comparando: summary(4) vs items(3)
 [StepType] Normalizando tipo: {original: 'farewell', systemType: 'farewell', hasMapping: true}
 [OrderMapper] Orden para farewell -> farewell: 5
 [StepType] Normalizando tipo: {original: 'summary', systemType: 'summary', hasMapping: true}
 [OrderMapper] Orden para summary -> summary: 4
 [FieldSorter] Comparando: farewell(5) vs summary(4)
 [StepType] Normalizando tipo: {original: 'location', systemType: 'location', hasMapping: false}
 [OrderMapper] Orden para location -> location: 1
 [StepType] Normalizando tipo: {original: 'shifts', systemType: 'shifts', hasMapping: false}
 [OrderMapper] Orden para shifts -> shifts: 2
 [StepType] Normalizando tipo: {original: 'items', systemType: 'items', hasMapping: false}
 [OrderMapper] Orden para items -> items: 3
 [StepType] Normalizando tipo: {original: 'summary', systemType: 'summary', hasMapping: true}
 [OrderMapper] Orden para summary -> summary: 4
 [StepType] Normalizando tipo: {original: 'farewell', systemType: 'farewell', hasMapping: true}
 [OrderMapper] Orden para farewell -> farewell: 5
 [FieldSorter] Campos ordenados: (5) [{…}, {…}, {…}, {…}, {…}]
 [FieldSorter] Campos originales: (4) ['date', 'court', 'players', 'summary']
 [StepType] Normalizando tipo: {original: 'date', systemType: 'location', hasMapping: true}
 [StepType] Normalizando tipo: {original: 'court', systemType: 'shifts', hasMapping: true}
 [StepType] Normalizando tipo: {original: 'players', systemType: 'items', hasMapping: true}
 [StepType] Normalizando tipo: {original: 'summary', systemType: 'summary', hasMapping: true}
 [FieldSorter] Agregando paso farewell
 [TypeMapper] Mapeando tipo: date -> location
 [StepType] Normalizando tipo: {original: 'date', systemType: 'location', hasMapping: true}
 [OrderMapper] Orden para date -> location: 1
 [FieldSorter] Mapeando campo: date -> location (orden: 1)
 [TypeMapper] Mapeando tipo: court -> shifts
 [StepType] Normalizando tipo: {original: 'court', systemType: 'shifts', hasMapping: true}
 [OrderMapper] Orden para court -> shifts: 2
 [FieldSorter] Mapeando campo: court -> shifts (orden: 2)
 [TypeMapper] Mapeando tipo: players -> items
 [StepType] Normalizando tipo: {original: 'players', systemType: 'items', hasMapping: true}
 [OrderMapper] Orden para players -> items: 3
 [FieldSorter] Mapeando campo: players -> items (orden: 3)
 [TypeMapper] Mapeando tipo: summary -> summary
 [StepType] Normalizando tipo: {original: 'summary', systemType: 'summary', hasMapping: true}
 [OrderMapper] Orden para summary -> summary: 4
 [FieldSorter] Mapeando campo: summary -> summary (orden: 4)
 [TypeMapper] Mapeando tipo: farewell -> farewell
 [StepType] Normalizando tipo: {original: 'farewell', systemType: 'farewell', hasMapping: true}
 [OrderMapper] Orden para farewell -> farewell: 5
 [FieldSorter] Mapeando campo: farewell -> farewell (orden: 5)
 [StepType] Normalizando tipo: {original: 'shifts', systemType: 'shifts', hasMapping: false}
 [OrderMapper] Orden para shifts -> shifts: 2
 [StepType] Normalizando tipo: {original: 'location', systemType: 'location', hasMapping: false}
 [OrderMapper] Orden para location -> location: 1
 [FieldSorter] Comparando: shifts(2) vs location(1)
 [StepType] Normalizando tipo: {original: 'items', systemType: 'items', hasMapping: false}
 [OrderMapper] Orden para items -> items: 3
 [StepType] Normalizando tipo: {original: 'shifts', systemType: 'shifts', hasMapping: false}
 [OrderMapper] Orden para shifts -> shifts: 2
 [FieldSorter] Comparando: items(3) vs shifts(2)
 [StepType] Normalizando tipo: {original: 'summary', systemType: 'summary', hasMapping: true}
 [OrderMapper] Orden para summary -> summary: 4
 [StepType] Normalizando tipo: {original: 'items', systemType: 'items', hasMapping: false}
 [OrderMapper] Orden para items -> items: 3
 [FieldSorter] Comparando: summary(4) vs items(3)
 [StepType] Normalizando tipo: {original: 'farewell', systemType: 'farewell', hasMapping: true}
 [OrderMapper] Orden para farewell -> farewell: 5
 [StepType] Normalizando tipo: {original: 'summary', systemType: 'summary', hasMapping: true}
 [OrderMapper] Orden para summary -> summary: 4
 [FieldSorter] Comparando: farewell(5) vs summary(4)
 [StepType] Normalizando tipo: {original: 'location', systemType: 'location', hasMapping: false}
 [OrderMapper] Orden para location -> location: 1
 [StepType] Normalizando tipo: {original: 'shifts', systemType: 'shifts', hasMapping: false}
 [OrderMapper] Orden para shifts -> shifts: 2
 [StepType] Normalizando tipo: {original: 'items', systemType: 'items', hasMapping: false}
 [OrderMapper] Orden para items -> items: 3
 [StepType] Normalizando tipo: {original: 'summary', systemType: 'summary', hasMapping: true}
 [OrderMapper] Orden para summary -> summary: 4
 [StepType] Normalizando tipo: {original: 'farewell', systemType: 'farewell', hasMapping: true}
 [OrderMapper] Orden para farewell -> farewell: 5
 [FieldSorter] Campos ordenados: (5) [{…}, {…}, {…}, {…}, {…}]
 [PublicFormLayout] Renderizando con: {currentStep: 0, fieldType: 'date', slug: 'formulario', isNextDisabled: false, showNextButton: true, …}
 [PublicFormLayout] Renderizando con: {currentStep: 0, fieldType: 'date', slug: 'formulario', isNextDisabled: false, showNextButton: true, …}
 [StepType] Normalizando tipo: {original: 'location', systemType: 'location', hasMapping: false}
 [ComponentMapper] Mapeando componente: {originalType: 'location', systemType: 'location', availableTypes: Array(6)}
 [ComponentMapper] Componente encontrado: {originalType: 'location', systemType: 'location', component: 'LocationPreview'}
 [StepType] Normalizando tipo: {original: 'location', systemType: 'location', hasMapping: false}
 [ComponentMapper] Mapeando componente: {originalType: 'location', systemType: 'location', availableTypes: Array(6)}
 [ComponentMapper] Componente encontrado: {originalType: 'location', systemType: 'location', component: 'LocationPreview'}
 [LocationPreview] Estado inicial: {empresaId: null, settings: {…}, isLoadingConfig: true, configError: undefined, selectedLocation: null, …}
 🔍 useLocationBranches iniciado con: {empresaId: null, hasSettings: true}
 [LocationPreview] Estado inicial: {empresaId: null, settings: {…}, isLoadingConfig: true, configError: undefined, selectedLocation: null, …}
 🔍 useLocationBranches iniciado con: {empresaId: null, hasSettings: true}
 ℹ️ No hay sucursales o hay error: {branchesLength: 0, error: undefined, empresaId: null}
 [LocationPreview] Sincronizando estado: {contextBranchId: null, selectedLocation: null}
 [FieldSorter] Campos originales: (4) ['date', 'court', 'players', 'summary']
 [StepType] Normalizando tipo: {original: 'date', systemType: 'location', hasMapping: true}
 [StepType] Normalizando tipo: {original: 'court', systemType: 'shifts', hasMapping: true}
 [StepType] Normalizando tipo: {original: 'players', systemType: 'items', hasMapping: true}
 [StepType] Normalizando tipo: {original: 'summary', systemType: 'summary', hasMapping: true}
 [FieldSorter] Agregando paso farewell
 [TypeMapper] Mapeando tipo: date -> location
 [StepType] Normalizando tipo: {original: 'date', systemType: 'location', hasMapping: true}
 [OrderMapper] Orden para date -> location: 1
 [FieldSorter] Mapeando campo: date -> location (orden: 1)
 [TypeMapper] Mapeando tipo: court -> shifts
 [StepType] Normalizando tipo: {original: 'court', systemType: 'shifts', hasMapping: true}
 [OrderMapper] Orden para court -> shifts: 2
 [FieldSorter] Mapeando campo: court -> shifts (orden: 2)
 [TypeMapper] Mapeando tipo: players -> items
 [StepType] Normalizando tipo: {original: 'players', systemType: 'items', hasMapping: true}
 [OrderMapper] Orden para players -> items: 3
 [FieldSorter] Mapeando campo: players -> items (orden: 3)
 [TypeMapper] Mapeando tipo: summary -> summary
 [StepType] Normalizando tipo: {original: 'summary', systemType: 'summary', hasMapping: true}
 [OrderMapper] Orden para summary -> summary: 4
 [FieldSorter] Mapeando campo: summary -> summary (orden: 4)
 [TypeMapper] Mapeando tipo: farewell -> farewell
 [StepType] Normalizando tipo: {original: 'farewell', systemType: 'farewell', hasMapping: true}
 [OrderMapper] Orden para farewell -> farewell: 5
 [FieldSorter] Mapeando campo: farewell -> farewell (orden: 5)
 [StepType] Normalizando tipo: {original: 'shifts', systemType: 'shifts', hasMapping: false}
 [OrderMapper] Orden para shifts -> shifts: 2
 [StepType] Normalizando tipo: {original: 'location', systemType: 'location', hasMapping: false}
 [OrderMapper] Orden para location -> location: 1
 [FieldSorter] Comparando: shifts(2) vs location(1)
 [StepType] Normalizando tipo: {original: 'items', systemType: 'items', hasMapping: false}
 [OrderMapper] Orden para items -> items: 3
 [StepType] Normalizando tipo: {original: 'shifts', systemType: 'shifts', hasMapping: false}
 [OrderMapper] Orden para shifts -> shifts: 2
 [FieldSorter] Comparando: items(3) vs shifts(2)
 [StepType] Normalizando tipo: {original: 'summary', systemType: 'summary', hasMapping: true}
 [OrderMapper] Orden para summary -> summary: 4
 [StepType] Normalizando tipo: {original: 'items', systemType: 'items', hasMapping: false}
 [OrderMapper] Orden para items -> items: 3
 [FieldSorter] Comparando: summary(4) vs items(3)
 [StepType] Normalizando tipo: {original: 'farewell', systemType: 'farewell', hasMapping: true}
 [OrderMapper] Orden para farewell -> farewell: 5
 [StepType] Normalizando tipo: {original: 'summary', systemType: 'summary', hasMapping: true}
 [OrderMapper] Orden para summary -> summary: 4
 [FieldSorter] Comparando: farewell(5) vs summary(4)
 [StepType] Normalizando tipo: {original: 'location', systemType: 'location', hasMapping: false}
 [OrderMapper] Orden para location -> location: 1
 [StepType] Normalizando tipo: {original: 'shifts', systemType: 'shifts', hasMapping: false}
 [OrderMapper] Orden para shifts -> shifts: 2
 [StepType] Normalizando tipo: {original: 'items', systemType: 'items', hasMapping: false}
 [OrderMapper] Orden para items -> items: 3
 [StepType] Normalizando tipo: {original: 'summary', systemType: 'summary', hasMapping: true}
 [OrderMapper] Orden para summary -> summary: 4
 [StepType] Normalizando tipo: {original: 'farewell', systemType: 'farewell', hasMapping: true}
 [OrderMapper] Orden para farewell -> farewell: 5
 [FieldSorter] Campos ordenados: (5) [{…}, {…}, {…}, {…}, {…}]
 [PublicFormContent] Estado actual: {currentStep: 0, totalSteps: 4, currentField: 'date', currentType: 'location', nextField: 'court', …}
 [PublicFormContent] Inicializando formulario: {id: 'fd99da1a-ce6e-41b2-892d-2ae0c9887ec2', empresa_id: '99f78081-24fa-4892-aae2-823816e7d132', totalSteps: 4, currentStep: 0, canNavigateNext: true}
 ℹ️ No hay sucursales o hay error: {branchesLength: 0, error: undefined, empresaId: null}
 [LocationPreview] Sincronizando estado: {contextBranchId: null, selectedLocation: null}
 [FieldSorter] Campos originales: (4) ['date', 'court', 'players', 'summary']
 [StepType] Normalizando tipo: {original: 'date', systemType: 'location', hasMapping: true}
 [StepType] Normalizando tipo: {original: 'court', systemType: 'shifts', hasMapping: true}
 [StepType] Normalizando tipo: {original: 'players', systemType: 'items', hasMapping: true}
 [StepType] Normalizando tipo: {original: 'summary', systemType: 'summary', hasMapping: true}
 [FieldSorter] Agregando paso farewell
 [TypeMapper] Mapeando tipo: date -> location
 [StepType] Normalizando tipo: {original: 'date', systemType: 'location', hasMapping: true}
 [OrderMapper] Orden para date -> location: 1
 [FieldSorter] Mapeando campo: date -> location (orden: 1)
 [TypeMapper] Mapeando tipo: court -> shifts
 [StepType] Normalizando tipo: {original: 'court', systemType: 'shifts', hasMapping: true}
 [OrderMapper] Orden para court -> shifts: 2
 [FieldSorter] Mapeando campo: court -> shifts (orden: 2)
 [TypeMapper] Mapeando tipo: players -> items
 [StepType] Normalizando tipo: {original: 'players', systemType: 'items', hasMapping: true}
 [OrderMapper] Orden para players -> items: 3
 [FieldSorter] Mapeando campo: players -> items (orden: 3)
 [TypeMapper] Mapeando tipo: summary -> summary
 [StepType] Normalizando tipo: {original: 'summary', systemType: 'summary', hasMapping: true}
 [OrderMapper] Orden para summary -> summary: 4
 [FieldSorter] Mapeando campo: summary -> summary (orden: 4)
 [TypeMapper] Mapeando tipo: farewell -> farewell
preview-to-public.ts:205 [StepType] Normalizando tipo: {original: 'farewell', systemType: 'farewell', hasMapping: true}
preview-to-public.ts:312 [OrderMapper] Orden para farewell -> farewell: 5
preview-to-public.ts:355 [FieldSorter] Mapeando campo: farewell -> farewell (orden: 5)
preview-to-public.ts:205 [StepType] Normalizando tipo: {original: 'shifts', systemType: 'shifts', hasMapping: false}
preview-to-public.ts:312 [OrderMapper] Orden para shifts -> shifts: 2
preview-to-public.ts:205 [StepType] Normalizando tipo: {original: 'location', systemType: 'location', hasMapping: false}
preview-to-public.ts:312 [OrderMapper] Orden para location -> location: 1
preview-to-public.ts:365 [FieldSorter] Comparando: shifts(2) vs location(1)
preview-to-public.ts:205 [StepType] Normalizando tipo: {original: 'items', systemType: 'items', hasMapping: false}
preview-to-public.ts:312 [OrderMapper] Orden para items -> items: 3
preview-to-public.ts:205 [StepType] Normalizando tipo: {original: 'shifts', systemType: 'shifts', hasMapping: false}
preview-to-public.ts:312 [OrderMapper] Orden para shifts -> shifts: 2
preview-to-public.ts:365 [FieldSorter] Comparando: items(3) vs shifts(2)
preview-to-public.ts:205 [StepType] Normalizando tipo: {original: 'summary', systemType: 'summary', hasMapping: true}
preview-to-public.ts:312 [OrderMapper] Orden para summary -> summary: 4
preview-to-public.ts:205 [StepType] Normalizando tipo: {original: 'items', systemType: 'items', hasMapping: false}
preview-to-public.ts:312 [OrderMapper] Orden para items -> items: 3
preview-to-public.ts:365 [FieldSorter] Comparando: summary(4) vs items(3)
preview-to-public.ts:205 [StepType] Normalizando tipo: {original: 'farewell', systemType: 'farewell', hasMapping: true}
preview-to-public.ts:312 [OrderMapper] Orden para farewell -> farewell: 5
preview-to-public.ts:205 [StepType] Normalizando tipo: {original: 'summary', systemType: 'summary', hasMapping: true}
preview-to-public.ts:312 [OrderMapper] Orden para summary -> summary: 4
preview-to-public.ts:365 [FieldSorter] Comparando: farewell(5) vs summary(4)
preview-to-public.ts:205 [StepType] Normalizando tipo: {original: 'location', systemType: 'location', hasMapping: false}
preview-to-public.ts:312 [OrderMapper] Orden para location -> location: 1
preview-to-public.ts:205 [StepType] Normalizando tipo: {original: 'shifts', systemType: 'shifts', hasMapping: false}
preview-to-public.ts:312 [OrderMapper] Orden para shifts -> shifts: 2
preview-to-public.ts:205 [StepType] Normalizando tipo: {original: 'items', systemType: 'items', hasMapping: false}
preview-to-public.ts:312 [OrderMapper] Orden para items -> items: 3
preview-to-public.ts:205 [StepType] Normalizando tipo: {original: 'summary', systemType: 'summary', hasMapping: true}
preview-to-public.ts:312 [OrderMapper] Orden para summary -> summary: 4
preview-to-public.ts:205 [StepType] Normalizando tipo: {original: 'farewell', systemType: 'farewell', hasMapping: true}
preview-to-public.ts:312 [OrderMapper] Orden para farewell -> farewell: 5
preview-to-public.ts:370 [FieldSorter] Campos ordenados: (5) [{…}, {…}, {…}, {…}, {…}]
PublicFormContent.tsx:32 [PublicFormContent] Estado actual: {currentStep: 0, totalSteps: 4, currentField: 'date', currentType: 'location', nextField: 'court', …}
PublicFormContent.tsx:44 [PublicFormContent] Inicializando formulario: {id: 'fd99da1a-ce6e-41b2-892d-2ae0c9887ec2', empresa_id: '99f78081-24fa-4892-aae2-823816e7d132', totalSteps: 4, currentStep: 0, canNavigateNext: true}
preview-to-public.ts:205 [StepType] Normalizando tipo: {original: 'date', systemType: 'location', hasMapping: true}
preview-to-public.ts:205 [StepType] Normalizando tipo: {original: 'date', systemType: 'location', hasMapping: true}
PublicFormLayout.tsx:38 [PublicFormLayout] Renderizando con: {currentStep: 0, fieldType: 'date', slug: 'formulario', isNextDisabled: false, showNextButton: true, …}
PublicFormLayout.tsx:38 [PublicFormLayout] Renderizando con: {currentStep: 0, fieldType: 'date', slug: 'formulario', isNextDisabled: false, showNextButton: true, …}
preview-to-public.ts:205 [StepType] Normalizando tipo: {original: 'location', systemType: 'location', hasMapping: false}
preview-to-public.ts:261 [ComponentMapper] Mapeando componente: {originalType: 'location', systemType: 'location', availableTypes: Array(6)}
preview-to-public.ts:274 [ComponentMapper] Componente encontrado: {originalType: 'location', systemType: 'location', component: 'LocationPreview'}
preview-to-public.ts:205 [StepType] Normalizando tipo: {original: 'location', systemType: 'location', hasMapping: false}
preview-to-public.ts:261 [ComponentMapper] Mapeando componente: {originalType: 'location', systemType: 'location', availableTypes: Array(6)}
preview-to-public.ts:274 [ComponentMapper] Componente encontrado: {originalType: 'location', systemType: 'location', component: 'LocationPreview'}
LocationPreview.tsx:61 [LocationPreview] Estado inicial: {empresaId: '99f78081-24fa-4892-aae2-823816e7d132', settings: {…}, isLoadingConfig: false, configError: undefined, selectedLocation: null, …}
use-location-branches.ts:15 🔍 useLocationBranches iniciado con: {empresaId: '99f78081-24fa-4892-aae2-823816e7d132', hasSettings: true}
LocationPreview.tsx:61 [LocationPreview] Estado inicial: {empresaId: '99f78081-24fa-4892-aae2-823816e7d132', settings: {…}, isLoadingConfig: false, configError: undefined, selectedLocation: null, …}
use-location-branches.ts:15 🔍 useLocationBranches iniciado con: {empresaId: '99f78081-24fa-4892-aae2-823816e7d132', hasSettings: true}
use-location-branches.ts:29 📍 Consultando sedes para empresa: 99f78081-24fa-4892-aae2-823816e7d132
use-location-branches.ts:75 ℹ️ No hay sucursales o hay error: {branchesLength: 0, error: undefined, empresaId: '99f78081-24fa-4892-aae2-823816e7d132'}
LocationPreview.tsx:61 [LocationPreview] Estado inicial: {empresaId: '99f78081-24fa-4892-aae2-823816e7d132', settings: {…}, isLoadingConfig: false, configError: undefined, selectedLocation: null, …}
use-location-branches.ts:15 🔍 useLocationBranches iniciado con: {empresaId: '99f78081-24fa-4892-aae2-823816e7d132', hasSettings: true}
LocationPreview.tsx:61 [LocationPreview] Estado inicial: {empresaId: '99f78081-24fa-4892-aae2-823816e7d132', settings: {…}, isLoadingConfig: false, configError: undefined, selectedLocation: null, …}
use-location-branches.ts:15 🔍 useLocationBranches iniciado con: {empresaId: '99f78081-24fa-4892-aae2-823816e7d132', hasSettings: true}
publish-service.ts:12 [FormPublishService] 📊 Vistas incrementadas para: {slug: 'formulario'}
publish-service.ts:12 [FormPublishService] 📊 Vistas incrementadas para: {slug: 'formulario'}
publish-service.ts:12 [FormPublishService] 📊 Vistas incrementadas para: {slug: 'formulario'}
use-location-branches.ts:58 ✅ Sucursales obtenidas: {total: 3, empresaId: '99f78081-24fa-4892-aae2-823816e7d132', firstBranch: 'Sede 1'}
LocationPreview.tsx:61 [LocationPreview] Estado inicial: {empresaId: '99f78081-24fa-4892-aae2-823816e7d132', settings: {…}, isLoadingConfig: false, configError: undefined, selectedLocation: null, …}
use-location-branches.ts:15 🔍 useLocationBranches iniciado con: {empresaId: '99f78081-24fa-4892-aae2-823816e7d132', hasSettings: true}
LocationPreview.tsx:61 [LocationPreview] Estado inicial: {empresaId: '99f78081-24fa-4892-aae2-823816e7d132', settings: {…}, isLoadingConfig: false, configError: undefined, selectedLocation: null, …}
use-location-branches.ts:15 🔍 useLocationBranches iniciado con: {empresaId: '99f78081-24fa-4892-aae2-823816e7d132', hasSettings: true}
use-location-branches.ts:89 📋 Filtrando sucursales: {total: 3, filtered: 3, shouldShowBranches: true, settings: 'definido', empresaId: '99f78081-24fa-4892-aae2-823816e7d132'}
LocationPreview.tsx:61 [LocationPreview] Estado inicial: {empresaId: '99f78081-24fa-4892-aae2-823816e7d132', settings: {…}, isLoadingConfig: false, configError: undefined, selectedLocation: null, …}
use-location-branches.ts:15 🔍 useLocationBranches iniciado con: {empresaId: '99f78081-24fa-4892-aae2-823816e7d132', hasSettings: true}
LocationPreview.tsx:61 [LocationPreview] Estado inicial: {empresaId: '99f78081-24fa-4892-aae2-823816e7d132', settings: {…}, isLoadingConfig: false, configError: undefined, selectedLocation: null, …}
use-location-branches.ts:15 🔍 useLocationBranches iniciado con: {empresaId: '99f78081-24fa-4892-aae2-823816e7d132', hasSettings: true}
LocationPreview.tsx:61 [LocationPreview] Estado inicial: {empresaId: '99f78081-24fa-4892-aae2-823816e7d132', settings: {…}, isLoadingConfig: false, configError: undefined, selectedLocation: 'eb8139e9-261f-4912-bc32-9aa1d455ab15', …}
use-location-branches.ts:15 🔍 useLocationBranches iniciado con: {empresaId: '99f78081-24fa-4892-aae2-823816e7d132', hasSettings: true}
LocationPreview.tsx:61 [LocationPreview] Estado inicial: {empresaId: '99f78081-24fa-4892-aae2-823816e7d132', settings: {…}, isLoadingConfig: false, configError: undefined, selectedLocation: 'eb8139e9-261f-4912-bc32-9aa1d455ab15', …}
use-location-branches.ts:15 🔍 useLocationBranches iniciado con: {empresaId: '99f78081-24fa-4892-aae2-823816e7d132', hasSettings: true}
LocationPreview.tsx:92 [LocationPreview] Actualizando ubicación: {id: 'eb8139e9-261f-4912-bc32-9aa1d455ab15', name: 'Sede 2'}
preview-to-public.ts:205 [StepType] Normalizando tipo: {original: 'date', systemType: 'location', hasMapping: true}
preview-to-public.ts:205 [StepType] Normalizando tipo: {original: 'date', systemType: 'location', hasMapping: true}
PublicFormLayout.tsx:38 [PublicFormLayout] Renderizando con: {currentStep: 0, fieldType: 'date', slug: 'formulario', isNextDisabled: false, showNextButton: true, …}
PublicFormLayout.tsx:38 [PublicFormLayout] Renderizando con: {currentStep: 0, fieldType: 'date', slug: 'formulario', isNextDisabled: false, showNextButton: true, …}
preview-to-public.ts:205 [StepType] Normalizando tipo: {original: 'location', systemType: 'location', hasMapping: false}
preview-to-public.ts:261 [ComponentMapper] Mapeando componente: {originalType: 'location', systemType: 'location', availableTypes: Array(6)}
preview-to-public.ts:274 [ComponentMapper] Componente encontrado: {originalType: 'location', systemType: 'location', component: 'LocationPreview'}
preview-to-public.ts:205 [StepType] Normalizando tipo: {original: 'location', systemType: 'location', hasMapping: false}
preview-to-public.ts:261 [ComponentMapper] Mapeando componente: {originalType: 'location', systemType: 'location', availableTypes: Array(6)}
preview-to-public.ts:274 [ComponentMapper] Componente encontrado: {originalType: 'location', systemType: 'location', component: 'LocationPreview'}
LocationPreview.tsx:61 [LocationPreview] Estado inicial: {empresaId: '99f78081-24fa-4892-aae2-823816e7d132', settings: {…}, isLoadingConfig: false, configError: undefined, selectedLocation: 'eb8139e9-261f-4912-bc32-9aa1d455ab15', …}
use-location-branches.ts:15 🔍 useLocationBranches iniciado con: {empresaId: '99f78081-24fa-4892-aae2-823816e7d132', hasSettings: true}
LocationPreview.tsx:61 [LocationPreview] Estado inicial: {empresaId: '99f78081-24fa-4892-aae2-823816e7d132', settings: {…}, isLoadingConfig: false, configError: undefined, selectedLocation: 'eb8139e9-261f-4912-bc32-9aa1d455ab15', …}
use-location-branches.ts:15 🔍 useLocationBranches iniciado con: {empresaId: '99f78081-24fa-4892-aae2-823816e7d132', hasSettings: true}
LocationPreview.tsx:77 [LocationPreview] Sincronizando estado: {contextBranchId: 'eb8139e9-261f-4912-bc32-9aa1d455ab15', selectedLocation: 'eb8139e9-261f-4912-bc32-9aa1d455ab15'}
LocationPreview.tsx:61 [LocationPreview] Estado inicial: {empresaId: '99f78081-24fa-4892-aae2-823816e7d132', settings: {…}, isLoadingConfig: false, configError: undefined, selectedLocation: 'eb8139e9-261f-4912-bc32-9aa1d455ab15', …}
use-location-branches.ts:15 🔍 useLocationBranches iniciado con: {empresaId: '99f78081-24fa-4892-aae2-823816e7d132', hasSettings: true}
LocationPreview.tsx:61 [LocationPreview] Estado inicial: {empresaId: '99f78081-24fa-4892-aae2-823816e7d132', settings: {…}, isLoadingConfig: false, configError: undefined, selectedLocation: 'eb8139e9-261f-4912-bc32-9aa1d455ab15', …}
use-location-branches.ts:15 🔍 useLocationBranches iniciado con: {empresaId: '99f78081-24fa-4892-aae2-823816e7d132', hasSettings: true}
PublicFormContent.tsx:52 [Navigation] Iniciando navegación: {from: 'location', currentType: 'location', currentStep: 0, nextStep: 1, hasNextField: true, …}
preview-to-public.ts:205 [StepType] Normalizando tipo: {original: 'location', systemType: 'location', hasMapping: false}
preview-to-public.ts:205 [StepType] Normalizando tipo: {original: 'shifts', systemType: 'shifts', hasMapping: false}
preview-to-public.ts:219 [StepOrder] Validando orden: {currentType: 'location', nextType: 'shifts', STEP_ORDER: Array(6), totalSteps: 6}
preview-to-public.ts:246 [StepOrder] Resultado de validación: {currentOrder: 1, nextOrder: 2, isValid: true, isSummaryToFarewell: false}
PublicFormContent.tsx:68 [Navigation] Iniciando navegación: {from: 'date', currentType: 'location', currentStep: 0, nextStep: 1, hasNextField: true}
PublicFormContent.tsx:78 [Navigation] Navegación completada al paso: 1
preview-to-public.ts:205 [StepType] Normalizando tipo: {original: 'court', systemType: 'shifts', hasMapping: true}
preview-to-public.ts:205 [StepType] Normalizando tipo: {original: 'court', systemType: 'shifts', hasMapping: true}
PublicFormLayout.tsx:38 [PublicFormLayout] Renderizando con: {currentStep: 1, fieldType: 'court', slug: 'formulario', isNextDisabled: false, showNextButton: true, …}
PublicFormLayout.tsx:38 [PublicFormLayout] Renderizando con: {currentStep: 1, fieldType: 'court', slug: 'formulario', isNextDisabled: false, showNextButton: true, …}
preview-to-public.ts:205 [StepType] Normalizando tipo: {original: 'shifts', systemType: 'shifts', hasMapping: false}
preview-to-public.ts:261 [ComponentMapper] Mapeando componente: {originalType: 'shifts', systemType: 'shifts', availableTypes: Array(6)}
preview-to-public.ts:274 [ComponentMapper] Componente encontrado: {originalType: 'shifts', systemType: 'shifts', component: 'ShiftsPreview'}
preview-to-public.ts:205 [StepType] Normalizando tipo: {original: 'shifts', systemType: 'shifts', hasMapping: false}
preview-to-public.ts:261 [ComponentMapper] Mapeando componente: {originalType: 'shifts', systemType: 'shifts', availableTypes: Array(6)}
preview-to-public.ts:274 [ComponentMapper] Componente encontrado: {originalType: 'shifts', systemType: 'shifts', component: 'ShiftsPreview'}
LocationPreview.tsx:61 [LocationPreview] Estado inicial: {empresaId: '99f78081-24fa-4892-aae2-823816e7d132', settings: {…}, isLoadingConfig: false, configError: undefined, selectedLocation: 'eb8139e9-261f-4912-bc32-9aa1d455ab15', …}
use-location-branches.ts:15 🔍 useLocationBranches iniciado con: {empresaId: '99f78081-24fa-4892-aae2-823816e7d132', hasSettings: true}
LocationPreview.tsx:61 [LocationPreview] Estado inicial: {empresaId: '99f78081-24fa-4892-aae2-823816e7d132', settings: {…}, isLoadingConfig: false, configError: undefined, selectedLocation: 'eb8139e9-261f-4912-bc32-9aa1d455ab15', …}
use-location-branches.ts:15 🔍 useLocationBranches iniciado con: {empresaId: '99f78081-24fa-4892-aae2-823816e7d132', hasSettings: true}
PublicFormContent.tsx:32 [PublicFormContent] Estado actual: {currentStep: 1, totalSteps: 4, currentField: 'court', currentType: 'shifts', nextField: 'players', …}
 useAvailability - Iniciando fetchSlots: {date: Mon Feb 17 2025 00:00:00 GMT+0000 (Greenwich Mean Time), duration: 1, courtType: undefined, timeOfDay: undefined, branchId: 'eb8139e9-261f-4912-bc32-9aa1d455ab15'}
 AvailabilityService - findAvailableSlots - params: {date: Mon Feb 17 2025 00:00:00 GMT+0000 (Greenwich Mean Time), duration: 1, courtType: undefined, timeOfDay: undefined, branchId: 'eb8139e9-261f-4912-bc32-9aa1d455ab15'}
 AvailabilityService - getBranchSchedule: {branchId: 'eb8139e9-261f-4912-bc32-9aa1d455ab15', date: Mon Feb 17 2025 00:00:00 GMT+0000 (Greenwich Mean Time)}
 ShiftsPreview - Estado: {loadingSlots: false, slotsLength: 0, error: null, params: {…}}
 useAvailability - Iniciando fetchSlots: {date: Mon Feb 17 2025 00:00:00 GMT+0000 (Greenwich Mean Time), duration: 1, courtType: undefined, timeOfDay: undefined, branchId: 'eb8139e9-261f-4912-bc32-9aa1d455ab15'}
 AvailabilityService - findAvailableSlots - params: {date: Mon Feb 17 2025 00:00:00 GMT+0000 (Greenwich Mean Time), duration: 1, courtType: undefined, timeOfDay: undefined, branchId: 'eb8139e9-261f-4912-bc32-9aa1d455ab15'}
 AvailabilityService - getBranchSchedule: {branchId: 'eb8139e9-261f-4912-bc32-9aa1d455ab15', date: Mon Feb 17 2025 00:00:00 GMT+0000 (Greenwich Mean Time)}
 ShiftsPreview - Estado: {loadingSlots: false, slotsLength: 0, error: null, params: {…}}
 You're attempting to animate multiple children within AnimatePresence, but its mode is set to "wait". This will lead to odd visual behaviour.
AnimatePresence @ webpack-internal:///…sence/index.mjs:174
renderWithHooks @ webpack-internal:///…evelopment.js:11121
updateFunctionComponent @ webpack-internal:///…evelopment.js:16290
beginWork$1 @ webpack-internal:///…evelopment.js:18472
beginWork @ webpack-internal:///…evelopment.js:26927
performUnitOfWork @ webpack-internal:///…evelopment.js:25748
workLoopSync @ webpack-internal:///…evelopment.js:25464
renderRootSync @ webpack-internal:///…evelopment.js:25419
performSyncWorkOnRoot @ webpack-internal:///…evelopment.js:24887
flushSyncWorkAcrossRoots_impl @ webpack-internal:///…development.js:7758
flushSyncWorkOnAllRoots @ webpack-internal:///…development.js:7718
commitRootImpl @ webpack-internal:///…evelopment.js:26369
commitRoot @ webpack-internal:///…evelopment.js:26077
commitRootWhenReady @ webpack-internal:///…evelopment.js:24749
finishConcurrentRender @ webpack-internal:///…evelopment.js:24714
performConcurrentWorkOnRoot @ webpack-internal:///…evelopment.js:24559
workLoop @ webpack-internal:///….development.js:256
flushWork @ webpack-internal:///….development.js:225
performWorkUntilDeadline @ webpack-internal:///….development.js:534
 You're attempting to animate multiple children within AnimatePresence, but its mode is set to "wait". This will lead to odd visual behaviour.
AnimatePresence @ webpack-internal:///…sence/index.mjs:174
renderWithHooksAgain @ webpack-internal:///…evelopment.js:11272
renderWithHooks @ webpack-internal:///…evelopment.js:11135
updateFunctionComponent @ webpack-internal:///…evelopment.js:16290
beginWork$1 @ webpack-internal:///…evelopment.js:18472
beginWork @ webpack-internal:///…evelopment.js:26927
performUnitOfWork @ webpack-internal:///…evelopment.js:25748
workLoopSync @ webpack-internal:///…evelopment.js:25464
renderRootSync @ webpack-internal:///…evelopment.js:25419
performSyncWorkOnRoot @ webpack-internal:///…evelopment.js:24887
flushSyncWorkAcrossRoots_impl @ webpack-internal:///…development.js:7758
flushSyncWorkOnAllRoots @ webpack-internal:///…development.js:7718
commitRootImpl @ webpack-internal:///…evelopment.js:26369
commitRoot @ webpack-internal:///…evelopment.js:26077
commitRootWhenReady @ webpack-internal:///…evelopment.js:24749
finishConcurrentRender @ webpack-internal:///…evelopment.js:24714
performConcurrentWorkOnRoot @ webpack-internal:///…evelopment.js:24559
workLoop @ webpack-internal:///….development.js:256
flushWork @ webpack-internal:///….development.js:225
performWorkUntilDeadline @ webpack-internal:///….development.js:534
 ShiftsPreview - Estado: {loadingSlots: true, slotsLength: 0, error: null, params: {…}}
 AvailabilityService - Horarios obtenidos: {dayOfWeek: 'monday', schedule: {…}}
 AvailabilityService - getCourts - params: {courtType: undefined, branchId: 'eb8139e9-261f-4912-bc32-9aa1d455ab15'}
 AvailabilityService - Horarios obtenidos: {dayOfWeek: 'monday', schedule: {…}}
 AvailabilityService - getCourts - params: {courtType: undefined, branchId: 'eb8139e9-261f-4912-bc32-9aa1d455ab15'}
 AvailabilityService - getCourts - resultado: {courts: Array(4), error: null}
 AvailabilityService - getBookings - params: {date: Mon Feb 17 2025 00:00:00 GMT+0000 (Greenwich Mean Time), courtIds: Array(4)}
 AvailabilityService - getCourts - resultado: {courts: Array(4), error: null}
 AvailabilityService - getBookings - params: {date: Mon Feb 17 2025 00:00:00 GMT+0000 (Greenwich Mean Time), courtIds: Array(4)}
 AvailabilityService - getBookings - resultado: {bookings: Array(6), error: null}
 AvailabilityService - Evaluando rango final: {start: '10:30', end: '12:00', size: 90}
 AvailabilityService - Evaluando rango final: {start: '10:30', end: '22:00', size: 690}
 AvailabilityService - Rangos disponibles después de filtrado: {totalRanges: 2, ranges: Array(2)}
 AvailabilityService - Rangos disponibles para Pista 5: {ranges: Array(1), durationInMinutes: 60, courtName: 'Pista 5'}
 AvailabilityService - Calculando precio: {courtName: 'Pista 5', durationInMinutes: 60, basePrice: 30, date: '2025-02-17', startTime: '10:30', …}
 AvailabilityService - Slot válido encontrado: {start: '10:30', end: '11:30', court: 'Pista 5', price: 30}
 AvailabilityService - Calculando precio: {courtName: 'Pista 5', durationInMinutes: 60, basePrice: 30, date: '2025-02-17', startTime: '11:00', …}
 AvailabilityService - Slot válido encontrado: {start: '11:00', end: '12:00', court: 'Pista 5', price: 30}
 AvailabilityService - Calculando precio: {courtName: 'Pista 5', durationInMinutes: 60, basePrice: 30, date: '2025-02-17', startTime: '11:30', …}
 AvailabilityService - Slot válido encontrado: {start: '11:30', end: '12:30', court: 'Pista 5', price: 30}
 AvailabilityService - Calculando precio: {courtName: 'Pista 5', durationInMinutes: 60, basePrice: 30, date: '2025-02-17', startTime: '12:00', …}
 AvailabilityService - Slot válido encontrado: {start: '12:00', end: '13:00', court: 'Pista 5', price: 30}
 AvailabilityService - Calculando precio: {courtName: 'Pista 5', durationInMinutes: 60, basePrice: 30, date: '2025-02-17', startTime: '12:30', …}
 AvailabilityService - Slot válido encontrado: {start: '12:30', end: '13:30', court: 'Pista 5', price: 30}
 AvailabilityService - Calculando precio: {courtName: 'Pista 5', durationInMinutes: 60, basePrice: 30, date: '2025-02-17', startTime: '13:00', …}
 AvailabilityService - Slot válido encontrado: {start: '13:00', end: '14:00', court: 'Pista 5', price: 30}
 AvailabilityService - Calculando precio: {courtName: 'Pista 5', durationInMinutes: 60, basePrice: 30, date: '2025-02-17', startTime: '13:30', …}
 AvailabilityService - Slot válido encontrado: {start: '13:30', end: '14:30', court: 'Pista 5', price: 30}
 AvailabilityService - Calculando precio: {courtName: 'Pista 5', durationInMinutes: 60, basePrice: 30, date: '2025-02-17', startTime: '14:00', …}
 AvailabilityService - Slot válido encontrado: {start: '14:00', end: '15:00', court: 'Pista 5', price: 30}
 AvailabilityService - Calculando precio: {courtName: 'Pista 5', durationInMinutes: 60, basePrice: 30, date: '2025-02-17', startTime: '14:30', …}
 AvailabilityService - Slot válido encontrado: {start: '14:30', end: '15:30', court: 'Pista 5', price: 30}
 AvailabilityService - Calculando precio: {courtName: 'Pista 5', durationInMinutes: 60, basePrice: 30, date: '2025-02-17', startTime: '15:00', …}
 AvailabilityService - Slot válido encontrado: {start: '15:00', end: '16:00', court: 'Pista 5', price: 30}
 AvailabilityService - Calculando precio: {courtName: 'Pista 5', durationInMinutes: 60, basePrice: 30, date: '2025-02-17', startTime: '15:30', …}
 AvailabilityService - Slot válido encontrado: {start: '15:30', end: '16:30', court: 'Pista 5', price: 30}
 AvailabilityService - Calculando precio: {courtName: 'Pista 5', durationInMinutes: 60, basePrice: 30, date: '2025-02-17', startTime: '16:00', …}
 AvailabilityService - Slot válido encontrado: {start: '16:00', end: '17:00', court: 'Pista 5', price: 30}
 AvailabilityService - Calculando precio: {courtName: 'Pista 5', durationInMinutes: 60, basePrice: 30, date: '2025-02-17', startTime: '16:30', …}
 AvailabilityService - Slot válido encontrado: {start: '16:30', end: '17:30', court: 'Pista 5', price: 30}
 AvailabilityService - Calculando precio: {courtName: 'Pista 5', durationInMinutes: 60, basePrice: 30, date: '2025-02-17', startTime: '17:00', …}
 AvailabilityService - Slot válido encontrado: {start: '17:00', end: '18:00', court: 'Pista 5', price: 30}
 AvailabilityService - Calculando precio: {courtName: 'Pista 5', durationInMinutes: 60, basePrice: 30, date: '2025-02-17', startTime: '17:30', …}
 AvailabilityService - Slot válido encontrado: {start: '17:30', end: '18:30', court: 'Pista 5', price: 30}
 AvailabilityService - Calculando precio: {courtName: 'Pista 5', durationInMinutes: 60, basePrice: 30, date: '2025-02-17', startTime: '18:00', …}
 AvailabilityService - Slot válido encontrado: {start: '18:00', end: '19:00', court: 'Pista 5', price: 30}
 AvailabilityService - Calculando precio: {courtName: 'Pista 5', durationInMinutes: 60, basePrice: 30, date: '2025-02-17', startTime: '18:30', …}
 AvailabilityService - Slot válido encontrado: {start: '18:30', end: '19:30', court: 'Pista 5', price: 30}
 AvailabilityService - Calculando precio: {courtName: 'Pista 5', durationInMinutes: 60, basePrice: 30, date: '2025-02-17', startTime: '19:00', …}
 AvailabilityService - Slot válido encontrado: {start: '19:00', end: '20:00', court: 'Pista 5', price: 30}
 AvailabilityService - Calculando precio: {courtName: 'Pista 5', durationInMinutes: 60, basePrice: 30, date: '2025-02-17', startTime: '19:30', …}
 AvailabilityService - Slot válido encontrado: {start: '19:30', end: '20:30', court: 'Pista 5', price: 30}
 AvailabilityService - Calculando precio: {courtName: 'Pista 5', durationInMinutes: 60, basePrice: 30, date: '2025-02-17', startTime: '20:00', …}
 AvailabilityService - Slot válido encontrado: {start: '20:00', end: '21:00', court: 'Pista 5', price: 30}
 AvailabilityService - Calculando precio: {courtName: 'Pista 5', durationInMinutes: 60, basePrice: 30, date: '2025-02-17', startTime: '20:30', …}
 AvailabilityService - Slot válido encontrado: {start: '20:30', end: '21:30', court: 'Pista 5', price: 30}
 AvailabilityService - Calculando precio: {courtName: 'Pista 5', durationInMinutes: 60, basePrice: 30, date: '2025-02-17', startTime: '21:00', …}
 AvailabilityService - Slot válido encontrado: {start: '21:00', end: '22:00', court: 'Pista 5', price: 30}
 AvailabilityService - Total slots generados para Pista 5: {totalSlots: 22, durationInMinutes: 60}
 AvailabilityService - Slots generados para Pista 5: (22) [{…}, {…}, {…}, {…}, {…}, {…}, {…}, {…}, {…}, {…}, {…}, {…}, {…}, {…}, {…}, {…}, {…}, {…}, {…}, {…}, {…}, {…}]
 AvailabilityService - Calculando precio: {courtName: 'Pista 5', durationInMinutes: 60, basePrice: 30, date: '2025-02-17', startTime: '10:30', …}
 AvailabilityService - Agregando slot con precio: {court: 'Pista 5', start: '10:30', end: '11:30', price: 30, durationInMinutes: 60}
 AvailabilityService - Calculando precio: {courtName: 'Pista 5', durationInMinutes: 60, basePrice: 30, date: '2025-02-17', startTime: '11:00', …}
 AvailabilityService - Agregando slot con precio: {court: 'Pista 5', start: '11:00', end: '12:00', price: 30, durationInMinutes: 60}
 AvailabilityService - Calculando precio: {courtName: 'Pista 5', durationInMinutes: 60, basePrice: 30, date: '2025-02-17', startTime: '11:30', …}
 AvailabilityService - Agregando slot con precio: {court: 'Pista 5', start: '11:30', end: '12:30', price: 30, durationInMinutes: 60}
 AvailabilityService - Calculando precio: {courtName: 'Pista 5', durationInMinutes: 60, basePrice: 30, date: '2025-02-17', startTime: '12:00', …}
 AvailabilityService - Agregando slot con precio: {court: 'Pista 5', start: '12:00', end: '13:00', price: 30, durationInMinutes: 60}
 AvailabilityService - Calculando precio: {courtName: 'Pista 5', durationInMinutes: 60, basePrice: 30, date: '2025-02-17', startTime: '12:30', …}
 AvailabilityService - Agregando slot con precio: {court: 'Pista 5', start: '12:30', end: '13:30', price: 30, durationInMinutes: 60}
 AvailabilityService - Calculando precio: {courtName: 'Pista 5', durationInMinutes: 60, basePrice: 30, date: '2025-02-17', startTime: '13:00', …}
 AvailabilityService - Agregando slot con precio: {court: 'Pista 5', start: '13:00', end: '14:00', price: 30, durationInMinutes: 60}
 AvailabilityService - Calculando precio: {courtName: 'Pista 5', durationInMinutes: 60, basePrice: 30, date: '2025-02-17', startTime: '13:30', …}
 AvailabilityService - Agregando slot con precio: {court: 'Pista 5', start: '13:30', end: '14:30', price: 30, durationInMinutes: 60}
 AvailabilityService - Calculando precio: {courtName: 'Pista 5', durationInMinutes: 60, basePrice: 30, date: '2025-02-17', startTime: '14:00', …}
 AvailabilityService - Agregando slot con precio: {court: 'Pista 5', start: '14:00', end: '15:00', price: 30, durationInMinutes: 60}
 AvailabilityService - Calculando precio: {courtName: 'Pista 5', durationInMinutes: 60, basePrice: 30, date: '2025-02-17', startTime: '14:30', …}
 AvailabilityService - Agregando slot con precio: {court: 'Pista 5', start: '14:30', end: '15:30', price: 30, durationInMinutes: 60}
 AvailabilityService - Calculando precio: {courtName: 'Pista 5', durationInMinutes: 60, basePrice: 30, date: '2025-02-17', startTime: '15:00', …}
 AvailabilityService - Agregando slot con precio: {court: 'Pista 5', start: '15:00', end: '16:00', price: 30, durationInMinutes: 60}
 AvailabilityService - Calculando precio: {courtName: 'Pista 5', durationInMinutes: 60, basePrice: 30, date: '2025-02-17', startTime: '15:30', …}
 AvailabilityService - Agregando slot con precio: {court: 'Pista 5', start: '15:30', end: '16:30', price: 30, durationInMinutes: 60}
 AvailabilityService - Calculando precio: {courtName: 'Pista 5', durationInMinutes: 60, basePrice: 30, date: '2025-02-17', startTime: '16:00', …}
 AvailabilityService - Agregando slot con precio: {court: 'Pista 5', start: '16:00', end: '17:00', price: 30, durationInMinutes: 60}
 AvailabilityService - Calculando precio: {courtName: 'Pista 5', durationInMinutes: 60, basePrice: 30, date: '2025-02-17', startTime: '16:30', …}
 AvailabilityService - Agregando slot con precio: {court: 'Pista 5', start: '16:30', end: '17:30', price: 30, durationInMinutes: 60}
 AvailabilityService - Calculando precio: {courtName: 'Pista 5', durationInMinutes: 60, basePrice: 30, date: '2025-02-17', startTime: '17:00', …}
 AvailabilityService - Agregando slot con precio: {court: 'Pista 5', start: '17:00', end: '18:00', price: 30, durationInMinutes: 60}
 AvailabilityService - Calculando precio: {courtName: 'Pista 5', durationInMinutes: 60, basePrice: 30, date: '2025-02-17', startTime: '17:30', …}
 AvailabilityService - Agregando slot con precio: {court: 'Pista 5', start: '17:30', end: '18:30', price: 30, durationInMinutes: 60}
 AvailabilityService - Calculando precio: {courtName: 'Pista 5', durationInMinutes: 60, basePrice: 30, date: '2025-02-17', startTime: '18:00', …}
 AvailabilityService - Agregando slot con precio: {court: 'Pista 5', start: '18:00', end: '19:00', price: 30, durationInMinutes: 60}
 AvailabilityService - Calculando precio: {courtName: 'Pista 5', durationInMinutes: 60, basePrice: 30, date: '2025-02-17', startTime: '18:30', …}
 AvailabilityService - Agregando slot con precio: {court: 'Pista 5', start: '18:30', end: '19:30', price: 30, durationInMinutes: 60}
 AvailabilityService - Calculando precio: {courtName: 'Pista 5', durationInMinutes: 60, basePrice: 30, date: '2025-02-17', startTime: '19:00', …}
 AvailabilityService - Agregando slot con precio: {court: 'Pista 5', start: '19:00', end: '20:00', price: 30, durationInMinutes: 60}
 AvailabilityService - Calculando precio: {courtName: 'Pista 5', durationInMinutes: 60, basePrice: 30, date: '2025-02-17', startTime: '19:30', …}
 AvailabilityService - Agregando slot con precio: {court: 'Pista 5', start: '19:30', end: '20:30', price: 30, durationInMinutes: 60}
 AvailabilityService - Calculando precio: {courtName: 'Pista 5', durationInMinutes: 60, basePrice: 30, date: '2025-02-17', startTime: '20:00', …}
 AvailabilityService - Agregando slot con precio: {court: 'Pista 5', start: '20:00', end: '21:00', price: 30, durationInMinutes: 60}
 AvailabilityService - Calculando precio: {courtName: 'Pista 5', durationInMinutes: 60, basePrice: 30, date: '2025-02-17', startTime: '20:30', …}
 AvailabilityService - Agregando slot con precio: {court: 'Pista 5', start: '20:30', end: '21:30', price: 30, durationInMinutes: 60}
 AvailabilityService - Calculando precio: {courtName: 'Pista 5', durationInMinutes: 60, basePrice: 30, date: '2025-02-17', startTime: '21:00', …}
 AvailabilityService - Agregando slot con precio: {court: 'Pista 5', start: '21:00', end: '22:00', price: 30, durationInMinutes: 60}
 AvailabilityService - Evaluando rango final: {start: '12:00', end: '22:00', size: 600}
 AvailabilityService - Rangos disponibles después de filtrado: {totalRanges: 1, ranges: Array(1)}
 AvailabilityService - Rangos disponibles para Pista 2: {ranges: Array(1), durationInMinutes: 60, courtName: 'Pista 2'}
 AvailabilityService - Calculando precio: {courtName: 'Pista 2', durationInMinutes: 60, basePrice: 40, date: '2025-02-17', startTime: '12:00', …}
 AvailabilityService - Slot válido encontrado: {start: '12:00', end: '13:00', court: 'Pista 2', price: 40}
 AvailabilityService - Calculando precio: {courtName: 'Pista 2', durationInMinutes: 60, basePrice: 40, date: '2025-02-17', startTime: '12:30', …}
 AvailabilityService - Slot válido encontrado: {start: '12:30', end: '13:30', court: 'Pista 2', price: 40}
 AvailabilityService - Calculando precio: {courtName: 'Pista 2', durationInMinutes: 60, basePrice: 40, date: '2025-02-17', startTime: '13:00', …}
 AvailabilityService - Slot válido encontrado: {start: '13:00', end: '14:00', court: 'Pista 2', price: 40}
 AvailabilityService - Calculando precio: {courtName: 'Pista 2', durationInMinutes: 60, basePrice: 40, date: '2025-02-17', startTime: '13:30', …}
 AvailabilityService - Slot válido encontrado: {start: '13:30', end: '14:30', court: 'Pista 2', price: 40}
 AvailabilityService - Calculando precio: {courtName: 'Pista 2', durationInMinutes: 60, basePrice: 40, date: '2025-02-17', startTime: '14:00', …}
 AvailabilityService - Slot válido encontrado: {start: '14:00', end: '15:00', court: 'Pista 2', price: 40}
 AvailabilityService - Calculando precio: {courtName: 'Pista 2', durationInMinutes: 60, basePrice: 40, date: '2025-02-17', startTime: '14:30', …}
 AvailabilityService - Slot válido encontrado: {start: '14:30', end: '15:30', court: 'Pista 2', price: 40}
 AvailabilityService - Calculando precio: {courtName: 'Pista 2', durationInMinutes: 60, basePrice: 40, date: '2025-02-17', startTime: '15:00', …}
 AvailabilityService - Slot válido encontrado: {start: '15:00', end: '16:00', court: 'Pista 2', price: 40}
 AvailabilityService - Calculando precio: {courtName: 'Pista 2', durationInMinutes: 60, basePrice: 40, date: '2025-02-17', startTime: '15:30', …}
 AvailabilityService - Slot válido encontrado: {start: '15:30', end: '16:30', court: 'Pista 2', price: 40}
 AvailabilityService - Calculando precio: {courtName: 'Pista 2', durationInMinutes: 60, basePrice: 40, date: '2025-02-17', startTime: '16:00', …}
 AvailabilityService - Slot válido encontrado: {start: '16:00', end: '17:00', court: 'Pista 2', price: 40}
 AvailabilityService - Calculando precio: {courtName: 'Pista 2', durationInMinutes: 60, basePrice: 40, date: '2025-02-17', startTime: '16:30', …}
 AvailabilityService - Slot válido encontrado: {start: '16:30', end: '17:30', court: 'Pista 2', price: 40}
 AvailabilityService - Calculando precio: {courtName: 'Pista 2', durationInMinutes: 60, basePrice: 40, date: '2025-02-17', startTime: '17:00', …}
 AvailabilityService - Slot válido encontrado: {start: '17:00', end: '18:00', court: 'Pista 2', price: 40}
 AvailabilityService - Calculando precio: {courtName: 'Pista 2', durationInMinutes: 60, basePrice: 40, date: '2025-02-17', startTime: '17:30', …}
 AvailabilityService - Slot válido encontrado: {start: '17:30', end: '18:30', court: 'Pista 2', price: 40}
 AvailabilityService - Calculando precio: {courtName: 'Pista 2', durationInMinutes: 60, basePrice: 40, date: '2025-02-17', startTime: '18:00', …}
 AvailabilityService - Slot válido encontrado: {start: '18:00', end: '19:00', court: 'Pista 2', price: 40}
 AvailabilityService - Calculando precio: {courtName: 'Pista 2', durationInMinutes: 60, basePrice: 40, date: '2025-02-17', startTime: '18:30', …}
 AvailabilityService - Slot válido encontrado: {start: '18:30', end: '19:30', court: 'Pista 2', price: 40}
 AvailabilityService - Calculando precio: {courtName: 'Pista 2', durationInMinutes: 60, basePrice: 40, date: '2025-02-17', startTime: '19:00', …}
 AvailabilityService - Slot válido encontrado: {start: '19:00', end: '20:00', court: 'Pista 2', price: 40}
 AvailabilityService - Calculando precio: {courtName: 'Pista 2', durationInMinutes: 60, basePrice: 40, date: '2025-02-17', startTime: '19:30', …}
 AvailabilityService - Slot válido encontrado: {start: '19:30', end: '20:30', court: 'Pista 2', price: 40}
 AvailabilityService - Calculando precio: {courtName: 'Pista 2', durationInMinutes: 60, basePrice: 40, date: '2025-02-17', startTime: '20:00', …}
 AvailabilityService - Slot válido encontrado: {start: '20:00', end: '21:00', court: 'Pista 2', price: 40}
 AvailabilityService - Calculando precio: {courtName: 'Pista 2', durationInMinutes: 60, basePrice: 40, date: '2025-02-17', startTime: '20:30', …}
 AvailabilityService - Slot válido encontrado: {start: '20:30', end: '21:30', court: 'Pista 2', price: 40}
 AvailabilityService - Calculando precio: {courtName: 'Pista 2', durationInMinutes: 60, basePrice: 40, date: '2025-02-17', startTime: '21:00', …}
 AvailabilityService - Slot válido encontrado: {start: '21:00', end: '22:00', court: 'Pista 2', price: 40}
 AvailabilityService - Total slots generados para Pista 2: {totalSlots: 19, durationInMinutes: 60}
 AvailabilityService - Slots generados para Pista 2: (19) [{…}, {…}, {…}, {…}, {…}, {…}, {…}, {…}, {…}, {…}, {…}, {…}, {…}, {…}, {…}, {…}, {…}, {…}, {…}]
 AvailabilityService - Calculando precio: {courtName: 'Pista 2', durationInMinutes: 60, basePrice: 40, date: '2025-02-17', startTime: '12:00', …}
 AvailabilityService - Agregando slot con precio: {court: 'Pista 2', start: '12:00', end: '13:00', price: 40, durationInMinutes: 60}
 AvailabilityService - Calculando precio: {courtName: 'Pista 2', durationInMinutes: 60, basePrice: 40, date: '2025-02-17', startTime: '12:30', …}
 AvailabilityService - Agregando slot con precio: {court: 'Pista 2', start: '12:30', end: '13:30', price: 40, durationInMinutes: 60}
 AvailabilityService - Calculando precio: {courtName: 'Pista 2', durationInMinutes: 60, basePrice: 40, date: '2025-02-17', startTime: '13:00', …}
 AvailabilityService - Agregando slot con precio: {court: 'Pista 2', start: '13:00', end: '14:00', price: 40, durationInMinutes: 60}
 AvailabilityService - Calculando precio: {courtName: 'Pista 2', durationInMinutes: 60, basePrice: 40, date: '2025-02-17', startTime: '13:30', …}
 AvailabilityService - Agregando slot con precio: {court: 'Pista 2', start: '13:30', end: '14:30', price: 40, durationInMinutes: 60}
 AvailabilityService - Calculando precio: {courtName: 'Pista 2', durationInMinutes: 60, basePrice: 40, date: '2025-02-17', startTime: '14:00', …}
 AvailabilityService - Agregando slot con precio: {court: 'Pista 2', start: '14:00', end: '15:00', price: 40, durationInMinutes: 60}
 AvailabilityService - Calculando precio: {courtName: 'Pista 2', durationInMinutes: 60, basePrice: 40, date: '2025-02-17', startTime: '14:30', …}
 AvailabilityService - Agregando slot con precio: {court: 'Pista 2', start: '14:30', end: '15:30', price: 40, durationInMinutes: 60}
 AvailabilityService - Calculando precio: {courtName: 'Pista 2', durationInMinutes: 60, basePrice: 40, date: '2025-02-17', startTime: '15:00', …}
 AvailabilityService - Agregando slot con precio: {court: 'Pista 2', start: '15:00', end: '16:00', price: 40, durationInMinutes: 60}
 AvailabilityService - Calculando precio: {courtName: 'Pista 2', durationInMinutes: 60, basePrice: 40, date: '2025-02-17', startTime: '15:30', …}
 AvailabilityService - Agregando slot con precio: {court: 'Pista 2', start: '15:30', end: '16:30', price: 40, durationInMinutes: 60}
 AvailabilityService - Calculando precio: {courtName: 'Pista 2', durationInMinutes: 60, basePrice: 40, date: '2025-02-17', startTime: '16:00', …}
 AvailabilityService - Agregando slot con precio: {court: 'Pista 2', start: '16:00', end: '17:00', price: 40, durationInMinutes: 60}
 AvailabilityService - Calculando precio: {courtName: 'Pista 2', durationInMinutes: 60, basePrice: 40, date: '2025-02-17', startTime: '16:30', …}
 AvailabilityService - Agregando slot con precio: {court: 'Pista 2', start: '16:30', end: '17:30', price: 40, durationInMinutes: 60}
 AvailabilityService - Calculando precio: {courtName: 'Pista 2', durationInMinutes: 60, basePrice: 40, date: '2025-02-17', startTime: '17:00', …}
 AvailabilityService - Agregando slot con precio: {court: 'Pista 2', start: '17:00', end: '18:00', price: 40, durationInMinutes: 60}
 AvailabilityService - Calculando precio: {courtName: 'Pista 2', durationInMinutes: 60, basePrice: 40, date: '2025-02-17', startTime: '17:30', …}
 AvailabilityService - Agregando slot con precio: {court: 'Pista 2', start: '17:30', end: '18:30', price: 40, durationInMinutes: 60}
 AvailabilityService - Calculando precio: {courtName: 'Pista 2', durationInMinutes: 60, basePrice: 40, date: '2025-02-17', startTime: '18:00', …}
 AvailabilityService - Agregando slot con precio: {court: 'Pista 2', start: '18:00', end: '19:00', price: 40, durationInMinutes: 60}
 AvailabilityService - Calculando precio: {courtName: 'Pista 2', durationInMinutes: 60, basePrice: 40, date: '2025-02-17', startTime: '18:30', …}
 AvailabilityService - Agregando slot con precio: {court: 'Pista 2', start: '18:30', end: '19:30', price: 40, durationInMinutes: 60}
 AvailabilityService - Calculando precio: {courtName: 'Pista 2', durationInMinutes: 60, basePrice: 40, date: '2025-02-17', startTime: '19:00', …}
 AvailabilityService - Agregando slot con precio: {court: 'Pista 2', start: '19:00', end: '20:00', price: 40, durationInMinutes: 60}
 AvailabilityService - Calculando precio: {courtName: 'Pista 2', durationInMinutes: 60, basePrice: 40, date: '2025-02-17', startTime: '19:30', …}
 AvailabilityService - Agregando slot con precio: {court: 'Pista 2', start: '19:30', end: '20:30', price: 40, durationInMinutes: 60}
 AvailabilityService - Calculando precio: {courtName: 'Pista 2', durationInMinutes: 60, basePrice: 40, date: '2025-02-17', startTime: '20:00', …}
 AvailabilityService - Agregando slot con precio: {court: 'Pista 2', start: '20:00', end: '21:00', price: 40, durationInMinutes: 60}
 AvailabilityService - Calculando precio: {courtName: 'Pista 2', durationInMinutes: 60, basePrice: 40, date: '2025-02-17', startTime: '20:30', …}
 AvailabilityService - Agregando slot con precio: {court: 'Pista 2', start: '20:30', end: '21:30', price: 40, durationInMinutes: 60}
 AvailabilityService - Calculando precio: {courtName: 'Pista 2', durationInMinutes: 60, basePrice: 40, date: '2025-02-17', startTime: '21:00', …}
 AvailabilityService - Agregando slot con precio: {court: 'Pista 2', start: '21:00', end: '22:00', price: 40, durationInMinutes: 60}
 AvailabilityService - Evaluando rango final: {start: '10:30', end: '12:00', size: 90}
 AvailabilityService - Evaluando rango final: {start: '10:30', end: '22:00', size: 690}
 AvailabilityService - Rangos disponibles después de filtrado: {totalRanges: 2, ranges: Array(2)}
 AvailabilityService - Rangos disponibles para Pista 3: {ranges: Array(1), durationInMinutes: 60, courtName: 'Pista 3'}
 AvailabilityService - Calculando precio: {courtName: 'Pista 3', durationInMinutes: 60, basePrice: 45, date: '2025-02-17', startTime: '10:30', …}
 AvailabilityService - Slot válido encontrado: {start: '10:30', end: '11:30', court: 'Pista 3', price: 45}
 AvailabilityService - Calculando precio: {courtName: 'Pista 3', durationInMinutes: 60, basePrice: 45, date: '2025-02-17', startTime: '11:00', …}
 AvailabilityService - Slot válido encontrado: {start: '11:00', end: '12:00', court: 'Pista 3', price: 45}
 AvailabilityService - Calculando precio: {courtName: 'Pista 3', durationInMinutes: 60, basePrice: 45, date: '2025-02-17', startTime: '11:30', …}
 AvailabilityService - Slot válido encontrado: {start: '11:30', end: '12:30', court: 'Pista 3', price: 45}
 AvailabilityService - Calculando precio: {courtName: 'Pista 3', durationInMinutes: 60, basePrice: 45, date: '2025-02-17', startTime: '12:00', …}
 AvailabilityService - Slot válido encontrado: {start: '12:00', end: '13:00', court: 'Pista 3', price: 45}
 AvailabilityService - Calculando precio: {courtName: 'Pista 3', durationInMinutes: 60, basePrice: 45, date: '2025-02-17', startTime: '12:30', …}
 AvailabilityService - Slot válido encontrado: {start: '12:30', end: '13:30', court: 'Pista 3', price: 45}
 AvailabilityService - Calculando precio: {courtName: 'Pista 3', durationInMinutes: 60, basePrice: 45, date: '2025-02-17', startTime: '13:00', …}
 AvailabilityService - Slot válido encontrado: {start: '13:00', end: '14:00', court: 'Pista 3', price: 45}
 AvailabilityService - Calculando precio: {courtName: 'Pista 3', durationInMinutes: 60, basePrice: 45, date: '2025-02-17', startTime: '13:30', …}
 AvailabilityService - Slot válido encontrado: {start: '13:30', end: '14:30', court: 'Pista 3', price: 45}
 AvailabilityService - Calculando precio: {courtName: 'Pista 3', durationInMinutes: 60, basePrice: 45, date: '2025-02-17', startTime: '14:00', …}
 AvailabilityService - Slot válido encontrado: {start: '14:00', end: '15:00', court: 'Pista 3', price: 45}
 AvailabilityService - Calculando precio: {courtName: 'Pista 3', durationInMinutes: 60, basePrice: 45, date: '2025-02-17', startTime: '14:30', …}
 AvailabilityService - Slot válido encontrado: {start: '14:30', end: '15:30', court: 'Pista 3', price: 45}
 AvailabilityService - Calculando precio: {courtName: 'Pista 3', durationInMinutes: 60, basePrice: 45, date: '2025-02-17', startTime: '15:00', …}
 AvailabilityService - Slot válido encontrado: {start: '15:00', end: '16:00', court: 'Pista 3', price: 45}
 AvailabilityService - Calculando precio: {courtName: 'Pista 3', durationInMinutes: 60, basePrice: 45, date: '2025-02-17', startTime: '15:30', …}
 AvailabilityService - Slot válido encontrado: {start: '15:30', end: '16:30', court: 'Pista 3', price: 45}
 AvailabilityService - Calculando precio: {courtName: 'Pista 3', durationInMinutes: 60, basePrice: 45, date: '2025-02-17', startTime: '16:00', …}
 AvailabilityService - Slot válido encontrado: {start: '16:00', end: '17:00', court: 'Pista 3', price: 45}
 AvailabilityService - Calculando precio: {courtName: 'Pista 3', durationInMinutes: 60, basePrice: 45, date: '2025-02-17', startTime: '16:30', …}
 AvailabilityService - Slot válido encontrado: {start: '16:30', end: '17:30', court: 'Pista 3', price: 45}
 AvailabilityService - Calculando precio: {courtName: 'Pista 3', durationInMinutes: 60, basePrice: 45, date: '2025-02-17', startTime: '17:00', …}
 AvailabilityService - Slot válido encontrado: {start: '17:00', end: '18:00', court: 'Pista 3', price: 45}
 AvailabilityService - Calculando precio: {courtName: 'Pista 3', durationInMinutes: 60, basePrice: 45, date: '2025-02-17', startTime: '17:30', …}
 AvailabilityService - Slot válido encontrado: {start: '17:30', end: '18:30', court: 'Pista 3', price: 45}
 AvailabilityService - Calculando precio: {courtName: 'Pista 3', durationInMinutes: 60, basePrice: 45, date: '2025-02-17', startTime: '18:00', …}
 AvailabilityService - Slot válido encontrado: {start: '18:00', end: '19:00', court: 'Pista 3', price: 45}
 AvailabilityService - Calculando precio: {courtName: 'Pista 3', durationInMinutes: 60, basePrice: 45, date: '2025-02-17', startTime: '18:30', …}
 AvailabilityService - Slot válido encontrado: {start: '18:30', end: '19:30', court: 'Pista 3', price: 45}
 AvailabilityService - Calculando precio: {courtName: 'Pista 3', durationInMinutes: 60, basePrice: 45, date: '2025-02-17', startTime: '19:00', …}
 AvailabilityService - Slot válido encontrado: {start: '19:00', end: '20:00', court: 'Pista 3', price: 45}
 AvailabilityService - Calculando precio: {courtName: 'Pista 3', durationInMinutes: 60, basePrice: 45, date: '2025-02-17', startTime: '19:30', …}
 AvailabilityService - Slot válido encontrado: {start: '19:30', end: '20:30', court: 'Pista 3', price: 45}
 AvailabilityService - Calculando precio: {courtName: 'Pista 3', durationInMinutes: 60, basePrice: 45, date: '2025-02-17', startTime: '20:00', …}
 AvailabilityService - Slot válido encontrado: {start: '20:00', end: '21:00', court: 'Pista 3', price: 45}
 AvailabilityService - Calculando precio: {courtName: 'Pista 3', durationInMinutes: 60, basePrice: 45, date: '2025-02-17', startTime: '20:30', …}
 AvailabilityService - Slot válido encontrado: {start: '20:30', end: '21:30', court: 'Pista 3', price: 45}
 AvailabilityService - Calculando precio: {courtName: 'Pista 3', durationInMinutes: 60, basePrice: 45, date: '2025-02-17', startTime: '21:00', …}
 AvailabilityService - Slot válido encontrado: {start: '21:00', end: '22:00', court: 'Pista 3', price: 45}
 AvailabilityService - Total slots generados para Pista 3: {totalSlots: 22, durationInMinutes: 60}
 AvailabilityService - Slots generados para Pista 3: (22) [{…}, {…}, {…}, {…}, {…}, {…}, {…}, {…}, {…}, {…}, {…}, {…}, {…}, {…}, {…}, {…}, {…}, {…}, {…}, {…}, {…}, {…}]
 AvailabilityService - Calculando precio: {courtName: 'Pista 3', durationInMinutes: 60, basePrice: 45, date: '2025-02-17', startTime: '10:30', …}
 AvailabilityService - Agregando slot con precio: {court: 'Pista 3', start: '10:30', end: '11:30', price: 45, durationInMinutes: 60}
 AvailabilityService - Calculando precio: {courtName: 'Pista 3', durationInMinutes: 60, basePrice: 45, date: '2025-02-17', startTime: '11:00', …}
 AvailabilityService - Agregando slot con precio: {court: 'Pista 3', start: '11:00', end: '12:00', price: 45, durationInMinutes: 60}
 AvailabilityService - Calculando precio: {courtName: 'Pista 3', durationInMinutes: 60, basePrice: 45, date: '2025-02-17', startTime: '11:30', …}
 AvailabilityService - Agregando slot con precio: {court: 'Pista 3', start: '11:30', end: '12:30', price: 45, durationInMinutes: 60}
 AvailabilityService - Calculando precio: {courtName: 'Pista 3', durationInMinutes: 60, basePrice: 45, date: '2025-02-17', startTime: '12:00', …}
 AvailabilityService - Agregando slot con precio: {court: 'Pista 3', start: '12:00', end: '13:00', price: 45, durationInMinutes: 60}
 AvailabilityService - Calculando precio: {courtName: 'Pista 3', durationInMinutes: 60, basePrice: 45, date: '2025-02-17', startTime: '12:30', …}
 AvailabilityService - Agregando slot con precio: {court: 'Pista 3', start: '12:30', end: '13:30', price: 45, durationInMinutes: 60}
 AvailabilityService - Calculando precio: {courtName: 'Pista 3', durationInMinutes: 60, basePrice: 45, date: '2025-02-17', startTime: '13:00', …}
 AvailabilityService - Agregando slot con precio: {court: 'Pista 3', start: '13:00', end: '14:00', price: 45, durationInMinutes: 60}
 AvailabilityService - Calculando precio: {courtName: 'Pista 3', durationInMinutes: 60, basePrice: 45, date: '2025-02-17', startTime: '13:30', …}
 AvailabilityService - Agregando slot con precio: {court: 'Pista 3', start: '13:30', end: '14:30', price: 45, durationInMinutes: 60}
 AvailabilityService - Calculando precio: {courtName: 'Pista 3', durationInMinutes: 60, basePrice: 45, date: '2025-02-17', startTime: '14:00', …}
 AvailabilityService - Agregando slot con precio: {court: 'Pista 3', start: '14:00', end: '15:00', price: 45, durationInMinutes: 60}
 AvailabilityService - Calculando precio: {courtName: 'Pista 3', durationInMinutes: 60, basePrice: 45, date: '2025-02-17', startTime: '14:30', …}
 AvailabilityService - Agregando slot con precio: {court: 'Pista 3', start: '14:30', end: '15:30', price: 45, durationInMinutes: 60}
 AvailabilityService - Calculando precio: {courtName: 'Pista 3', durationInMinutes: 60, basePrice: 45, date: '2025-02-17', startTime: '15:00', …}
 AvailabilityService - Agregando slot con precio: {court: 'Pista 3', start: '15:00', end: '16:00', price: 45, durationInMinutes: 60}
 AvailabilityService - Calculando precio: {courtName: 'Pista 3', durationInMinutes: 60, basePrice: 45, date: '2025-02-17', startTime: '15:30', …}
 AvailabilityService - Agregando slot con precio: {court: 'Pista 3', start: '15:30', end: '16:30', price: 45, durationInMinutes: 60}
 AvailabilityService - Calculando precio: {courtName: 'Pista 3', durationInMinutes: 60, basePrice: 45, date: '2025-02-17', startTime: '16:00', …}
 AvailabilityService - Agregando slot con precio: {court: 'Pista 3', start: '16:00', end: '17:00', price: 45, durationInMinutes: 60}
 AvailabilityService - Calculando precio: {courtName: 'Pista 3', durationInMinutes: 60, basePrice: 45, date: '2025-02-17', startTime: '16:30', …}
 AvailabilityService - Agregando slot con precio: {court: 'Pista 3', start: '16:30', end: '17:30', price: 45, durationInMinutes: 60}
 AvailabilityService - Calculando precio: {courtName: 'Pista 3', durationInMinutes: 60, basePrice: 45, date: '2025-02-17', startTime: '17:00', …}
 AvailabilityService - Agregando slot con precio: {court: 'Pista 3', start: '17:00', end: '18:00', price: 45, durationInMinutes: 60}
 AvailabilityService - Calculando precio: {courtName: 'Pista 3', durationInMinutes: 60, basePrice: 45, date: '2025-02-17', startTime: '17:30', …}
 AvailabilityService - Agregando slot con precio: {court: 'Pista 3', start: '17:30', end: '18:30', price: 45, durationInMinutes: 60}
 AvailabilityService - Calculando precio: {courtName: 'Pista 3', durationInMinutes: 60, basePrice: 45, date: '2025-02-17', startTime: '18:00', …}
 AvailabilityService - Agregando slot con precio: {court: 'Pista 3', start: '18:00', end: '19:00', price: 45, durationInMinutes: 60}
 AvailabilityService - Calculando precio: {courtName: 'Pista 3', durationInMinutes: 60, basePrice: 45, date: '2025-02-17', startTime: '18:30', …}
 AvailabilityService - Agregando slot con precio: {court: 'Pista 3', start: '18:30', end: '19:30', price: 45, durationInMinutes: 60}
 AvailabilityService - Calculando precio: {courtName: 'Pista 3', durationInMinutes: 60, basePrice: 45, date: '2025-02-17', startTime: '19:00', …}
 AvailabilityService - Agregando slot con precio: {court: 'Pista 3', start: '19:00', end: '20:00', price: 45, durationInMinutes: 60}
 AvailabilityService - Calculando precio: {courtName: 'Pista 3', durationInMinutes: 60, basePrice: 45, date: '2025-02-17', startTime: '19:30', …}
 AvailabilityService - Agregando slot con precio: {court: 'Pista 3', start: '19:30', end: '20:30', price: 45, durationInMinutes: 60}
 AvailabilityService - Calculando precio: {courtName: 'Pista 3', durationInMinutes: 60, basePrice: 45, date: '2025-02-17', startTime: '20:00', …}
 AvailabilityService - Agregando slot con precio: {court: 'Pista 3', start: '20:00', end: '21:00', price: 45, durationInMinutes: 60}
 AvailabilityService - Calculando precio: {courtName: 'Pista 3', durationInMinutes: 60, basePrice: 45, date: '2025-02-17', startTime: '20:30', …}
 AvailabilityService - Agregando slot con precio: {court: 'Pista 3', start: '20:30', end: '21:30', price: 45, durationInMinutes: 60}
 AvailabilityService - Calculando precio: {courtName: 'Pista 3', durationInMinutes: 60, basePrice: 45, date: '2025-02-17', startTime: '21:00', …}
 AvailabilityService - Agregando slot con precio: {court: 'Pista 3', start: '21:00', end: '22:00', price: 45, durationInMinutes: 60}
 AvailabilityService - Evaluando rango final: {start: '12:00', end: '22:00', size: 600}
 AvailabilityService - Rangos disponibles después de filtrado: {totalRanges: 1, ranges: Array(1)}
 AvailabilityService - Rangos disponibles para Pista 1: {ranges: Array(1), durationInMinutes: 60, courtName: 'Pista 1'}
 AvailabilityService - Calculando precio: {courtName: 'Pista 1', durationInMinutes: 60, basePrice: 45, date: '2025-02-17', startTime: '12:00', …}
 AvailabilityService - Slot válido encontrado: {start: '12:00', end: '13:00', court: 'Pista 1', price: 45}
 AvailabilityService - Calculando precio: {courtName: 'Pista 1', durationInMinutes: 60, basePrice: 45, date: '2025-02-17', startTime: '12:30', …}
 AvailabilityService - Slot válido encontrado: {start: '12:30', end: '13:30', court: 'Pista 1', price: 45}
 AvailabilityService - Calculando precio: {courtName: 'Pista 1', durationInMinutes: 60, basePrice: 45, date: '2025-02-17', startTime: '13:00', …}
 AvailabilityService - Slot válido encontrado: {start: '13:00', end: '14:00', court: 'Pista 1', price: 45}
 AvailabilityService - Calculando precio: {courtName: 'Pista 1', durationInMinutes: 60, basePrice: 45, date: '2025-02-17', startTime: '13:30', …}
 AvailabilityService - Slot válido encontrado: {start: '13:30', end: '14:30', court: 'Pista 1', price: 45}
 AvailabilityService - Calculando precio: {courtName: 'Pista 1', durationInMinutes: 60, basePrice: 45, date: '2025-02-17', startTime: '14:00', …}
 AvailabilityService - Slot válido encontrado: {start: '14:00', end: '15:00', court: 'Pista 1', price: 45}
 AvailabilityService - Calculando precio: {courtName: 'Pista 1', durationInMinutes: 60, basePrice: 45, date: '2025-02-17', startTime: '14:30', …}
 AvailabilityService - Slot válido encontrado: {start: '14:30', end: '15:30', court: 'Pista 1', price: 45}
 AvailabilityService - Calculando precio: {courtName: 'Pista 1', durationInMinutes: 60, basePrice: 45, date: '2025-02-17', startTime: '15:00', …}
 AvailabilityService - Slot válido encontrado: {start: '15:00', end: '16:00', court: 'Pista 1', price: 45}
 AvailabilityService - Calculando precio: {courtName: 'Pista 1', durationInMinutes: 60, basePrice: 45, date: '2025-02-17', startTime: '15:30', …}
 AvailabilityService - Slot válido encontrado: {start: '15:30', end: '16:30', court: 'Pista 1', price: 45}
 AvailabilityService - Calculando precio: {courtName: 'Pista 1', durationInMinutes: 60, basePrice: 45, date: '2025-02-17', startTime: '16:00', …}
 AvailabilityService - Slot válido encontrado: {start: '16:00', end: '17:00', court: 'Pista 1', price: 45}
 AvailabilityService - Calculando precio: {courtName: 'Pista 1', durationInMinutes: 60, basePrice: 45, date: '2025-02-17', startTime: '16:30', …}
 AvailabilityService - Slot válido encontrado: {start: '16:30', end: '17:30', court: 'Pista 1', price: 45}
 AvailabilityService - Calculando precio: {courtName: 'Pista 1', durationInMinutes: 60, basePrice: 45, date: '2025-02-17', startTime: '17:00', …}
 AvailabilityService - Slot válido encontrado: {start: '17:00', end: '18:00', court: 'Pista 1', price: 45}
 AvailabilityService - Calculando precio: {courtName: 'Pista 1', durationInMinutes: 60, basePrice: 45, date: '2025-02-17', startTime: '17:30', …}
 AvailabilityService - Slot válido encontrado: {start: '17:30', end: '18:30', court: 'Pista 1', price: 45}
 AvailabilityService - Calculando precio: {courtName: 'Pista 1', durationInMinutes: 60, basePrice: 45, date: '2025-02-17', startTime: '18:00', …}
 AvailabilityService - Slot válido encontrado: {start: '18:00', end: '19:00', court: 'Pista 1', price: 45}
 AvailabilityService - Calculando precio: {courtName: 'Pista 1', durationInMinutes: 60, basePrice: 45, date: '2025-02-17', startTime: '18:30', …}
 AvailabilityService - Slot válido encontrado: {start: '18:30', end: '19:30', court: 'Pista 1', price: 45}
 AvailabilityService - Calculando precio: {courtName: 'Pista 1', durationInMinutes: 60, basePrice: 45, date: '2025-02-17', startTime: '19:00', …}
 AvailabilityService - Slot válido encontrado: {start: '19:00', end: '20:00', court: 'Pista 1', price: 45}
 AvailabilityService - Calculando precio: {courtName: 'Pista 1', durationInMinutes: 60, basePrice: 45, date: '2025-02-17', startTime: '19:30', …}
 AvailabilityService - Slot válido encontrado: {start: '19:30', end: '20:30', court: 'Pista 1', price: 45}
 AvailabilityService - Calculando precio: {courtName: 'Pista 1', durationInMinutes: 60, basePrice: 45, date: '2025-02-17', startTime: '20:00', …}
 AvailabilityService - Slot válido encontrado: {start: '20:00', end: '21:00', court: 'Pista 1', price: 45}
 AvailabilityService - Calculando precio: {courtName: 'Pista 1', durationInMinutes: 60, basePrice: 45, date: '2025-02-17', startTime: '20:30', …}
 AvailabilityService - Slot válido encontrado: {start: '20:30', end: '21:30', court: 'Pista 1', price: 45}
 AvailabilityService - Calculando precio: {courtName: 'Pista 1', durationInMinutes: 60, basePrice: 45, date: '2025-02-17', startTime: '21:00', …}
 AvailabilityService - Slot válido encontrado: {start: '21:00', end: '22:00', court: 'Pista 1', price: 45}
 AvailabilityService - Total slots generados para Pista 1: {totalSlots: 19, durationInMinutes: 60}
 AvailabilityService - Slots generados para Pista 1: (19) [{…}, {…}, {…}, {…}, {…}, {…}, {…}, {…}, {…}, {…}, {…}, {…}, {…}, {…}, {…}, {…}, {…}, {…}, {…}]
 AvailabilityService - Calculando precio: {courtName: 'Pista 1', durationInMinutes: 60, basePrice: 45, date: '2025-02-17', startTime: '12:00', …}
 AvailabilityService - Agregando slot con precio: {court: 'Pista 1', start: '12:00', end: '13:00', price: 45, durationInMinutes: 60}
 AvailabilityService - Calculando precio: {courtName: 'Pista 1', durationInMinutes: 60, basePrice: 45, date: '2025-02-17', startTime: '12:30', …}
 AvailabilityService - Agregando slot con precio: {court: 'Pista 1', start: '12:30', end: '13:30', price: 45, durationInMinutes: 60}
 AvailabilityService - Calculando precio: {courtName: 'Pista 1', durationInMinutes: 60, basePrice: 45, date: '2025-02-17', startTime: '13:00', …}
 AvailabilityService - Agregando slot con precio: {court: 'Pista 1', start: '13:00', end: '14:00', price: 45, durationInMinutes: 60}
 AvailabilityService - Calculando precio: {courtName: 'Pista 1', durationInMinutes: 60, basePrice: 45, date: '2025-02-17', startTime: '13:30', …}
 AvailabilityService - Agregando slot con precio: {court: 'Pista 1', start: '13:30', end: '14:30', price: 45, durationInMinutes: 60}
 AvailabilityService - Calculando precio: {courtName: 'Pista 1', durationInMinutes: 60, basePrice: 45, date: '2025-02-17', startTime: '14:00', …}
 AvailabilityService - Agregando slot con precio: {court: 'Pista 1', start: '14:00', end: '15:00', price: 45, durationInMinutes: 60}
 AvailabilityService - Calculando precio: {courtName: 'Pista 1', durationInMinutes: 60, basePrice: 45, date: '2025-02-17', startTime: '14:30', …}
 AvailabilityService - Agregando slot con precio: {court: 'Pista 1', start: '14:30', end: '15:30', price: 45, durationInMinutes: 60}
 AvailabilityService - Calculando precio: {courtName: 'Pista 1', durationInMinutes: 60, basePrice: 45, date: '2025-02-17', startTime: '15:00', …}
 AvailabilityService - Agregando slot con precio: {court: 'Pista 1', start: '15:00', end: '16:00', price: 45, durationInMinutes: 60}
 AvailabilityService - Calculando precio: {courtName: 'Pista 1', durationInMinutes: 60, basePrice: 45, date: '2025-02-17', startTime: '15:30', …}
 AvailabilityService - Agregando slot con precio: {court: 'Pista 1', start: '15:30', end: '16:30', price: 45, durationInMinutes: 60}
 AvailabilityService - Calculando precio: {courtName: 'Pista 1', durationInMinutes: 60, basePrice: 45, date: '2025-02-17', startTime: '16:00', …}
 AvailabilityService - Agregando slot con precio: {court: 'Pista 1', start: '16:00', end: '17:00', price: 45, durationInMinutes: 60}
 AvailabilityService - Calculando precio: {courtName: 'Pista 1', durationInMinutes: 60, basePrice: 45, date: '2025-02-17', startTime: '16:30', …}
 AvailabilityService - Agregando slot con precio: {court: 'Pista 1', start: '16:30', end: '17:30', price: 45, durationInMinutes: 60}
 AvailabilityService - Calculando precio: {courtName: 'Pista 1', durationInMinutes: 60, basePrice: 45, date: '2025-02-17', startTime: '17:00', …}
 AvailabilityService - Agregando slot con precio: {court: 'Pista 1', start: '17:00', end: '18:00', price: 45, durationInMinutes: 60}
 AvailabilityService - Calculando precio: {courtName: 'Pista 1', durationInMinutes: 60, basePrice: 45, date: '2025-02-17', startTime: '17:30', …}
 AvailabilityService - Agregando slot con precio: {court: 'Pista 1', start: '17:30', end: '18:30', price: 45, durationInMinutes: 60}
 AvailabilityService - Calculando precio: {courtName: 'Pista 1', durationInMinutes: 60, basePrice: 45, date: '2025-02-17', startTime: '18:00', …}
 AvailabilityService - Agregando slot con precio: {court: 'Pista 1', start: '18:00', end: '19:00', price: 45, durationInMinutes: 60}
 AvailabilityService - Calculando precio: {courtName: 'Pista 1', durationInMinutes: 60, basePrice: 45, date: '2025-02-17', startTime: '18:30', …}
 AvailabilityService - Agregando slot con precio: {court: 'Pista 1', start: '18:30', end: '19:30', price: 45, durationInMinutes: 60}
 AvailabilityService - Calculando precio: {courtName: 'Pista 1', durationInMinutes: 60, basePrice: 45, date: '2025-02-17', startTime: '19:00', …}
 AvailabilityService - Agregando slot con precio: {court: 'Pista 1', start: '19:00', end: '20:00', price: 45, durationInMinutes: 60}
 AvailabilityService - Calculando precio: {courtName: 'Pista 1', durationInMinutes: 60, basePrice: 45, date: '2025-02-17', startTime: '19:30', …}
 AvailabilityService - Agregando slot con precio: {court: 'Pista 1', start: '19:30', end: '20:30', price: 45, durationInMinutes: 60}
 AvailabilityService - Calculando precio: {courtName: 'Pista 1', durationInMinutes: 60, basePrice: 45, date: '2025-02-17', startTime: '20:00', …}
 AvailabilityService - Agregando slot con precio: {court: 'Pista 1', start: '20:00', end: '21:00', price: 45, durationInMinutes: 60}
 AvailabilityService - Calculando precio: {courtName: 'Pista 1', durationInMinutes: 60, basePrice: 45, date: '2025-02-17', startTime: '20:30', …}
 AvailabilityService - Agregando slot con precio: {court: 'Pista 1', start: '20:30', end: '21:30', price: 45, durationInMinutes: 60}
 AvailabilityService - Calculando precio: {courtName: 'Pista 1', durationInMinutes: 60, basePrice: 45, date: '2025-02-17', startTime: '21:00', …}
 AvailabilityService - Agregando slot con precio: {court: 'Pista 1', start: '21:00', end: '22:00', price: 45, durationInMinutes: 60}
 AvailabilityService - findAvailableSlots - slots encontrados: {total: 82, slotsConPrecios: Array(82)}
 useAvailability - Slots obtenidos: {cantidad: 82, params: {…}, primerSlot: {…}}
 You're attempting to animate multiple children within AnimatePresence, but its mode is set to "wait". This will lead to odd visual behaviour.
AnimatePresence @ webpack-internal:///…sence/index.mjs:174
renderWithHooks @ webpack-internal:///…evelopment.js:11121
updateFunctionComponent @ webpack-internal:///…evelopment.js:16290
beginWork$1 @ webpack-internal:///…evelopment.js:18472
beginWork @ webpack-internal:///…evelopment.js:26927
performUnitOfWork @ webpack-internal:///…evelopment.js:25748
workLoopSync @ webpack-internal:///…evelopment.js:25464
renderRootSync @ webpack-internal:///…evelopment.js:25419
performConcurrentWorkOnRoot @ webpack-internal:///…evelopment.js:24504
workLoop @ webpack-internal:///….development.js:256
flushWork @ webpack-internal:///….development.js:225
performWorkUntilDeadline @ webpack-internal:///….development.js:534
 You're attempting to animate multiple children within AnimatePresence, but its mode is set to "wait". This will lead to odd visual behaviour.
AnimatePresence @ webpack-internal:///…sence/index.mjs:174
renderWithHooksAgain @ webpack-internal:///…evelopment.js:11272
renderWithHooks @ webpack-internal:///…evelopment.js:11135
updateFunctionComponent @ webpack-internal:///…evelopment.js:16290
beginWork$1 @ webpack-internal:///…evelopment.js:18472
beginWork @ webpack-internal:///…evelopment.js:26927
performUnitOfWork @ webpack-internal:///…evelopment.js:25748
workLoopSync @ webpack-internal:///…evelopment.js:25464
renderRootSync @ webpack-internal:///…evelopment.js:25419
performConcurrentWorkOnRoot @ webpack-internal:///…evelopment.js:24504
workLoop @ webpack-internal:///….development.js:256
flushWork @ webpack-internal:///….development.js:225
performWorkUntilDeadline @ webpack-internal:///….development.js:534
 ShiftsPreview - Estado: {loadingSlots: false, slotsLength: 82, error: null, params: {…}}
 AvailabilityService - getBookings - resultado: {bookings: Array(6), error: null}
 AvailabilityService - Evaluando rango final: {start: '10:30', end: '12:00', size: 90}
 AvailabilityService - Evaluando rango final: {start: '10:30', end: '22:00', size: 690}
 AvailabilityService - Rangos disponibles después de filtrado: {totalRanges: 2, ranges: Array(2)}
 AvailabilityService - Rangos disponibles para Pista 5: {ranges: Array(1), durationInMinutes: 60, courtName: 'Pista 5'}
 AvailabilityService - Calculando precio: {courtName: 'Pista 5', durationInMinutes: 60, basePrice: 30, date: '2025-02-17', startTime: '10:30', …}
 AvailabilityService - Slot válido encontrado: {start: '10:30', end: '11:30', court: 'Pista 5', price: 30}
 AvailabilityService - Calculando precio: {courtName: 'Pista 5', durationInMinutes: 60, basePrice: 30, date: '2025-02-17', startTime: '11:00', …}
 AvailabilityService - Slot válido encontrado: {start: '11:00', end: '12:00', court: 'Pista 5', price: 30}
 AvailabilityService - Calculando precio: {courtName: 'Pista 5', durationInMinutes: 60, basePrice: 30, date: '2025-02-17', startTime: '11:30', …}
 AvailabilityService - Slot válido encontrado: {start: '11:30', end: '12:30', court: 'Pista 5', price: 30}
 AvailabilityService - Calculando precio: {courtName: 'Pista 5', durationInMinutes: 60, basePrice: 30, date: '2025-02-17', startTime: '12:00', …}
 AvailabilityService - Slot válido encontrado: {start: '12:00', end: '13:00', court: 'Pista 5', price: 30}
 AvailabilityService - Calculando precio: {courtName: 'Pista 5', durationInMinutes: 60, basePrice: 30, date: '2025-02-17', startTime: '12:30', …}
 AvailabilityService - Slot válido encontrado: {start: '12:30', end: '13:30', court: 'Pista 5', price: 30}
 AvailabilityService - Calculando precio: {courtName: 'Pista 5', durationInMinutes: 60, basePrice: 30, date: '2025-02-17', startTime: '13:00', …}
 AvailabilityService - Slot válido encontrado: {start: '13:00', end: '14:00', court: 'Pista 5', price: 30}
 AvailabilityService - Calculando precio: {courtName: 'Pista 5', durationInMinutes: 60, basePrice: 30, date: '2025-02-17', startTime: '13:30', …}
 AvailabilityService - Slot válido encontrado: {start: '13:30', end: '14:30', court: 'Pista 5', price: 30}
 AvailabilityService - Calculando precio: {courtName: 'Pista 5', durationInMinutes: 60, basePrice: 30, date: '2025-02-17', startTime: '14:00', …}
 AvailabilityService - Slot válido encontrado: {start: '14:00', end: '15:00', court: 'Pista 5', price: 30}
 AvailabilityService - Calculando precio: {courtName: 'Pista 5', durationInMinutes: 60, basePrice: 30, date: '2025-02-17', startTime: '14:30', …}
 AvailabilityService - Slot válido encontrado: {start: '14:30', end: '15:30', court: 'Pista 5', price: 30}
 AvailabilityService - Calculando precio: {courtName: 'Pista 5', durationInMinutes: 60, basePrice: 30, date: '2025-02-17', startTime: '15:00', …}
 AvailabilityService - Slot válido encontrado: {start: '15:00', end: '16:00', court: 'Pista 5', price: 30}
 AvailabilityService - Calculando precio: {courtName: 'Pista 5', durationInMinutes: 60, basePrice: 30, date: '2025-02-17', startTime: '15:30', …}
 AvailabilityService - Slot válido encontrado: {start: '15:30', end: '16:30', court: 'Pista 5', price: 30}
 AvailabilityService - Calculando precio: {courtName: 'Pista 5', durationInMinutes: 60, basePrice: 30, date: '2025-02-17', startTime: '16:00', …}
 AvailabilityService - Slot válido encontrado: {start: '16:00', end: '17:00', court: 'Pista 5', price: 30}
 AvailabilityService - Calculando precio: {courtName: 'Pista 5', durationInMinutes: 60, basePrice: 30, date: '2025-02-17', startTime: '16:30', …}
 AvailabilityService - Slot válido encontrado: {start: '16:30', end: '17:30', court: 'Pista 5', price: 30}
 AvailabilityService - Calculando precio: {courtName: 'Pista 5', durationInMinutes: 60, basePrice: 30, date: '2025-02-17', startTime: '17:00', …}
 AvailabilityService - Slot válido encontrado: {start: '17:00', end: '18:00', court: 'Pista 5', price: 30}
 AvailabilityService - Calculando precio: {courtName: 'Pista 5', durationInMinutes: 60, basePrice: 30, date: '2025-02-17', startTime: '17:30', …}
 AvailabilityService - Slot válido encontrado: {start: '17:30', end: '18:30', court: 'Pista 5', price: 30}
 AvailabilityService - Calculando precio: {courtName: 'Pista 5', durationInMinutes: 60, basePrice: 30, date: '2025-02-17', startTime: '18:00', …}
 AvailabilityService - Slot válido encontrado: {start: '18:00', end: '19:00', court: 'Pista 5', price: 30}
 AvailabilityService - Calculando precio: {courtName: 'Pista 5', durationInMinutes: 60, basePrice: 30, date: '2025-02-17', startTime: '18:30', …}
 AvailabilityService - Slot válido encontrado: {start: '18:30', end: '19:30', court: 'Pista 5', price: 30}
 AvailabilityService - Calculando precio: {courtName: 'Pista 5', durationInMinutes: 60, basePrice: 30, date: '2025-02-17', startTime: '19:00', …}
 AvailabilityService - Slot válido encontrado: {start: '19:00', end: '20:00', court: 'Pista 5', price: 30}
 AvailabilityService - Calculando precio: {courtName: 'Pista 5', durationInMinutes: 60, basePrice: 30, date: '2025-02-17', startTime: '19:30', …}
 AvailabilityService - Slot válido encontrado: {start: '19:30', end: '20:30', court: 'Pista 5', price: 30}
 AvailabilityService - Calculando precio: {courtName: 'Pista 5', durationInMinutes: 60, basePrice: 30, date: '2025-02-17', startTime: '20:00', …}
 AvailabilityService - Slot válido encontrado: {start: '20:00', end: '21:00', court: 'Pista 5', price: 30}
 AvailabilityService - Calculando precio: {courtName: 'Pista 5', durationInMinutes: 60, basePrice: 30, date: '2025-02-17', startTime: '20:30', …}
 AvailabilityService - Slot válido encontrado: {start: '20:30', end: '21:30', court: 'Pista 5', price: 30}
 AvailabilityService - Calculando precio: {courtName: 'Pista 5', durationInMinutes: 60, basePrice: 30, date: '2025-02-17', startTime: '21:00', …}
 AvailabilityService - Slot válido encontrado: {start: '21:00', end: '22:00', court: 'Pista 5', price: 30}
 AvailabilityService - Total slots generados para Pista 5: {totalSlots: 22, durationInMinutes: 60}
 AvailabilityService - Slots generados para Pista 5: (22) [{…}, {…}, {…}, {…}, {…}, {…}, {…}, {…}, {…}, {…}, {…}, {…}, {…}, {…}, {…}, {…}, {…}, {…}, {…}, {…}, {…}, {…}]
 AvailabilityService - Calculando precio: {courtName: 'Pista 5', durationInMinutes: 60, basePrice: 30, date: '2025-02-17', startTime: '10:30', …}
 AvailabilityService - Agregando slot con precio: {court: 'Pista 5', start: '10:30', end: '11:30', price: 30, durationInMinutes: 60}
 AvailabilityService - Calculando precio: {courtName: 'Pista 5', durationInMinutes: 60, basePrice: 30, date: '2025-02-17', startTime: '11:00', …}
 AvailabilityService - Agregando slot con precio: {court: 'Pista 5', start: '11:00', end: '12:00', price: 30, durationInMinutes: 60}
 AvailabilityService - Calculando precio: {courtName: 'Pista 5', durationInMinutes: 60, basePrice: 30, date: '2025-02-17', startTime: '11:30', …}
 AvailabilityService - Agregando slot con precio: {court: 'Pista 5', start: '11:30', end: '12:30', price: 30, durationInMinutes: 60}
 AvailabilityService - Calculando precio: {courtName: 'Pista 5', durationInMinutes: 60, basePrice: 30, date: '2025-02-17', startTime: '12:00', …}
 AvailabilityService - Agregando slot con precio: {court: 'Pista 5', start: '12:00', end: '13:00', price: 30, durationInMinutes: 60}
 AvailabilityService - Calculando precio: {courtName: 'Pista 5', durationInMinutes: 60, basePrice: 30, date: '2025-02-17', startTime: '12:30', …}
 AvailabilityService - Agregando slot con precio: {court: 'Pista 5', start: '12:30', end: '13:30', price: 30, durationInMinutes: 60}
 AvailabilityService - Calculando precio: {courtName: 'Pista 5', durationInMinutes: 60, basePrice: 30, date: '2025-02-17', startTime: '13:00', …}
 AvailabilityService - Agregando slot con precio: {court: 'Pista 5', start: '13:00', end: '14:00', price: 30, durationInMinutes: 60}
 AvailabilityService - Calculando precio: {courtName: 'Pista 5', durationInMinutes: 60, basePrice: 30, date: '2025-02-17', startTime: '13:30', …}
 AvailabilityService - Agregando slot con precio: {court: 'Pista 5', start: '13:30', end: '14:30', price: 30, durationInMinutes: 60}
 AvailabilityService - Calculando precio: {courtName: 'Pista 5', durationInMinutes: 60, basePrice: 30, date: '2025-02-17', startTime: '14:00', …}
 AvailabilityService - Agregando slot con precio: {court: 'Pista 5', start: '14:00', end: '15:00', price: 30, durationInMinutes: 60}
 AvailabilityService - Calculando precio: {courtName: 'Pista 5', durationInMinutes: 60, basePrice: 30, date: '2025-02-17', startTime: '14:30', …}
 AvailabilityService - Agregando slot con precio: {court: 'Pista 5', start: '14:30', end: '15:30', price: 30, durationInMinutes: 60}
 AvailabilityService - Calculando precio: {courtName: 'Pista 5', durationInMinutes: 60, basePrice: 30, date: '2025-02-17', startTime: '15:00', …}
 AvailabilityService - Agregando slot con precio: {court: 'Pista 5', start: '15:00', end: '16:00', price: 30, durationInMinutes: 60}
 AvailabilityService - Calculando precio: {courtName: 'Pista 5', durationInMinutes: 60, basePrice: 30, date: '2025-02-17', startTime: '15:30', …}
 AvailabilityService - Agregando slot con precio: {court: 'Pista 5', start: '15:30', end: '16:30', price: 30, durationInMinutes: 60}
 AvailabilityService - Calculando precio: {courtName: 'Pista 5', durationInMinutes: 60, basePrice: 30, date: '2025-02-17', startTime: '16:00', …}
 AvailabilityService - Agregando slot con precio: {court: 'Pista 5', start: '16:00', end: '17:00', price: 30, durationInMinutes: 60}
 AvailabilityService - Calculando precio: {courtName: 'Pista 5', durationInMinutes: 60, basePrice: 30, date: '2025-02-17', startTime: '16:30', …}
 AvailabilityService - Agregando slot con precio: {court: 'Pista 5', start: '16:30', end: '17:30', price: 30, durationInMinutes: 60}
 AvailabilityService - Calculando precio: {courtName: 'Pista 5', durationInMinutes: 60, basePrice: 30, date: '2025-02-17', startTime: '17:00', …}
 AvailabilityService - Agregando slot con precio: {court: 'Pista 5', start: '17:00', end: '18:00', price: 30, durationInMinutes: 60}
 AvailabilityService - Calculando precio: {courtName: 'Pista 5', durationInMinutes: 60, basePrice: 30, date: '2025-02-17', startTime: '17:30', …}
 AvailabilityService - Agregando slot con precio: {court: 'Pista 5', start: '17:30', end: '18:30', price: 30, durationInMinutes: 60}
 AvailabilityService - Calculando precio: {courtName: 'Pista 5', durationInMinutes: 60, basePrice: 30, date: '2025-02-17', startTime: '18:00', …}
 AvailabilityService - Agregando slot con precio: {court: 'Pista 5', start: '18:00', end: '19:00', price: 30, durationInMinutes: 60}
 AvailabilityService - Calculando precio: {courtName: 'Pista 5', durationInMinutes: 60, basePrice: 30, date: '2025-02-17', startTime: '18:30', …}
 AvailabilityService - Agregando slot con precio: {court: 'Pista 5', start: '18:30', end: '19:30', price: 30, durationInMinutes: 60}
 AvailabilityService - Calculando precio: {courtName: 'Pista 5', durationInMinutes: 60, basePrice: 30, date: '2025-02-17', startTime: '19:00', …}
 AvailabilityService - Agregando slot con precio: {court: 'Pista 5', start: '19:00', end: '20:00', price: 30, durationInMinutes: 60}
 AvailabilityService - Calculando precio: {courtName: 'Pista 5', durationInMinutes: 60, basePrice: 30, date: '2025-02-17', startTime: '19:30', …}
 AvailabilityService - Agregando slot con precio: {court: 'Pista 5', start: '19:30', end: '20:30', price: 30, durationInMinutes: 60}
 AvailabilityService - Calculando precio: {courtName: 'Pista 5', durationInMinutes: 60, basePrice: 30, date: '2025-02-17', startTime: '20:00', …}
 AvailabilityService - Agregando slot con precio: {court: 'Pista 5', start: '20:00', end: '21:00', price: 30, durationInMinutes: 60}
 AvailabilityService - Calculando precio: {courtName: 'Pista 5', durationInMinutes: 60, basePrice: 30, date: '2025-02-17', startTime: '20:30', …}
 AvailabilityService - Agregando slot con precio: {court: 'Pista 5', start: '20:30', end: '21:30', price: 30, durationInMinutes: 60}
 AvailabilityService - Calculando precio: {courtName: 'Pista 5', durationInMinutes: 60, basePrice: 30, date: '2025-02-17', startTime: '21:00', …}
 AvailabilityService - Agregando slot con precio: {court: 'Pista 5', start: '21:00', end: '22:00', price: 30, durationInMinutes: 60}
 AvailabilityService - Evaluando rango final: {start: '12:00', end: '22:00', size: 600}
 AvailabilityService - Rangos disponibles después de filtrado: {totalRanges: 1, ranges: Array(1)}
 AvailabilityService - Rangos disponibles para Pista 2: {ranges: Array(1), durationInMinutes: 60, courtName: 'Pista 2'}
 AvailabilityService - Calculando precio: {courtName: 'Pista 2', durationInMinutes: 60, basePrice: 40, date: '2025-02-17', startTime: '12:00', …}
 AvailabilityService - Slot válido encontrado: {start: '12:00', end: '13:00', court: 'Pista 2', price: 40}
 AvailabilityService - Calculando precio: {courtName: 'Pista 2', durationInMinutes: 60, basePrice: 40, date: '2025-02-17', startTime: '12:30', …}
 AvailabilityService - Slot válido encontrado: {start: '12:30', end: '13:30', court: 'Pista 2', price: 40}
 AvailabilityService - Calculando precio: {courtName: 'Pista 2', durationInMinutes: 60, basePrice: 40, date: '2025-02-17', startTime: '13:00', …}
 AvailabilityService - Slot válido encontrado: {start: '13:00', end: '14:00', court: 'Pista 2', price: 40}
 AvailabilityService - Calculando precio: {courtName: 'Pista 2', durationInMinutes: 60, basePrice: 40, date: '2025-02-17', startTime: '13:30', …}
 AvailabilityService - Slot válido encontrado: {start: '13:30', end: '14:30', court: 'Pista 2', price: 40}
 AvailabilityService - Calculando precio: {courtName: 'Pista 2', durationInMinutes: 60, basePrice: 40, date: '2025-02-17', startTime: '14:00', …}
 AvailabilityService - Slot válido encontrado: {start: '14:00', end: '15:00', court: 'Pista 2', price: 40}
 AvailabilityService - Calculando precio: {courtName: 'Pista 2', durationInMinutes: 60, basePrice: 40, date: '2025-02-17', startTime: '14:30', …}
 AvailabilityService - Slot válido encontrado: {start: '14:30', end: '15:30', court: 'Pista 2', price: 40}
 AvailabilityService - Calculando precio: {courtName: 'Pista 2', durationInMinutes: 60, basePrice: 40, date: '2025-02-17', startTime: '15:00', …}
 AvailabilityService - Slot válido encontrado: {start: '15:00', end: '16:00', court: 'Pista 2', price: 40}
 AvailabilityService - Calculando precio: {courtName: 'Pista 2', durationInMinutes: 60, basePrice: 40, date: '2025-02-17', startTime: '15:30', …}
 AvailabilityService - Slot válido encontrado: {start: '15:30', end: '16:30', court: 'Pista 2', price: 40}
 AvailabilityService - Calculando precio: {courtName: 'Pista 2', durationInMinutes: 60, basePrice: 40, date: '2025-02-17', startTime: '16:00', …}
 AvailabilityService - Slot válido encontrado: {start: '16:00', end: '17:00', court: 'Pista 2', price: 40}
 AvailabilityService - Calculando precio: {courtName: 'Pista 2', durationInMinutes: 60, basePrice: 40, date: '2025-02-17', startTime: '16:30', …}
 AvailabilityService - Slot válido encontrado: {start: '16:30', end: '17:30', court: 'Pista 2', price: 40}
 AvailabilityService - Calculando precio: {courtName: 'Pista 2', durationInMinutes: 60, basePrice: 40, date: '2025-02-17', startTime: '17:00', …}
 AvailabilityService - Slot válido encontrado: {start: '17:00', end: '18:00', court: 'Pista 2', price: 40}
 AvailabilityService - Calculando precio: {courtName: 'Pista 2', durationInMinutes: 60, basePrice: 40, date: '2025-02-17', startTime: '17:30', …}
 AvailabilityService - Slot válido encontrado: {start: '17:30', end: '18:30', court: 'Pista 2', price: 40}
 AvailabilityService - Calculando precio: {courtName: 'Pista 2', durationInMinutes: 60, basePrice: 40, date: '2025-02-17', startTime: '18:00', …}
 AvailabilityService - Slot válido encontrado: {start: '18:00', end: '19:00', court: 'Pista 2', price: 40}
 AvailabilityService - Calculando precio: {courtName: 'Pista 2', durationInMinutes: 60, basePrice: 40, date: '2025-02-17', startTime: '18:30', …}
 AvailabilityService - Slot válido encontrado: {start: '18:30', end: '19:30', court: 'Pista 2', price: 40}
 AvailabilityService - Calculando precio: {courtName: 'Pista 2', durationInMinutes: 60, basePrice: 40, date: '2025-02-17', startTime: '19:00', …}
 AvailabilityService - Slot válido encontrado: {start: '19:00', end: '20:00', court: 'Pista 2', price: 40}
 AvailabilityService - Calculando precio: {courtName: 'Pista 2', durationInMinutes: 60, basePrice: 40, date: '2025-02-17', startTime: '19:30', …}
 AvailabilityService - Slot válido encontrado: {start: '19:30', end: '20:30', court: 'Pista 2', price: 40}
 AvailabilityService - Calculando precio: {courtName: 'Pista 2', durationInMinutes: 60, basePrice: 40, date: '2025-02-17', startTime: '20:00', …}
 AvailabilityService - Slot válido encontrado: {start: '20:00', end: '21:00', court: 'Pista 2', price: 40}
 AvailabilityService - Calculando precio: {courtName: 'Pista 2', durationInMinutes: 60, basePrice: 40, date: '2025-02-17', startTime: '20:30', …}
 AvailabilityService - Slot válido encontrado: {start: '20:30', end: '21:30', court: 'Pista 2', price: 40}
 AvailabilityService - Calculando precio: {courtName: 'Pista 2', durationInMinutes: 60, basePrice: 40, date: '2025-02-17', startTime: '21:00', …}
 AvailabilityService - Slot válido encontrado: {start: '21:00', end: '22:00', court: 'Pista 2', price: 40}
 AvailabilityService - Total slots generados para Pista 2: {totalSlots: 19, durationInMinutes: 60}
 AvailabilityService - Slots generados para Pista 2: (19) [{…}, {…}, {…}, {…}, {…}, {…}, {…}, {…}, {…}, {…}, {…}, {…}, {…}, {…}, {…}, {…}, {…}, {…}, {…}]
 AvailabilityService - Calculando precio: {courtName: 'Pista 2', durationInMinutes: 60, basePrice: 40, date: '2025-02-17', startTime: '12:00', …}
 AvailabilityService - Agregando slot con precio: {court: 'Pista 2', start: '12:00', end: '13:00', price: 40, durationInMinutes: 60}
 AvailabilityService - Calculando precio: {courtName: 'Pista 2', durationInMinutes: 60, basePrice: 40, date: '2025-02-17', startTime: '12:30', …}
 AvailabilityService - Agregando slot con precio: {court: 'Pista 2', start: '12:30', end: '13:30', price: 40, durationInMinutes: 60}
 AvailabilityService - Calculando precio: {courtName: 'Pista 2', durationInMinutes: 60, basePrice: 40, date: '2025-02-17', startTime: '13:00', …}
 AvailabilityService - Agregando slot con precio: {court: 'Pista 2', start: '13:00', end: '14:00', price: 40, durationInMinutes: 60}
 AvailabilityService - Calculando precio: {courtName: 'Pista 2', durationInMinutes: 60, basePrice: 40, date: '2025-02-17', startTime: '13:30', …}
 AvailabilityService - Agregando slot con precio: {court: 'Pista 2', start: '13:30', end: '14:30', price: 40, durationInMinutes: 60}
 AvailabilityService - Calculando precio: {courtName: 'Pista 2', durationInMinutes: 60, basePrice: 40, date: '2025-02-17', startTime: '14:00', …}
 AvailabilityService - Agregando slot con precio: {court: 'Pista 2', start: '14:00', end: '15:00', price: 40, durationInMinutes: 60}
 AvailabilityService - Calculando precio: {courtName: 'Pista 2', durationInMinutes: 60, basePrice: 40, date: '2025-02-17', startTime: '14:30', …}
 AvailabilityService - Agregando slot con precio: {court: 'Pista 2', start: '14:30', end: '15:30', price: 40, durationInMinutes: 60}
 AvailabilityService - Calculando precio: {courtName: 'Pista 2', durationInMinutes: 60, basePrice: 40, date: '2025-02-17', startTime: '15:00', …}
 AvailabilityService - Agregando slot con precio: {court: 'Pista 2', start: '15:00', end: '16:00', price: 40, durationInMinutes: 60}
 AvailabilityService - Calculando precio: {courtName: 'Pista 2', durationInMinutes: 60, basePrice: 40, date: '2025-02-17', startTime: '15:30', …}
 AvailabilityService - Agregando slot con precio: {court: 'Pista 2', start: '15:30', end: '16:30', price: 40, durationInMinutes: 60}
 AvailabilityService - Calculando precio: {courtName: 'Pista 2', durationInMinutes: 60, basePrice: 40, date: '2025-02-17', startTime: '16:00', …}
 AvailabilityService - Agregando slot con precio: {court: 'Pista 2', start: '16:00', end: '17:00', price: 40, durationInMinutes: 60}
 AvailabilityService - Calculando precio: {courtName: 'Pista 2', durationInMinutes: 60, basePrice: 40, date: '2025-02-17', startTime: '16:30', …}
 AvailabilityService - Agregando slot con precio: {court: 'Pista 2', start: '16:30', end: '17:30', price: 40, durationInMinutes: 60}
 AvailabilityService - Calculando precio: {courtName: 'Pista 2', durationInMinutes: 60, basePrice: 40, date: '2025-02-17', startTime: '17:00', …}
 AvailabilityService - Agregando slot con precio: {court: 'Pista 2', start: '17:00', end: '18:00', price: 40, durationInMinutes: 60}
 AvailabilityService - Calculando precio: {courtName: 'Pista 2', durationInMinutes: 60, basePrice: 40, date: '2025-02-17', startTime: '17:30', …}
 AvailabilityService - Agregando slot con precio: {court: 'Pista 2', start: '17:30', end: '18:30', price: 40, durationInMinutes: 60}
 AvailabilityService - Calculando precio: {courtName: 'Pista 2', durationInMinutes: 60, basePrice: 40, date: '2025-02-17', startTime: '18:00', …}
 AvailabilityService - Agregando slot con precio: {court: 'Pista 2', start: '18:00', end: '19:00', price: 40, durationInMinutes: 60}
 AvailabilityService - Calculando precio: {courtName: 'Pista 2', durationInMinutes: 60, basePrice: 40, date: '2025-02-17', startTime: '18:30', …}
 AvailabilityService - Agregando slot con precio: {court: 'Pista 2', start: '18:30', end: '19:30', price: 40, durationInMinutes: 60}
 AvailabilityService - Calculando precio: {courtName: 'Pista 2', durationInMinutes: 60, basePrice: 40, date: '2025-02-17', startTime: '19:00', …}
 AvailabilityService - Agregando slot con precio: {court: 'Pista 2', start: '19:00', end: '20:00', price: 40, durationInMinutes: 60}
 AvailabilityService - Calculando precio: {courtName: 'Pista 2', durationInMinutes: 60, basePrice: 40, date: '2025-02-17', startTime: '19:30', …}
 AvailabilityService - Agregando slot con precio: {court: 'Pista 2', start: '19:30', end: '20:30', price: 40, durationInMinutes: 60}
 AvailabilityService - Calculando precio: {courtName: 'Pista 2', durationInMinutes: 60, basePrice: 40, date: '2025-02-17', startTime: '20:00', …}
 AvailabilityService - Agregando slot con precio: {court: 'Pista 2', start: '20:00', end: '21:00', price: 40, durationInMinutes: 60}
 AvailabilityService - Calculando precio: {courtName: 'Pista 2', durationInMinutes: 60, basePrice: 40, date: '2025-02-17', startTime: '20:30', …}
 AvailabilityService - Agregando slot con precio: {court: 'Pista 2', start: '20:30', end: '21:30', price: 40, durationInMinutes: 60}
 AvailabilityService - Calculando precio: {courtName: 'Pista 2', durationInMinutes: 60, basePrice: 40, date: '2025-02-17', startTime: '21:00', …}
 AvailabilityService - Agregando slot con precio: {court: 'Pista 2', start: '21:00', end: '22:00', price: 40, durationInMinutes: 60}
 AvailabilityService - Evaluando rango final: {start: '10:30', end: '12:00', size: 90}
 AvailabilityService - Evaluando rango final: {start: '10:30', end: '22:00', size: 690}
 AvailabilityService - Rangos disponibles después de filtrado: {totalRanges: 2, ranges: Array(2)}
 AvailabilityService - Rangos disponibles para Pista 3: {ranges: Array(1), durationInMinutes: 60, courtName: 'Pista 3'}
 AvailabilityService - Calculando precio: {courtName: 'Pista 3', durationInMinutes: 60, basePrice: 45, date: '2025-02-17', startTime: '10:30', …}
 AvailabilityService - Slot válido encontrado: {start: '10:30', end: '11:30', court: 'Pista 3', price: 45}
 AvailabilityService - Calculando precio: {courtName: 'Pista 3', durationInMinutes: 60, basePrice: 45, date: '2025-02-17', startTime: '11:00', …}
 AvailabilityService - Slot válido encontrado: {start: '11:00', end: '12:00', court: 'Pista 3', price: 45}
 AvailabilityService - Calculando precio: {courtName: 'Pista 3', durationInMinutes: 60, basePrice: 45, date: '2025-02-17', startTime: '11:30', …}
 AvailabilityService - Slot válido encontrado: {start: '11:30', end: '12:30', court: 'Pista 3', price: 45}
 AvailabilityService - Calculando precio: {courtName: 'Pista 3', durationInMinutes: 60, basePrice: 45, date: '2025-02-17', startTime: '12:00', …}
 AvailabilityService - Slot válido encontrado: {start: '12:00', end: '13:00', court: 'Pista 3', price: 45}
 AvailabilityService - Calculando precio: {courtName: 'Pista 3', durationInMinutes: 60, basePrice: 45, date: '2025-02-17', startTime: '12:30', …}
 AvailabilityService - Slot válido encontrado: {start: '12:30', end: '13:30', court: 'Pista 3', price: 45}
 AvailabilityService - Calculando precio: {courtName: 'Pista 3', durationInMinutes: 60, basePrice: 45, date: '2025-02-17', startTime: '13:00', …}
 AvailabilityService - Slot válido encontrado: {start: '13:00', end: '14:00', court: 'Pista 3', price: 45}
 AvailabilityService - Calculando precio: {courtName: 'Pista 3', durationInMinutes: 60, basePrice: 45, date: '2025-02-17', startTime: '13:30', …}
 AvailabilityService - Slot válido encontrado: {start: '13:30', end: '14:30', court: 'Pista 3', price: 45}
 AvailabilityService - Calculando precio: {courtName: 'Pista 3', durationInMinutes: 60, basePrice: 45, date: '2025-02-17', startTime: '14:00', …}
 AvailabilityService - Slot válido encontrado: {start: '14:00', end: '15:00', court: 'Pista 3', price: 45}
 AvailabilityService - Calculando precio: {courtName: 'Pista 3', durationInMinutes: 60, basePrice: 45, date: '2025-02-17', startTime: '14:30', …}
 AvailabilityService - Slot válido encontrado: {start: '14:30', end: '15:30', court: 'Pista 3', price: 45}
 AvailabilityService - Calculando precio: {courtName: 'Pista 3', durationInMinutes: 60, basePrice: 45, date: '2025-02-17', startTime: '15:00', …}
 AvailabilityService - Slot válido encontrado: {start: '15:00', end: '16:00', court: 'Pista 3', price: 45}
 AvailabilityService - Calculando precio: {courtName: 'Pista 3', durationInMinutes: 60, basePrice: 45, date: '2025-02-17', startTime: '15:30', …}
 AvailabilityService - Slot válido encontrado: {start: '15:30', end: '16:30', court: 'Pista 3', price: 45}
 AvailabilityService - Calculando precio: {courtName: 'Pista 3', durationInMinutes: 60, basePrice: 45, date: '2025-02-17', startTime: '16:00', …}
 AvailabilityService - Slot válido encontrado: {start: '16:00', end: '17:00', court: 'Pista 3', price: 45}
 AvailabilityService - Calculando precio: {courtName: 'Pista 3', durationInMinutes: 60, basePrice: 45, date: '2025-02-17', startTime: '16:30', …}
 AvailabilityService - Slot válido encontrado: {start: '16:30', end: '17:30', court: 'Pista 3', price: 45}
 AvailabilityService - Calculando precio: {courtName: 'Pista 3', durationInMinutes: 60, basePrice: 45, date: '2025-02-17', startTime: '17:00', …}
 AvailabilityService - Slot válido encontrado: {start: '17:00', end: '18:00', court: 'Pista 3', price: 45}
 AvailabilityService - Calculando precio: {courtName: 'Pista 3', durationInMinutes: 60, basePrice: 45, date: '2025-02-17', startTime: '17:30', …}
 AvailabilityService - Slot válido encontrado: {start: '17:30', end: '18:30', court: 'Pista 3', price: 45}
 AvailabilityService - Calculando precio: {courtName: 'Pista 3', durationInMinutes: 60, basePrice: 45, date: '2025-02-17', startTime: '18:00', …}
 AvailabilityService - Slot válido encontrado: {start: '18:00', end: '19:00', court: 'Pista 3', price: 45}
 AvailabilityService - Calculando precio: {courtName: 'Pista 3', durationInMinutes: 60, basePrice: 45, date: '2025-02-17', startTime: '18:30', …}
 AvailabilityService - Slot válido encontrado: {start: '18:30', end: '19:30', court: 'Pista 3', price: 45}
 AvailabilityService - Calculando precio: {courtName: 'Pista 3', durationInMinutes: 60, basePrice: 45, date: '2025-02-17', startTime: '19:00', …}
 AvailabilityService - Slot válido encontrado: {start: '19:00', end: '20:00', court: 'Pista 3', price: 45}
 AvailabilityService - Calculando precio: {courtName: 'Pista 3', durationInMinutes: 60, basePrice: 45, date: '2025-02-17', startTime: '19:30', …}
 AvailabilityService - Slot válido encontrado: {start: '19:30', end: '20:30', court: 'Pista 3', price: 45}
 AvailabilityService - Calculando precio: {courtName: 'Pista 3', durationInMinutes: 60, basePrice: 45, date: '2025-02-17', startTime: '20:00', …}
 AvailabilityService - Slot válido encontrado: {start: '20:00', end: '21:00', court: 'Pista 3', price: 45}
 AvailabilityService - Calculando precio: {courtName: 'Pista 3', durationInMinutes: 60, basePrice: 45, date: '2025-02-17', startTime: '20:30', …}
 AvailabilityService - Slot válido encontrado: {start: '20:30', end: '21:30', court: 'Pista 3', price: 45}
 AvailabilityService - Calculando precio: {courtName: 'Pista 3', durationInMinutes: 60, basePrice: 45, date: '2025-02-17', startTime: '21:00', …}
 AvailabilityService - Slot válido encontrado: {start: '21:00', end: '22:00', court: 'Pista 3', price: 45}
 AvailabilityService - Total slots generados para Pista 3: {totalSlots: 22, durationInMinutes: 60}
 AvailabilityService - Slots generados para Pista 3: (22) [{…}, {…}, {…}, {…}, {…}, {…}, {…}, {…}, {…}, {…}, {…}, {…}, {…}, {…}, {…}, {…}, {…}, {…}, {…}, {…}, {…}, {…}]
 AvailabilityService - Calculando precio: {courtName: 'Pista 3', durationInMinutes: 60, basePrice: 45, date: '2025-02-17', startTime: '10:30', …}
 AvailabilityService - Agregando slot con precio: {court: 'Pista 3', start: '10:30', end: '11:30', price: 45, durationInMinutes: 60}
 AvailabilityService - Calculando precio: {courtName: 'Pista 3', durationInMinutes: 60, basePrice: 45, date: '2025-02-17', startTime: '11:00', …}
 AvailabilityService - Agregando slot con precio: {court: 'Pista 3', start: '11:00', end: '12:00', price: 45, durationInMinutes: 60}
 AvailabilityService - Calculando precio: {courtName: 'Pista 3', durationInMinutes: 60, basePrice: 45, date: '2025-02-17', startTime: '11:30', …}
 AvailabilityService - Agregando slot con precio: {court: 'Pista 3', start: '11:30', end: '12:30', price: 45, durationInMinutes: 60}
 AvailabilityService - Calculando precio: {courtName: 'Pista 3', durationInMinutes: 60, basePrice: 45, date: '2025-02-17', startTime: '12:00', …}
 AvailabilityService - Agregando slot con precio: {court: 'Pista 3', start: '12:00', end: '13:00', price: 45, durationInMinutes: 60}
 AvailabilityService - Calculando precio: {courtName: 'Pista 3', durationInMinutes: 60, basePrice: 45, date: '2025-02-17', startTime: '12:30', …}
 AvailabilityService - Agregando slot con precio: {court: 'Pista 3', start: '12:30', end: '13:30', price: 45, durationInMinutes: 60}
 AvailabilityService - Calculando precio: {courtName: 'Pista 3', durationInMinutes: 60, basePrice: 45, date: '2025-02-17', startTime: '13:00', …}
 AvailabilityService - Agregando slot con precio: {court: 'Pista 3', start: '13:00', end: '14:00', price: 45, durationInMinutes: 60}
 AvailabilityService - Calculando precio: {courtName: 'Pista 3', durationInMinutes: 60, basePrice: 45, date: '2025-02-17', startTime: '13:30', …}
 AvailabilityService - Agregando slot con precio: {court: 'Pista 3', start: '13:30', end: '14:30', price: 45, durationInMinutes: 60}
 AvailabilityService - Calculando precio: {courtName: 'Pista 3', durationInMinutes: 60, basePrice: 45, date: '2025-02-17', startTime: '14:00', …}
 AvailabilityService - Agregando slot con precio: {court: 'Pista 3', start: '14:00', end: '15:00', price: 45, durationInMinutes: 60}
 AvailabilityService - Calculando precio: {courtName: 'Pista 3', durationInMinutes: 60, basePrice: 45, date: '2025-02-17', startTime: '14:30', …}
 AvailabilityService - Agregando slot con precio: {court: 'Pista 3', start: '14:30', end: '15:30', price: 45, durationInMinutes: 60}
 AvailabilityService - Calculando precio: {courtName: 'Pista 3', durationInMinutes: 60, basePrice: 45, date: '2025-02-17', startTime: '15:00', …}
 AvailabilityService - Agregando slot con precio: {court: 'Pista 3', start: '15:00', end: '16:00', price: 45, durationInMinutes: 60}
 AvailabilityService - Calculando precio: {courtName: 'Pista 3', durationInMinutes: 60, basePrice: 45, date: '2025-02-17', startTime: '15:30', …}
 AvailabilityService - Agregando slot con precio: {court: 'Pista 3', start: '15:30', end: '16:30', price: 45, durationInMinutes: 60}
 AvailabilityService - Calculando precio: {courtName: 'Pista 3', durationInMinutes: 60, basePrice: 45, date: '2025-02-17', startTime: '16:00', …}
 AvailabilityService - Agregando slot con precio: {court: 'Pista 3', start: '16:00', end: '17:00', price: 45, durationInMinutes: 60}
 AvailabilityService - Calculando precio: {courtName: 'Pista 3', durationInMinutes: 60, basePrice: 45, date: '2025-02-17', startTime: '16:30', …}
 AvailabilityService - Agregando slot con precio: {court: 'Pista 3', start: '16:30', end: '17:30', price: 45, durationInMinutes: 60}
 AvailabilityService - Calculando precio: {courtName: 'Pista 3', durationInMinutes: 60, basePrice: 45, date: '2025-02-17', startTime: '17:00', …}
 AvailabilityService - Agregando slot con precio: {court: 'Pista 3', start: '17:00', end: '18:00', price: 45, durationInMinutes: 60}
 AvailabilityService - Calculando precio: {courtName: 'Pista 3', durationInMinutes: 60, basePrice: 45, date: '2025-02-17', startTime: '17:30', …}
 AvailabilityService - Agregando slot con precio: {court: 'Pista 3', start: '17:30', end: '18:30', price: 45, durationInMinutes: 60}
 AvailabilityService - Calculando precio: {courtName: 'Pista 3', durationInMinutes: 60, basePrice: 45, date: '2025-02-17', startTime: '18:00', …}
 AvailabilityService - Agregando slot con precio: {court: 'Pista 3', start: '18:00', end: '19:00', price: 45, durationInMinutes: 60}
 AvailabilityService - Calculando precio: {courtName: 'Pista 3', durationInMinutes: 60, basePrice: 45, date: '2025-02-17', startTime: '18:30', …}
 AvailabilityService - Agregando slot con precio: {court: 'Pista 3', start: '18:30', end: '19:30', price: 45, durationInMinutes: 60}
 AvailabilityService - Calculando precio: {courtName: 'Pista 3', durationInMinutes: 60, basePrice: 45, date: '2025-02-17', startTime: '19:00', …}
 AvailabilityService - Agregando slot con precio: {court: 'Pista 3', start: '19:00', end: '20:00', price: 45, durationInMinutes: 60}
 AvailabilityService - Calculando precio: {courtName: 'Pista 3', durationInMinutes: 60, basePrice: 45, date: '2025-02-17', startTime: '19:30', …}
 AvailabilityService - Agregando slot con precio: {court: 'Pista 3', start: '19:30', end: '20:30', price: 45, durationInMinutes: 60}
 AvailabilityService - Calculando precio: {courtName: 'Pista 3', durationInMinutes: 60, basePrice: 45, date: '2025-02-17', startTime: '20:00', …}
 AvailabilityService - Agregando slot con precio: {court: 'Pista 3', start: '20:00', end: '21:00', price: 45, durationInMinutes: 60}
 AvailabilityService - Calculando precio: {courtName: 'Pista 3', durationInMinutes: 60, basePrice: 45, date: '2025-02-17', startTime: '20:30', …}
 AvailabilityService - Agregando slot con precio: {court: 'Pista 3', start: '20:30', end: '21:30', price: 45, durationInMinutes: 60}
 AvailabilityService - Calculando precio: {courtName: 'Pista 3', durationInMinutes: 60, basePrice: 45, date: '2025-02-17', startTime: '21:00', …}
 AvailabilityService - Agregando slot con precio: {court: 'Pista 3', start: '21:00', end: '22:00', price: 45, durationInMinutes: 60}
 AvailabilityService - Evaluando rango final: {start: '12:00', end: '22:00', size: 600}
 AvailabilityService - Rangos disponibles después de filtrado: {totalRanges: 1, ranges: Array(1)}
 AvailabilityService - Rangos disponibles para Pista 1: {ranges: Array(1), durationInMinutes: 60, courtName: 'Pista 1'}
 AvailabilityService - Calculando precio: {courtName: 'Pista 1', durationInMinutes: 60, basePrice: 45, date: '2025-02-17', startTime: '12:00', …}
 AvailabilityService - Slot válido encontrado: {start: '12:00', end: '13:00', court: 'Pista 1', price: 45}
 AvailabilityService - Calculando precio: {courtName: 'Pista 1', durationInMinutes: 60, basePrice: 45, date: '2025-02-17', startTime: '12:30', …}
 AvailabilityService - Slot válido encontrado: {start: '12:30', end: '13:30', court: 'Pista 1', price: 45}
 AvailabilityService - Calculando precio: {courtName: 'Pista 1', durationInMinutes: 60, basePrice: 45, date: '2025-02-17', startTime: '13:00', …}
 AvailabilityService - Slot válido encontrado: {start: '13:00', end: '14:00', court: 'Pista 1', price: 45}
 AvailabilityService - Calculando precio: {courtName: 'Pista 1', durationInMinutes: 60, basePrice: 45, date: '2025-02-17', startTime: '13:30', …}
 AvailabilityService - Slot válido encontrado: {start: '13:30', end: '14:30', court: 'Pista 1', price: 45}
 AvailabilityService - Calculando precio: {courtName: 'Pista 1', durationInMinutes: 60, basePrice: 45, date: '2025-02-17', startTime: '14:00', …}
 AvailabilityService - Slot válido encontrado: {start: '14:00', end: '15:00', court: 'Pista 1', price: 45}
 AvailabilityService - Calculando precio: {courtName: 'Pista 1', durationInMinutes: 60, basePrice: 45, date: '2025-02-17', startTime: '14:30', …}
 AvailabilityService - Slot válido encontrado: {start: '14:30', end: '15:30', court: 'Pista 1', price: 45}
 AvailabilityService - Calculando precio: {courtName: 'Pista 1', durationInMinutes: 60, basePrice: 45, date: '2025-02-17', startTime: '15:00', …}
availability.service.ts:377 AvailabilityService - Slot válido encontrado: {start: '15:00', end: '16:00', court: 'Pista 1', price: 45}
availability.service.ts:157 AvailabilityService - Calculando precio: {courtName: 'Pista 1', durationInMinutes: 60, basePrice: 45, date: '2025-02-17', startTime: '15:30', …}
availability.service.ts:377 AvailabilityService - Slot válido encontrado: {start: '15:30', end: '16:30', court: 'Pista 1', price: 45}
availability.service.ts:157 AvailabilityService - Calculando precio: {courtName: 'Pista 1', durationInMinutes: 60, basePrice: 45, date: '2025-02-17', startTime: '16:00', …}
availability.service.ts:377 AvailabilityService - Slot válido encontrado: {start: '16:00', end: '17:00', court: 'Pista 1', price: 45}
availability.service.ts:157 AvailabilityService - Calculando precio: {courtName: 'Pista 1', durationInMinutes: 60, basePrice: 45, date: '2025-02-17', startTime: '16:30', …}
availability.service.ts:377 AvailabilityService - Slot válido encontrado: {start: '16:30', end: '17:30', court: 'Pista 1', price: 45}
availability.service.ts:157 AvailabilityService - Calculando precio: {courtName: 'Pista 1', durationInMinutes: 60, basePrice: 45, date: '2025-02-17', startTime: '17:00', …}
availability.service.ts:377 AvailabilityService - Slot válido encontrado: {start: '17:00', end: '18:00', court: 'Pista 1', price: 45}
availability.service.ts:157 AvailabilityService - Calculando precio: {courtName: 'Pista 1', durationInMinutes: 60, basePrice: 45, date: '2025-02-17', startTime: '17:30', …}
availability.service.ts:377 AvailabilityService - Slot válido encontrado: {start: '17:30', end: '18:30', court: 'Pista 1', price: 45}
availability.service.ts:157 AvailabilityService - Calculando precio: {courtName: 'Pista 1', durationInMinutes: 60, basePrice: 45, date: '2025-02-17', startTime: '18:00', …}
availability.service.ts:377 AvailabilityService - Slot válido encontrado: {start: '18:00', end: '19:00', court: 'Pista 1', price: 45}
availability.service.ts:157 AvailabilityService - Calculando precio: {courtName: 'Pista 1', durationInMinutes: 60, basePrice: 45, date: '2025-02-17', startTime: '18:30', …}
availability.service.ts:377 AvailabilityService - Slot válido encontrado: {start: '18:30', end: '19:30', court: 'Pista 1', price: 45}
availability.service.ts:157 AvailabilityService - Calculando precio: {courtName: 'Pista 1', durationInMinutes: 60, basePrice: 45, date: '2025-02-17', startTime: '19:00', …}
availability.service.ts:377 AvailabilityService - Slot válido encontrado: {start: '19:00', end: '20:00', court: 'Pista 1', price: 45}
availability.service.ts:157 AvailabilityService - Calculando precio: {courtName: 'Pista 1', durationInMinutes: 60, basePrice: 45, date: '2025-02-17', startTime: '19:30', …}
availability.service.ts:377 AvailabilityService - Slot válido encontrado: {start: '19:30', end: '20:30', court: 'Pista 1', price: 45}
availability.service.ts:157 AvailabilityService - Calculando precio: {courtName: 'Pista 1', durationInMinutes: 60, basePrice: 45, date: '2025-02-17', startTime: '20:00', …}
availability.service.ts:377 AvailabilityService - Slot válido encontrado: {start: '20:00', end: '21:00', court: 'Pista 1', price: 45}
availability.service.ts:157 AvailabilityService - Calculando precio: {courtName: 'Pista 1', durationInMinutes: 60, basePrice: 45, date: '2025-02-17', startTime: '20:30', …}
availability.service.ts:377 AvailabilityService - Slot válido encontrado: {start: '20:30', end: '21:30', court: 'Pista 1', price: 45}
availability.service.ts:157 AvailabilityService - Calculando precio: {courtName: 'Pista 1', durationInMinutes: 60, basePrice: 45, date: '2025-02-17', startTime: '21:00', …}
availability.service.ts:377 AvailabilityService - Slot válido encontrado: {start: '21:00', end: '22:00', court: 'Pista 1', price: 45}
availability.service.ts:394 AvailabilityService - Total slots generados para Pista 1: {totalSlots: 19, durationInMinutes: 60}
availability.service.ts:520 AvailabilityService - Slots generados para Pista 1: (19) [{…}, {…}, {…}, {…}, {…}, {…}, {…}, {…}, {…}, {…}, {…}, {…}, {…}, {…}, {…}, {…}, {…}, {…}, {…}]
availability.service.ts:157 AvailabilityService - Calculando precio: {courtName: 'Pista 1', durationInMinutes: 60, basePrice: 45, date: '2025-02-17', startTime: '12:00', …}
availability.service.ts:534 AvailabilityService - Agregando slot con precio: {court: 'Pista 1', start: '12:00', end: '13:00', price: 45, durationInMinutes: 60}
availability.service.ts:157 AvailabilityService - Calculando precio: {courtName: 'Pista 1', durationInMinutes: 60, basePrice: 45, date: '2025-02-17', startTime: '12:30', …}
availability.service.ts:534 AvailabilityService - Agregando slot con precio: {court: 'Pista 1', start: '12:30', end: '13:30', price: 45, durationInMinutes: 60}
availability.service.ts:157 AvailabilityService - Calculando precio: {courtName: 'Pista 1', durationInMinutes: 60, basePrice: 45, date: '2025-02-17', startTime: '13:00', …}
availability.service.ts:534 AvailabilityService - Agregando slot con precio: {court: 'Pista 1', start: '13:00', end: '14:00', price: 45, durationInMinutes: 60}
availability.service.ts:157 AvailabilityService - Calculando precio: {courtName: 'Pista 1', durationInMinutes: 60, basePrice: 45, date: '2025-02-17', startTime: '13:30', …}
availability.service.ts:534 AvailabilityService - Agregando slot con precio: {court: 'Pista 1', start: '13:30', end: '14:30', price: 45, durationInMinutes: 60}
availability.service.ts:157 AvailabilityService - Calculando precio: {courtName: 'Pista 1', durationInMinutes: 60, basePrice: 45, date: '2025-02-17', startTime: '14:00', …}
availability.service.ts:534 AvailabilityService - Agregando slot con precio: {court: 'Pista 1', start: '14:00', end: '15:00', price: 45, durationInMinutes: 60}
availability.service.ts:157 AvailabilityService - Calculando precio: {courtName: 'Pista 1', durationInMinutes: 60, basePrice: 45, date: '2025-02-17', startTime: '14:30', …}
availability.service.ts:534 AvailabilityService - Agregando slot con precio: {court: 'Pista 1', start: '14:30', end: '15:30', price: 45, durationInMinutes: 60}
availability.service.ts:157 AvailabilityService - Calculando precio: {courtName: 'Pista 1', durationInMinutes: 60, basePrice: 45, date: '2025-02-17', startTime: '15:00', …}
availability.service.ts:534 AvailabilityService - Agregando slot con precio: {court: 'Pista 1', start: '15:00', end: '16:00', price: 45, durationInMinutes: 60}
availability.service.ts:157 AvailabilityService - Calculando precio: {courtName: 'Pista 1', durationInMinutes: 60, basePrice: 45, date: '2025-02-17', startTime: '15:30', …}
availability.service.ts:534 AvailabilityService - Agregando slot con precio: {court: 'Pista 1', start: '15:30', end: '16:30', price: 45, durationInMinutes: 60}
availability.service.ts:157 AvailabilityService - Calculando precio: {courtName: 'Pista 1', durationInMinutes: 60, basePrice: 45, date: '2025-02-17', startTime: '16:00', …}
availability.service.ts:534 AvailabilityService - Agregando slot con precio: {court: 'Pista 1', start: '16:00', end: '17:00', price: 45, durationInMinutes: 60}
availability.service.ts:157 AvailabilityService - Calculando precio: {courtName: 'Pista 1', durationInMinutes: 60, basePrice: 45, date: '2025-02-17', startTime: '16:30', …}
availability.service.ts:534 AvailabilityService - Agregando slot con precio: {court: 'Pista 1', start: '16:30', end: '17:30', price: 45, durationInMinutes: 60}
availability.service.ts:157 AvailabilityService - Calculando precio: {courtName: 'Pista 1', durationInMinutes: 60, basePrice: 45, date: '2025-02-17', startTime: '17:00', …}
availability.service.ts:534 AvailabilityService - Agregando slot con precio: {court: 'Pista 1', start: '17:00', end: '18:00', price: 45, durationInMinutes: 60}
availability.service.ts:157 AvailabilityService - Calculando precio: {courtName: 'Pista 1', durationInMinutes: 60, basePrice: 45, date: '2025-02-17', startTime: '17:30', …}
availability.service.ts:534 AvailabilityService - Agregando slot con precio: {court: 'Pista 1', start: '17:30', end: '18:30', price: 45, durationInMinutes: 60}
availability.service.ts:157 AvailabilityService - Calculando precio: {courtName: 'Pista 1', durationInMinutes: 60, basePrice: 45, date: '2025-02-17', startTime: '18:00', …}
availability.service.ts:534 AvailabilityService - Agregando slot con precio: {court: 'Pista 1', start: '18:00', end: '19:00', price: 45, durationInMinutes: 60}
availability.service.ts:157 AvailabilityService - Calculando precio: {courtName: 'Pista 1', durationInMinutes: 60, basePrice: 45, date: '2025-02-17', startTime: '18:30', …}
availability.service.ts:534 AvailabilityService - Agregando slot con precio: {court: 'Pista 1', start: '18:30', end: '19:30', price: 45, durationInMinutes: 60}
availability.service.ts:157 AvailabilityService - Calculando precio: {courtName: 'Pista 1', durationInMinutes: 60, basePrice: 45, date: '2025-02-17', startTime: '19:00', …}
availability.service.ts:534 AvailabilityService - Agregando slot con precio: {court: 'Pista 1', start: '19:00', end: '20:00', price: 45, durationInMinutes: 60}
availability.service.ts:157 AvailabilityService - Calculando precio: {courtName: 'Pista 1', durationInMinutes: 60, basePrice: 45, date: '2025-02-17', startTime: '19:30', …}
availability.service.ts:534 AvailabilityService - Agregando slot con precio: {court: 'Pista 1', start: '19:30', end: '20:30', price: 45, durationInMinutes: 60}
availability.service.ts:157 AvailabilityService - Calculando precio: {courtName: 'Pista 1', durationInMinutes: 60, basePrice: 45, date: '2025-02-17', startTime: '20:00', …}
availability.service.ts:534 AvailabilityService - Agregando slot con precio: {court: 'Pista 1', start: '20:00', end: '21:00', price: 45, durationInMinutes: 60}
availability.service.ts:157 AvailabilityService - Calculando precio: {courtName: 'Pista 1', durationInMinutes: 60, basePrice: 45, date: '2025-02-17', startTime: '20:30', …}
availability.service.ts:534 AvailabilityService - Agregando slot con precio: {court: 'Pista 1', start: '20:30', end: '21:30', price: 45, durationInMinutes: 60}
availability.service.ts:157 AvailabilityService - Calculando precio: {courtName: 'Pista 1', durationInMinutes: 60, basePrice: 45, date: '2025-02-17', startTime: '21:00', …}
availability.service.ts:534 AvailabilityService - Agregando slot con precio: {court: 'Pista 1', start: '21:00', end: '22:00', price: 45, durationInMinutes: 60}
availability.service.ts:561 AvailabilityService - findAvailableSlots - slots encontrados: {total: 82, slotsConPrecios: Array(82)}
useAvailability.ts:50 useAvailability - Slots obtenidos: {cantidad: 82, params: {…}, primerSlot: {…}}
index.mjs:174 You're attempting to animate multiple children within AnimatePresence, but its mode is set to "wait". This will lead to odd visual behaviour.
AnimatePresence @ index.mjs:174
renderWithHooks @ react-dom.development.js:11121
updateFunctionComponent @ react-dom.development.js:16290
beginWork$1 @ react-dom.development.js:18472
beginWork @ react-dom.development.js:26927
performUnitOfWork @ react-dom.development.js:25748
workLoopSync @ react-dom.development.js:25464
renderRootSync @ react-dom.development.js:25419
performConcurrentWorkOnRoot @ react-dom.development.js:24504
workLoop @ scheduler.development.js:256
flushWork @ scheduler.development.js:225
performWorkUntilDeadline @ scheduler.development.js:534
index.mjs:174 You're attempting to animate multiple children within AnimatePresence, but its mode is set to "wait". This will lead to odd visual behaviour.
AnimatePresence @ index.mjs:174
renderWithHooksAgain @ react-dom.development.js:11272
renderWithHooks @ react-dom.development.js:11135
updateFunctionComponent @ react-dom.development.js:16290
beginWork$1 @ react-dom.development.js:18472
beginWork @ react-dom.development.js:26927
performUnitOfWork @ react-dom.development.js:25748
workLoopSync @ react-dom.development.js:25464
renderRootSync @ react-dom.development.js:25419
performConcurrentWorkOnRoot @ react-dom.development.js:24504
workLoop @ scheduler.development.js:256
flushWork @ scheduler.development.js:225
performWorkUntilDeadline @ scheduler.development.js:534
ShiftsPreview.tsx:416 ShiftsPreview - Estado: {loadingSlots: false, slotsLength: 82, error: null, params: {…}}
preview-to-public.ts:205 [StepType] Normalizando tipo: {original: 'court', systemType: 'shifts', hasMapping: true}
preview-to-public.ts:205 [StepType] Normalizando tipo: {original: 'court', systemType: 'shifts', hasMapping: true}
PublicFormLayout.tsx:38 [PublicFormLayout] Renderizando con: {currentStep: 1, fieldType: 'court', slug: 'formulario', isNextDisabled: false, showNextButton: true, …}
PublicFormLayout.tsx:38 [PublicFormLayout] Renderizando con: {currentStep: 1, fieldType: 'court', slug: 'formulario', isNextDisabled: false, showNextButton: true, …}
preview-to-public.ts:205 [StepType] Normalizando tipo: {original: 'shifts', systemType: 'shifts', hasMapping: false}
preview-to-public.ts:261 [ComponentMapper] Mapeando componente: {originalType: 'shifts', systemType: 'shifts', availableTypes: Array(6)}
preview-to-public.ts:274 [ComponentMapper] Componente encontrado: {originalType: 'shifts', systemType: 'shifts', component: 'ShiftsPreview'}
preview-to-public.ts:205 [StepType] Normalizando tipo: {original: 'shifts', systemType: 'shifts', hasMapping: false}
preview-to-public.ts:261 [ComponentMapper] Mapeando componente: {originalType: 'shifts', systemType: 'shifts', availableTypes: Array(6)}
preview-to-public.ts:274 [ComponentMapper] Componente encontrado: {originalType: 'shifts', systemType: 'shifts', component: 'ShiftsPreview'}
index.mjs:174 You're attempting to animate multiple children within AnimatePresence, but its mode is set to "wait". This will lead to odd visual behaviour.
AnimatePresence @ index.mjs:174
renderWithHooks @ react-dom.development.js:11121
updateFunctionComponent @ react-dom.development.js:16290
beginWork$1 @ react-dom.development.js:18472
beginWork @ react-dom.development.js:26927
performUnitOfWork @ react-dom.development.js:25748
workLoopSync @ react-dom.development.js:25464
renderRootSync @ react-dom.development.js:25419
performSyncWorkOnRoot @ react-dom.development.js:24887
flushSyncWorkAcrossRoots_impl @ react-dom.development.js:7758
flushSyncWorkOnAllRoots @ react-dom.development.js:7718
processRootScheduleInMicrotask @ react-dom.development.js:7863
eval @ react-dom.development.js:8034
index.mjs:174 You're attempting to animate multiple children within AnimatePresence, but its mode is set to "wait". This will lead to odd visual behaviour.
AnimatePresence @ index.mjs:174
renderWithHooksAgain @ react-dom.development.js:11272
renderWithHooks @ react-dom.development.js:11135
updateFunctionComponent @ react-dom.development.js:16290
beginWork$1 @ react-dom.development.js:18472
beginWork @ react-dom.development.js:26927
performUnitOfWork @ react-dom.development.js:25748
workLoopSync @ react-dom.development.js:25464
renderRootSync @ react-dom.development.js:25419
performSyncWorkOnRoot @ react-dom.development.js:24887
flushSyncWorkAcrossRoots_impl @ react-dom.development.js:7758
flushSyncWorkOnAllRoots @ react-dom.development.js:7718
processRootScheduleInMicrotask @ react-dom.development.js:7863
eval @ react-dom.development.js:8034
index.mjs:174 You're attempting to animate multiple children within AnimatePresence, but its mode is set to "wait". This will lead to odd visual behaviour.
AnimatePresence @ index.mjs:174
renderWithHooks @ react-dom.development.js:11121
updateFunctionComponent @ react-dom.development.js:16290
beginWork$1 @ react-dom.development.js:18472
beginWork @ react-dom.development.js:26927
performUnitOfWork @ react-dom.development.js:25748
workLoopSync @ react-dom.development.js:25464
renderRootSync @ react-dom.development.js:25419
performSyncWorkOnRoot @ react-dom.development.js:24887
flushSyncWorkAcrossRoots_impl @ react-dom.development.js:7758
flushSyncWorkOnAllRoots @ react-dom.development.js:7718
processRootScheduleInMicrotask @ react-dom.development.js:7863
eval @ react-dom.development.js:8034
index.mjs:174 You're attempting to animate multiple children within AnimatePresence, but its mode is set to "wait". This will lead to odd visual behaviour.
AnimatePresence @ index.mjs:174
renderWithHooksAgain @ react-dom.development.js:11272
renderWithHooks @ react-dom.development.js:11135
updateFunctionComponent @ react-dom.development.js:16290
beginWork$1 @ react-dom.development.js:18472
beginWork @ react-dom.development.js:26927
performUnitOfWork @ react-dom.development.js:25748
workLoopSync @ react-dom.development.js:25464
renderRootSync @ react-dom.development.js:25419
performSyncWorkOnRoot @ react-dom.development.js:24887
flushSyncWorkAcrossRoots_impl @ react-dom.development.js:7758
flushSyncWorkOnAllRoots @ react-dom.development.js:7718
processRootScheduleInMicrotask @ react-dom.development.js:7863
eval @ react-dom.development.js:8034
Chrome is moving towards a new experience that allows users to choose to browse without third-party cookies.
Chrome is moving towards a new experience that allows users to choose to browse without third-party cookies.
Chrome is moving towards a new experience that allows users to choose to browse without third-party cookies.
Chrome is moving towards a new experience that allows users to choose to browse without third-party cookies.
Chrome is moving towards a new experience that allows users to choose to browse without third-party cookies.
PublicFormContent.tsx:52 [Navigation] Iniciando navegación: {from: 'shifts', currentType: 'shifts', currentStep: 1, nextStep: 2, hasNextField: true, …}
preview-to-public.ts:205 [StepType] Normalizando tipo: {original: 'shifts', systemType: 'shifts', hasMapping: false}
preview-to-public.ts:205 [StepType] Normalizando tipo: {original: 'items', systemType: 'items', hasMapping: false}
preview-to-public.ts:219 [StepOrder] Validando orden: {currentType: 'shifts', nextType: 'items', STEP_ORDER: Array(6), totalSteps: 6}
preview-to-public.ts:246 [StepOrder] Resultado de validación: {currentOrder: 2, nextOrder: 3, isValid: true, isSummaryToFarewell: false}
PublicFormContent.tsx:68 [Navigation] Iniciando navegación: {from: 'court', currentType: 'shifts', currentStep: 1, nextStep: 2, hasNextField: true}
PublicFormContent.tsx:78 [Navigation] Navegación completada al paso: 2
preview-to-public.ts:205 [StepType] Normalizando tipo: {original: 'players', systemType: 'items', hasMapping: true}
preview-to-public.ts:205 [StepType] Normalizando tipo: {original: 'players', systemType: 'items', hasMapping: true}
PublicFormLayout.tsx:38 [PublicFormLayout] Renderizando con: {currentStep: 2, fieldType: 'players', slug: 'formulario', isNextDisabled: false, showNextButton: true, …}
PublicFormLayout.tsx:38 [PublicFormLayout] Renderizando con: {currentStep: 2, fieldType: 'players', slug: 'formulario', isNextDisabled: false, showNextButton: true, …}
preview-to-public.ts:205 [StepType] Normalizando tipo: {original: 'items', systemType: 'items', hasMapping: false}
preview-to-public.ts:261 [ComponentMapper] Mapeando componente: {originalType: 'items', systemType: 'items', availableTypes: Array(6)}
preview-to-public.ts:274 [ComponentMapper] Componente encontrado: {originalType: 'items', systemType: 'items', component: 'ItemsPreview'}
preview-to-public.ts:205 [StepType] Normalizando tipo: {original: 'items', systemType: 'items', hasMapping: false}
preview-to-public.ts:261 [ComponentMapper] Mapeando componente: {originalType: 'items', systemType: 'items', availableTypes: Array(6)}
preview-to-public.ts:274 [ComponentMapper] Componente encontrado: {originalType: 'items', systemType: 'items', component: 'ItemsPreview'}
index.mjs:174 You're attempting to animate multiple children within AnimatePresence, but its mode is set to "wait". This will lead to odd visual behaviour.
AnimatePresence @ index.mjs:174
renderWithHooks @ react-dom.development.js:11121
updateFunctionComponent @ react-dom.development.js:16290
beginWork$1 @ react-dom.development.js:18472
beginWork @ react-dom.development.js:26927
performUnitOfWork @ react-dom.development.js:25748
workLoopSync @ react-dom.development.js:25464
renderRootSync @ react-dom.development.js:25419
performSyncWorkOnRoot @ react-dom.development.js:24887
flushSyncWorkAcrossRoots_impl @ react-dom.development.js:7758
flushSyncWorkOnAllRoots @ react-dom.development.js:7718
processRootScheduleInMicrotask @ react-dom.development.js:7863
eval @ react-dom.development.js:8034
index.mjs:174 You're attempting to animate multiple children within AnimatePresence, but its mode is set to "wait". This will lead to odd visual behaviour.
AnimatePresence @ index.mjs:174
renderWithHooksAgain @ react-dom.development.js:11272
renderWithHooks @ react-dom.development.js:11135
updateFunctionComponent @ react-dom.development.js:16290
beginWork$1 @ react-dom.development.js:18472
beginWork @ react-dom.development.js:26927
performUnitOfWork @ react-dom.development.js:25748
workLoopSync @ react-dom.development.js:25464
renderRootSync @ react-dom.development.js:25419
performSyncWorkOnRoot @ react-dom.development.js:24887
flushSyncWorkAcrossRoots_impl @ react-dom.development.js:7758
flushSyncWorkOnAllRoots @ react-dom.development.js:7718
processRootScheduleInMicrotask @ react-dom.development.js:7863
eval @ react-dom.development.js:8034
PublicFormContent.tsx:32 [PublicFormContent] Estado actual: {currentStep: 2, totalSteps: 4, currentField: 'players', currentType: 'items', nextField: 'summary', …}
useItems.ts:15 🔍 Iniciando carga de artículos para sede: eb8139e9-261f-4912-bc32-9aa1d455ab15
useItems.ts:24 👉 Verificando existencia de la sede: eb8139e9-261f-4912-bc32-9aa1d455ab15
useItems.ts:41 ✅ Sede verificada: Sede 2
useItems.ts:44 👉 Obteniendo artículos de la sede
useItems.ts:62 ✅ 5 artículos encontrados
useItems.ts:83 Procesando precio por duración: {itemName: 'Artículo 1', duration: 60, price: 10}
useItems.ts:83 Procesando precio por duración: {itemName: 'Artículo 1', duration: 90, price: 16}
useItems.ts:95 Procesando duration_pricing para item: {itemName: 'Artículo 1', originalPricing: {…}, processedPricing: {…}, availableDurations: Array(2)}
useItems.ts:83 Procesando precio por duración: {itemName: 'Artículo 2', duration: 60, price: 12}
useItems.ts:83 Procesando precio por duración: {itemName: 'Artículo 2', duration: 90, price: 17}
useItems.ts:95 Procesando duration_pricing para item: {itemName: 'Artículo 2', originalPricing: {…}, processedPricing: {…}, availableDurations: Array(2)}
useItems.ts:83 Procesando precio por duración: {itemName: 'Artículo 3', duration: 30, price: 10}
useItems.ts:83 Procesando precio por duración: {itemName: 'Artículo 3', duration: 60, price: 12}
useItems.ts:83 Procesando precio por duración: {itemName: 'Artículo 3', duration: 90, price: 15}
useItems.ts:95 Procesando duration_pricing para item: {itemName: 'Artículo 3', originalPricing: {…}, processedPricing: {…}, availableDurations: Array(3)}
useItems.ts:83 Procesando precio por duración: {itemName: 'Artículo 4', duration: 30, price: 12}
useItems.ts:83 Procesando precio por duración: {itemName: 'Artículo 4', duration: 60, price: 10}
useItems.ts:83 Procesando precio por duración: {itemName: 'Artículo 4', duration: 90, price: 14.5}
useItems.ts:95 Procesando duration_pricing para item: {itemName: 'Artículo 4', originalPricing: {…}, processedPricing: {…}, availableDurations: Array(3)}
useItems.ts:83 Procesando precio por duración: {itemName: 'Artículo 5', duration: 60, price: 10}
useItems.ts:83 Procesando precio por duración: {itemName: 'Artículo 5', duration: 90, price: 14}
useItems.ts:95 Procesando duration_pricing para item: {itemName: 'Artículo 5', originalPricing: {…}, processedPricing: {…}, availableDurations: Array(2)}
useItems.ts:122 ✅ Datos transformados correctamente
ItemsPreview.tsx:305 ItemsPreview - Iniciando verificación de disponibilidad: {slotKey: '2025-02-17-11:00-12:00', itemsCount: 5}
bookingService.ts:435 📦 Stock base obtenido: {itemId: '19380ce9-78cc-473c-a9e0-b6c422415158', baseStock: 50, itemData: {…}}
bookingService.ts:441 🔄 Consultando get_available_stock con parámetros: {p_item_id: '19380ce9-78cc-473c-a9e0-b6c422415158', p_booking_date: '2025-02-17', p_start_time: '11:00', p_end_time: '12:00'}
bookingService.ts:435 📦 Stock base obtenido: {itemId: 'a54f254d-1cc4-40bd-bdad-3d182ebc304e', baseStock: 40, itemData: {…}}
bookingService.ts:441 🔄 Consultando get_available_stock con parámetros: {p_item_id: 'a54f254d-1cc4-40bd-bdad-3d182ebc304e', p_booking_date: '2025-02-17', p_start_time: '11:00', p_end_time: '12:00'}
bookingService.ts:435 📦 Stock base obtenido: {itemId: '5088e195-5053-4160-8997-4786ba61b873', baseStock: 17, itemData: {…}}
bookingService.ts:441 🔄 Consultando get_available_stock con parámetros: {p_item_id: '5088e195-5053-4160-8997-4786ba61b873', p_booking_date: '2025-02-17', p_start_time: '11:00', p_end_time: '12:00'}
bookingService.ts:435 📦 Stock base obtenido: {itemId: '61c7b47d-a093-4a9b-bacc-6f04b104d3ca', baseStock: 60, itemData: {…}}
bookingService.ts:441 🔄 Consultando get_available_stock con parámetros: {p_item_id: '61c7b47d-a093-4a9b-bacc-6f04b104d3ca', p_booking_date: '2025-02-17', p_start_time: '11:00', p_end_time: '12:00'}
bookingService.ts:435 📦 Stock base obtenido: {itemId: '8e76de4a-d5d0-4083-afee-581ecf0c9dc9', baseStock: 24, itemData: {…}}
bookingService.ts:441 🔄 Consultando get_available_stock con parámetros: {p_item_id: '8e76de4a-d5d0-4083-afee-581ecf0c9dc9', p_booking_date: '2025-02-17', p_start_time: '11:00', p_end_time: '12:00'}
ItemsPreview.tsx:146 [ItemsPreview] Actualizando cantidad: {itemId: '5088e195-5053-4160-8997-4786ba61b873', newQuantity: 1, shift: {…}, duration: 1}
FormItemsContext.tsx:106 FormItemsContext - Actualizando selectedItems: {5088e195-5053-4160-8997-4786ba61b873: 1}
ItemsPreview.tsx:188 [ItemsPreview] Calculando precio: {duration: 1, durationInMinutes: 60, availablePrices: {…}}
ItemsPreview.tsx:203 [ItemsPreview] Precio calculado para item: {itemId: '5088e195-5053-4160-8997-4786ba61b873', durationInMinutes: 60, pricePerUnit: 10, quantity: 1, totalPrice: 10, …}
ItemsPreview.tsx:222 [ItemsPreview] Creando rental: {itemId: '5088e195-5053-4160-8997-4786ba61b873', quantity: 1, duration: 1, pricePerUnit: 10, price: 10, …}
ItemsPreview.tsx:226 [ItemsPreview] Actualizando rentals: {updatedRentals: Array(1), selectedItems: {…}, duration: 1, durationInMinutes: 60}
FormItemsContext.tsx:65 FormItemsContext - Actualizando rentals: {rentalsActuales: Array(0), nuevosRentals: Array(1)}
FormItemsContext.tsx:49 Rental validado y transformado: {itemId: '5088e195-5053-4160-8997-4786ba61b873', quantity: 1, pricePerUnit: 10, duration: 1, calculatedTotal: 10}
FormItemsContext.tsx:97 FormItemsContext - Estado actualizado: {rentals: Array(1), selectedItems: {…}, totalPrice: 10, rentalsLength: 1}
PublicFormContent.tsx:52 [Navigation] Iniciando navegación: {from: 'items', currentType: 'items', currentStep: 2, nextStep: 3, hasNextField: true, …}
preview-to-public.ts:205 [StepType] Normalizando tipo: {original: 'items', systemType: 'items', hasMapping: false}
preview-to-public.ts:205 [StepType] Normalizando tipo: {original: 'summary', systemType: 'summary', hasMapping: true}
preview-to-public.ts:219 [StepOrder] Validando orden: {currentType: 'items', nextType: 'summary', STEP_ORDER: Array(6), totalSteps: 6}
preview-to-public.ts:246 [StepOrder] Resultado de validación: {currentOrder: 3, nextOrder: 4, isValid: true, isSummaryToFarewell: false}
PublicFormContent.tsx:68 [Navigation] Iniciando navegación: {from: 'players', currentType: 'items', currentStep: 2, nextStep: 3, hasNextField: true}
PublicFormContent.tsx:78 [Navigation] Navegación completada al paso: 3
preview-to-public.ts:205 [StepType] Normalizando tipo: {original: 'summary', systemType: 'summary', hasMapping: true}
preview-to-public.ts:205 [StepType] Normalizando tipo: {original: 'summary', systemType: 'summary', hasMapping: true}
PublicFormLayout.tsx:38 [PublicFormLayout] Renderizando con: {currentStep: 3, fieldType: 'summary', slug: 'formulario', isNextDisabled: false, showNextButton: true, …}
PublicFormLayout.tsx:38 [PublicFormLayout] Renderizando con: {currentStep: 3, fieldType: 'summary', slug: 'formulario', isNextDisabled: false, showNextButton: true, …}
preview-to-public.ts:205 [StepType] Normalizando tipo: {original: 'summary', systemType: 'summary', hasMapping: true}
preview-to-public.ts:261 [ComponentMapper] Mapeando componente: {originalType: 'summary', systemType: 'summary', availableTypes: Array(6)}
preview-to-public.ts:274 [ComponentMapper] Componente encontrado: {originalType: 'summary', systemType: 'summary', component: 'SummaryPreview'}
preview-to-public.ts:205 [StepType] Normalizando tipo: {original: 'summary', systemType: 'summary', hasMapping: true}
preview-to-public.ts:261 [ComponentMapper] Mapeando componente: {originalType: 'summary', systemType: 'summary', availableTypes: Array(6)}
preview-to-public.ts:274 [ComponentMapper] Componente encontrado: {originalType: 'summary', systemType: 'summary', component: 'SummaryPreview'}
PublicFormContent.tsx:32 [PublicFormContent] Estado actual: {currentStep: 3, totalSteps: 4, currentField: 'summary', currentType: 'summary', nextField: undefined, …}
SummaryPreview.tsx:117 [SummaryPreview] ID de empresa encontrado: 99f78081-24fa-4892-aae2-823816e7d132
useStoredCards.ts:39 [StoredCards] No hay cuenta de Stripe conectada: {stripeAccountId: null, isConnected: false}
useStoredCards.ts:39 [StoredCards] No hay cuenta de Stripe conectada: {stripeAccountId: null, isConnected: false}
useStripeConfig.ts:52 [StripeConfig] Iniciando búsqueda de configuración: {empresaId: '99f78081-24fa-4892-aae2-823816e7d132'}
StripeConfigContext.tsx:51 [StripeConfig] Iniciando búsqueda de configuración: {empresaId: '99f78081-24fa-4892-aae2-823816e7d132'}
StripeConfigContext.tsx:64 [StripeConfig] Configuración encontrada: {empresaId: '99f78081-24fa-4892-aae2-823816e7d132', stripeAccountId: 'acct_1QddDLC4oQv4vCtF', status: 'active', charges_enabled: true, is_active: true}
useStripeConfig.ts:66 [StripeConfig] Configuración encontrada: {empresaId: '99f78081-24fa-4892-aae2-823816e7d132', stripeAccountId: 'acct_1QddDLC4oQv4vCtF', status: 'active', charges_enabled: true, is_active: true}
v3:1 You may test your Stripe.js integration over HTTP. However, live Stripe.js integrations must use HTTPS.
value @ v3:1
e @ v3:1
Wd @ v3:1
initStripe @ index.mjs:132
eval @ index.mjs:171
Promise.then
loadStripe @ index.mjs:170
initStripe @ StripeProvider.tsx:28
eval @ StripeProvider.tsx:39
commitHookEffectListMount @ react-dom.development.js:21102
commitHookPassiveMountEffects @ react-dom.development.js:23154
commitPassiveMountOnFiber @ react-dom.development.js:23259
recursivelyTraversePassiveMountEffects @ react-dom.development.js:23237
commitPassiveMountOnFiber @ react-dom.development.js:23370
recursivelyTraversePassiveMountEffects @ react-dom.development.js:23237
commitPassiveMountOnFiber @ react-dom.development.js:23256
recursivelyTraversePassiveMountEffects @ react-dom.development.js:23237
commitPassiveMountOnFiber @ react-dom.development.js:23370
recursivelyTraversePassiveMountEffects @ react-dom.development.js:23237
commitPassiveMountOnFiber @ react-dom.development.js:23370
recursivelyTraversePassiveMountEffects @ react-dom.development.js:23237
commitPassiveMountOnFiber @ react-dom.development.js:23256
recursivelyTraversePassiveMountEffects @ react-dom.development.js:23237
commitPassiveMountOnFiber @ react-dom.development.js:23256
recursivelyTraversePassiveMountEffects @ react-dom.development.js:23237
commitPassiveMountOnFiber @ react-dom.development.js:23370
recursivelyTraversePassiveMountEffects @ react-dom.development.js:23237
commitPassiveMountOnFiber @ react-dom.development.js:23370
recursivelyTraversePassiveMountEffects @ react-dom.development.js:23237
commitPassiveMountOnFiber @ react-dom.development.js:23256
recursivelyTraversePassiveMountEffects @ react-dom.development.js:23237
commitPassiveMountOnFiber @ react-dom.development.js:23370
recursivelyTraversePassiveMountEffects @ react-dom.development.js:23237
commitPassiveMountOnFiber @ react-dom.development.js:23256
recursivelyTraversePassiveMountEffects @ react-dom.development.js:23237
commitPassiveMountOnFiber @ react-dom.development.js:23256
recursivelyTraversePassiveMountEffects @ react-dom.development.js:23237
commitPassiveMountOnFiber @ react-dom.development.js:23370
recursivelyTraversePassiveMountEffects @ react-dom.development.js:23237
commitPassiveMountOnFiber @ react-dom.development.js:23370
recursivelyTraversePassiveMountEffects @ react-dom.development.js:23237
commitPassiveMountOnFiber @ react-dom.development.js:23370
recursivelyTraversePassiveMountEffects @ react-dom.development.js:23237
commitPassiveMountOnFiber @ react-dom.development.js:23370
recursivelyTraversePassiveMountEffects @ react-dom.development.js:23237
commitPassiveMountOnFiber @ react-dom.development.js:23256
recursivelyTraversePassiveMountEffects @ react-dom.development.js:23237
commitPassiveMountOnFiber @ react-dom.development.js:23256
recursivelyTraversePassiveMountEffects @ react-dom.development.js:23237
commitPassiveMountOnFiber @ react-dom.development.js:23370
recursivelyTraversePassiveMountEffects @ react-dom.development.js:23237
commitPassiveMountOnFiber @ react-dom.development.js:23256
recursivelyTraversePassiveMountEffects @ react-dom.development.js:23237
commitPassiveMountOnFiber @ react-dom.development.js:23256
recursivelyTraversePassiveMountEffects @ react-dom.development.js:23237
commitPassiveMountOnFiber @ react-dom.development.js:23370
recursivelyTraversePassiveMountEffects @ react-dom.development.js:23237
commitPassiveMountOnFiber @ react-dom.development.js:23370
recursivelyTraversePassiveMountEffects @ react-dom.development.js:23237
commitPassiveMountOnFiber @ react-dom.development.js:23256
recursivelyTraversePassiveMountEffects @ react-dom.development.js:23237
commitPassiveMountOnFiber @ react-dom.development.js:23256
recursivelyTraversePassiveMountEffects @ react-dom.development.js:23237
commitPassiveMountOnFiber @ react-dom.development.js:23256
recursivelyTraversePassiveMountEffects @ react-dom.development.js:23237
commitPassiveMountOnFiber @ react-dom.development.js:23370
recursivelyTraversePassiveMountEffects @ react-dom.development.js:23237
commitPassiveMountOnFiber @ react-dom.development.js:23370
recursivelyTraversePassiveMountEffects @ react-dom.development.js:23237
commitPassiveMountOnFiber @ react-dom.development.js:23256
recursivelyTraversePassiveMountEffects @ react-dom.development.js:23237
commitPassiveMountOnFiber @ react-dom.development.js:23370
recursivelyTraversePassiveMountEffects @ react-dom.development.js:23237
commitPassiveMountOnFiber @ react-dom.development.js:23256
recursivelyTraversePassiveMountEffects @ react-dom.development.js:23237
commitPassiveMountOnFiber @ react-dom.development.js:23256
recursivelyTraversePassiveMountEffects @ react-dom.development.js:23237
commitPassiveMountOnFiber @ react-dom.development.js:23256
recursivelyTraversePassiveMountEffects @ react-dom.development.js:23237
commitPassiveMountOnFiber @ react-dom.development.js:23256
recursivelyTraversePassiveMountEffects @ react-dom.development.js:23237
commitPassiveMountOnFiber @ react-dom.development.js:23370
recursivelyTraversePassiveMountEffects @ react-dom.development.js:23237
commitPassiveMountOnFiber @ react-dom.development.js:23256
recursivelyTraversePassiveMountEffects @ react-dom.development.js:23237
commitPassiveMountOnFiber @ react-dom.development.js:23256
recursivelyTraversePassiveMountEffects @ react-dom.development.js:23237
commitPassiveMountOnFiber @ react-dom.development.js:23370
recursivelyTraversePassiveMountEffects @ react-dom.development.js:23237
commitPassiveMountOnFiber @ react-dom.development.js:23256
recursivelyTraversePassiveMountEffects @ react-dom.development.js:23237
commitPassiveMountOnFiber @ react-dom.development.js:23370
recursivelyTraversePassiveMountEffects @ react-dom.development.js:23237
commitPassiveMountOnFiber @ react-dom.development.js:23256
recursivelyTraversePassiveMountEffects @ react-dom.development.js:23237
commitPassiveMountOnFiber @ react-dom.development.js:23370
recursivelyTraversePassiveMountEffects @ react-dom.development.js:23237
commitPassiveMountOnFiber @ react-dom.development.js:23256
recursivelyTraversePassiveMountEffects @ react-dom.development.js:23237
commitPassiveMountOnFiber @ react-dom.development.js:23370
recursivelyTraversePassiveMountEffects @ react-dom.development.js:23237
commitPassiveMountOnFiber @ react-dom.development.js:23256
recursivelyTraversePassiveMountEffects @ react-dom.development.js:23237
commitPassiveMountOnFiber @ react-dom.development.js:23370
recursivelyTraversePassiveMountEffects @ react-dom.development.js:23237
commitPassiveMountOnFiber @ react-dom.development.js:23256
recursivelyTraversePassiveMountEffects @ react-dom.development.js:23237
commitPassiveMountOnFiber @ react-dom.development.js:23370
recursivelyTraversePassiveMountEffects @ react-dom.development.js:23237
commitPassiveMountOnFiber @ react-dom.development.js:23256
recursivelyTraversePassiveMountEffects @ react-dom.development.js:23237
commitPassiveMountOnFiber @ react-dom.development.js:23256
recursivelyTraversePassiveMountEffects @ react-dom.development.js:23237
commitPassiveMountOnFiber @ react-dom.development.js:23370
recursivelyTraversePassiveMountEffects @ react-dom.development.js:23237
commitPassiveMountOnFiber @ react-dom.development.js:23370
recursivelyTraversePassiveMountEffects @ react-dom.development.js:23237
commitPassiveMountOnFiber @ react-dom.development.js:23256
recursivelyTraversePassiveMountEffects @ react-dom.development.js:23237
commitPassiveMountOnFiber @ react-dom.development.js:23370
recursivelyTraversePassiveMountEffects @ react-dom.development.js:23237
commitPassiveMountOnFiber @ react-dom.development.js:23256
recursivelyTraversePassiveMountEffects @ react-dom.development.js:23237
commitPassiveMountOnFiber @ react-dom.development.js:23256
recursivelyTraversePassiveMountEffects @ react-dom.development.js:23237
commitPassiveMountOnFiber @ react-dom.development.js:23256
recursivelyTraversePassiveMountEffects @ react-dom.development.js:23237
commitPassiveMountOnFiber @ react-dom.development.js:23256
recursivelyTraversePassiveMountEffects @ react-dom.development.js:23237
commitPassiveMountOnFiber @ react-dom.development.js:23370
recursivelyTraversePassiveMountEffects @ react-dom.development.js:23237
commitPassiveMountOnFiber @ react-dom.development.js:23256
recursivelyTraversePassiveMountEffects @ react-dom.development.js:23237
commitPassiveMountOnFiber @ react-dom.development.js:23256
recursivelyTraversePassiveMountEffects @ react-dom.development.js:23237
commitPassiveMountOnFiber @ react-dom.development.js:23370
recursivelyTraversePassiveMountEffects @ react-dom.development.js:23237
commitPassiveMountOnFiber @ react-dom.development.js:23256
recursivelyTraversePassiveMountEffects @ react-dom.development.js:23237
commitPassiveMountOnFiber @ react-dom.development.js:23370
recursivelyTraversePassiveMountEffects @ react-dom.development.js:23237
commitPassiveMountOnFiber @ react-dom.development.js:23256
recursivelyTraversePassiveMountEffects @ react-dom.development.js:23237
commitPassiveMountOnFiber @ react-dom.development.js:23370
recursivelyTraversePassiveMountEffects @ react-dom.development.js:23237
commitPassiveMountOnFiber @ react-dom.development.js:23256
recursivelyTraversePassiveMountEffects @ react-dom.development.js:23237
commitPassiveMountOnFiber @ react-dom.development.js:23370
recursivelyTraversePassiveMountEffects @ react-dom.development.js:23237
commitPassiveMountOnFiber @ react-dom.development.js:23256
recursivelyTraversePassiveMountEffects @ react-dom.development.js:23237
commitPassiveMountOnFiber @ react-dom.development.js:23256
recursivelyTraversePassiveMountEffects @ react-dom.development.js:23237
commitPassiveMountOnFiber @ react-dom.development.js:23256
recursivelyTraversePassiveMountEffects @ react-dom.development.js:23237
commitPassiveMountOnFiber @ react-dom.development.js:23370
recursivelyTraversePassiveMountEffects @ react-dom.development.js:23237
commitPassiveMountOnFiber @ react-dom.development.js:23256
recursivelyTraversePassiveMountEffects @ react-dom.development.js:23237
commitPassiveMountOnFiber @ react-dom.development.js:23256
recursivelyTraversePassiveMountEffects @ react-dom.development.js:23237
commitPassiveMountOnFiber @ react-dom.development.js:23370
recursivelyTraversePassiveMountEffects @ react-dom.development.js:23237
commitPassiveMountOnFiber @ react-dom.development.js:23256
recursivelyTraversePassiveMountEffects @ react-dom.development.js:23237
commitPassiveMountOnFiber @ react-dom.development.js:23370
recursivelyTraversePassiveMountEffects @ react-dom.development.js:23237
commitPassiveMountOnFiber @ react-dom.development.js:23256
recursivelyTraversePassiveMountEffects @ react-dom.development.js:23237
commitPassiveMountOnFiber @ react-dom.development.js:23370
recursivelyTraversePassiveMountEffects @ react-dom.development.js:23237
commitPassiveMountOnFiber @ react-dom.development.js:23256
recursivelyTraversePassiveMountEffects @ react-dom.development.js:23237
commitPassiveMountOnFiber @ react-dom.development.js:23370
recursivelyTraversePassiveMountEffects @ react-dom.development.js:23237
commitPassiveMountOnFiber @ react-dom.development.js:23256
recursivelyTraversePassiveMountEffects @ react-dom.development.js:23237
commitPassiveMountOnFiber @ react-dom.development.js:23370
recursivelyTraversePassiveMountEffects @ react-dom.development.js:23237
commitPassiveMountOnFiber @ react-dom.development.js:23256
recursivelyTraversePassiveMountEffects @ react-dom.development.js:23237
commitPassiveMountOnFiber @ react-dom.development.js:23370
recursivelyTraversePassiveMountEffects @ react-dom.development.js:23237
commitPassiveMountOnFiber @ react-dom.development.js:23256
recursivelyTraversePassiveMountEffects @ react-dom.development.js:23237
commitPassiveMountOnFiber @ react-dom.development.js:23256
recursivelyTraversePassiveMountEffects @ react-dom.development.js:23237
commitPassiveMountOnFiber @ react-dom.development.js:23370
recursivelyTraversePassiveMountEffects @ react-dom.development.js:23237
commitPassiveMountOnFiber @ react-dom.development.js:23256
recursivelyTraversePassiveMountEffects @ react-dom.development.js:23237
commitPassiveMountOnFiber @ react-dom.development.js:23370
recursivelyTraversePassiveMountEffects @ react-dom.development.js:23237
commitPassiveMountOnFiber @ react-dom.development.js:23370
recursivelyTraversePassiveMountEffects @ react-dom.development.js:23237
commitPassiveMountOnFiber @ react-dom.development.js:23370
recursivelyTraversePassiveMountEffects @ react-dom.development.js:23237
commitPassiveMountOnFiber @ react-dom.development.js:23370
recursivelyTraversePassiveMountEffects @ react-dom.development.js:23237
commitPassiveMountOnFiber @ react-dom.development.js:23370
recursivelyTraversePassiveMountEffects @ react-dom.development.js:23237
commitPassiveMountOnFiber @ react-dom.development.js:23256
recursivelyTraversePassiveMountEffects @ react-dom.development.js:23237
commitPassiveMountOnFiber @ react-dom.development.js:23370
recursivelyTraversePassiveMountEffects @ react-dom.development.js:23237
commitPassiveMountOnFiber @ react-dom.development.js:23370
useStoredCards.ts:49 [StoredCards] 🔄 Iniciando carga de tarjetas: {stripeAccountId: 'acct_1QddDLC4oQv4vCtF', refreshTrigger: 0, retryCount: 0}
useStoredCards.ts:49 [StoredCards] 🔄 Iniciando carga de tarjetas: {stripeAccountId: 'acct_1QddDLC4oQv4vCtF', refreshTrigger: 0, retryCount: 0}
useStoredCards.ts:55 
            
            
           POST http://localhost:3000/api/stripe/payment-methods 400 (Bad Request)
eval @ useStoredCards.ts:55
eval @ useStoredCards.ts:123
commitHookEffectListMount @ react-dom.development.js:21102
commitHookPassiveMountEffects @ react-dom.development.js:23154
commitPassiveMountOnFiber @ react-dom.development.js:23259
recursivelyTraversePassiveMountEffects @ react-dom.development.js:23237
commitPassiveMountOnFiber @ react-dom.development.js:23370
recursivelyTraversePassiveMountEffects @ react-dom.development.js:23237
commitPassiveMountOnFiber @ react-dom.development.js:23370
recursivelyTraversePassiveMountEffects @ react-dom.development.js:23237
commitPassiveMountOnFiber @ react-dom.development.js:23256
recursivelyTraversePassiveMountEffects @ react-dom.development.js:23237
commitPassiveMountOnFiber @ react-dom.development.js:23370
recursivelyTraversePassiveMountEffects @ react-dom.development.js:23237
commitPassiveMountOnFiber @ react-dom.development.js:23256
recursivelyTraversePassiveMountEffects @ react-dom.development.js:23237
commitPassiveMountOnFiber @ react-dom.development.js:23256
recursivelyTraversePassiveMountEffects @ react-dom.development.js:23237
commitPassiveMountOnFiber @ react-dom.development.js:23370
recursivelyTraversePassiveMountEffects @ react-dom.development.js:23237
commitPassiveMountOnFiber @ react-dom.development.js:23256
recursivelyTraversePassiveMountEffects @ react-dom.development.js:23237
commitPassiveMountOnFiber @ react-dom.development.js:23370
recursivelyTraversePassiveMountEffects @ react-dom.development.js:23237
commitPassiveMountOnFiber @ react-dom.development.js:23370
recursivelyTraversePassiveMountEffects @ react-dom.development.js:23237
commitPassiveMountOnFiber @ react-dom.development.js:23256
recursivelyTraversePassiveMountEffects @ react-dom.development.js:23237
commitPassiveMountOnFiber @ react-dom.development.js:23256
recursivelyTraversePassiveMountEffects @ react-dom.development.js:23237
commitPassiveMountOnFiber @ react-dom.development.js:23370
recursivelyTraversePassiveMountEffects @ react-dom.development.js:23237
commitPassiveMountOnFiber @ react-dom.development.js:23370
recursivelyTraversePassiveMountEffects @ react-dom.development.js:23237
commitPassiveMountOnFiber @ react-dom.development.js:23256
recursivelyTraversePassiveMountEffects @ react-dom.development.js:23237
commitPassiveMountOnFiber @ react-dom.development.js:23370
recursivelyTraversePassiveMountEffects @ react-dom.development.js:23237
commitPassiveMountOnFiber @ react-dom.development.js:23256
recursivelyTraversePassiveMountEffects @ react-dom.development.js:23237
commitPassiveMountOnFiber @ react-dom.development.js:23256
recursivelyTraversePassiveMountEffects @ react-dom.development.js:23237
commitPassiveMountOnFiber @ react-dom.development.js:23370
recursivelyTraversePassiveMountEffects @ react-dom.development.js:23237
commitPassiveMountOnFiber @ react-dom.development.js:23370
recursivelyTraversePassiveMountEffects @ react-dom.development.js:23237
commitPassiveMountOnFiber @ react-dom.development.js:23370
recursivelyTraversePassiveMountEffects @ react-dom.development.js:23237
commitPassiveMountOnFiber @ react-dom.development.js:23370
recursivelyTraversePassiveMountEffects @ react-dom.development.js:23237
commitPassiveMountOnFiber @ react-dom.development.js:23256
recursivelyTraversePassiveMountEffects @ react-dom.development.js:23237
commitPassiveMountOnFiber @ react-dom.development.js:23256
recursivelyTraversePassiveMountEffects @ react-dom.development.js:23237
commitPassiveMountOnFiber @ react-dom.development.js:23370
recursivelyTraversePassiveMountEffects @ react-dom.development.js:23237
commitPassiveMountOnFiber @ react-dom.development.js:23256
recursivelyTraversePassiveMountEffects @ react-dom.development.js:23237
commitPassiveMountOnFiber @ react-dom.development.js:23256
recursivelyTraversePassiveMountEffects @ react-dom.development.js:23237
commitPassiveMountOnFiber @ react-dom.development.js:23370
recursivelyTraversePassiveMountEffects @ react-dom.development.js:23237
commitPassiveMountOnFiber @ react-dom.development.js:23370
recursivelyTraversePassiveMountEffects @ react-dom.development.js:23237
commitPassiveMountOnFiber @ react-dom.development.js:23256
recursivelyTraversePassiveMountEffects @ react-dom.development.js:23237
commitPassiveMountOnFiber @ react-dom.development.js:23256
recursivelyTraversePassiveMountEffects @ react-dom.development.js:23237
commitPassiveMountOnFiber @ react-dom.development.js:23256
recursivelyTraversePassiveMountEffects @ react-dom.development.js:23237
commitPassiveMountOnFiber @ react-dom.development.js:23370
recursivelyTraversePassiveMountEffects @ react-dom.development.js:23237
commitPassiveMountOnFiber @ react-dom.development.js:23370
recursivelyTraversePassiveMountEffects @ react-dom.development.js:23237
commitPassiveMountOnFiber @ react-dom.development.js:23256
recursivelyTraversePassiveMountEffects @ react-dom.development.js:23237
commitPassiveMountOnFiber @ react-dom.development.js:23370
recursivelyTraversePassiveMountEffects @ react-dom.development.js:23237
commitPassiveMountOnFiber @ react-dom.development.js:23256
recursivelyTraversePassiveMountEffects @ react-dom.development.js:23237
commitPassiveMountOnFiber @ react-dom.development.js:23256
recursivelyTraversePassiveMountEffects @ react-dom.development.js:23237
commitPassiveMountOnFiber @ react-dom.development.js:23256
recursivelyTraversePassiveMountEffects @ react-dom.development.js:23237
commitPassiveMountOnFiber @ react-dom.development.js:23256
recursivelyTraversePassiveMountEffects @ react-dom.development.js:23237
commitPassiveMountOnFiber @ react-dom.development.js:23370
recursivelyTraversePassiveMountEffects @ react-dom.development.js:23237
commitPassiveMountOnFiber @ react-dom.development.js:23256
recursivelyTraversePassiveMountEffects @ react-dom.development.js:23237
commitPassiveMountOnFiber @ react-dom.development.js:23256
recursivelyTraversePassiveMountEffects @ react-dom.development.js:23237
commitPassiveMountOnFiber @ react-dom.development.js:23370
recursivelyTraversePassiveMountEffects @ react-dom.development.js:23237
commitPassiveMountOnFiber @ react-dom.development.js:23256
recursivelyTraversePassiveMountEffects @ react-dom.development.js:23237
commitPassiveMountOnFiber @ react-dom.development.js:23370
recursivelyTraversePassiveMountEffects @ react-dom.development.js:23237
commitPassiveMountOnFiber @ react-dom.development.js:23256
recursivelyTraversePassiveMountEffects @ react-dom.development.js:23237
commitPassiveMountOnFiber @ react-dom.development.js:23370
recursivelyTraversePassiveMountEffects @ react-dom.development.js:23237
commitPassiveMountOnFiber @ react-dom.development.js:23256
recursivelyTraversePassiveMountEffects @ react-dom.development.js:23237
commitPassiveMountOnFiber @ react-dom.development.js:23370
recursivelyTraversePassiveMountEffects @ react-dom.development.js:23237
commitPassiveMountOnFiber @ react-dom.development.js:23256
recursivelyTraversePassiveMountEffects @ react-dom.development.js:23237
commitPassiveMountOnFiber @ react-dom.development.js:23370
recursivelyTraversePassiveMountEffects @ react-dom.development.js:23237
commitPassiveMountOnFiber @ react-dom.development.js:23256
recursivelyTraversePassiveMountEffects @ react-dom.development.js:23237
commitPassiveMountOnFiber @ react-dom.development.js:23370
recursivelyTraversePassiveMountEffects @ react-dom.development.js:23237
commitPassiveMountOnFiber @ react-dom.development.js:23256
recursivelyTraversePassiveMountEffects @ react-dom.development.js:23237
commitPassiveMountOnFiber @ react-dom.development.js:23256
recursivelyTraversePassiveMountEffects @ react-dom.development.js:23237
commitPassiveMountOnFiber @ react-dom.development.js:23370
recursivelyTraversePassiveMountEffects @ react-dom.development.js:23237
commitPassiveMountOnFiber @ react-dom.development.js:23370
recursivelyTraversePassiveMountEffects @ react-dom.development.js:23237
commitPassiveMountOnFiber @ react-dom.development.js:23256
recursivelyTraversePassiveMountEffects @ react-dom.development.js:23237
commitPassiveMountOnFiber @ react-dom.development.js:23370
recursivelyTraversePassiveMountEffects @ react-dom.development.js:23237
commitPassiveMountOnFiber @ react-dom.development.js:23256
recursivelyTraversePassiveMountEffects @ react-dom.development.js:23237
commitPassiveMountOnFiber @ react-dom.development.js:23256
recursivelyTraversePassiveMountEffects @ react-dom.development.js:23237
commitPassiveMountOnFiber @ react-dom.development.js:23256
recursivelyTraversePassiveMountEffects @ react-dom.development.js:23237
commitPassiveMountOnFiber @ react-dom.development.js:23256
recursivelyTraversePassiveMountEffects @ react-dom.development.js:23237
commitPassiveMountOnFiber @ react-dom.development.js:23370
recursivelyTraversePassiveMountEffects @ react-dom.development.js:23237
commitPassiveMountOnFiber @ react-dom.development.js:23256
recursivelyTraversePassiveMountEffects @ react-dom.development.js:23237
commitPassiveMountOnFiber @ react-dom.development.js:23256
recursivelyTraversePassiveMountEffects @ react-dom.development.js:23237
commitPassiveMountOnFiber @ react-dom.development.js:23370
recursivelyTraversePassiveMountEffects @ react-dom.development.js:23237
commitPassiveMountOnFiber @ react-dom.development.js:23256
recursivelyTraversePassiveMountEffects @ react-dom.development.js:23237
commitPassiveMountOnFiber @ react-dom.development.js:23370
recursivelyTraversePassiveMountEffects @ react-dom.development.js:23237
commitPassiveMountOnFiber @ react-dom.development.js:23256
recursivelyTraversePassiveMountEffects @ react-dom.development.js:23237
commitPassiveMountOnFiber @ react-dom.development.js:23370
recursivelyTraversePassiveMountEffects @ react-dom.development.js:23237
commitPassiveMountOnFiber @ react-dom.development.js:23256
recursivelyTraversePassiveMountEffects @ react-dom.development.js:23237
commitPassiveMountOnFiber @ react-dom.development.js:23370
recursivelyTraversePassiveMountEffects @ react-dom.development.js:23237
commitPassiveMountOnFiber @ react-dom.development.js:23256
recursivelyTraversePassiveMountEffects @ react-dom.development.js:23237
commitPassiveMountOnFiber @ react-dom.development.js:23256
recursivelyTraversePassiveMountEffects @ react-dom.development.js:23237
commitPassiveMountOnFiber @ react-dom.development.js:23256
recursivelyTraversePassiveMountEffects @ react-dom.development.js:23237
commitPassiveMountOnFiber @ react-dom.development.js:23370
recursivelyTraversePassiveMountEffects @ react-dom.development.js:23237
commitPassiveMountOnFiber @ react-dom.development.js:23256
recursivelyTraversePassiveMountEffects @ react-dom.development.js:23237
commitPassiveMountOnFiber @ react-dom.development.js:23256
recursivelyTraversePassiveMountEffects @ react-dom.development.js:23237
commitPassiveMountOnFiber @ react-dom.development.js:23370
recursivelyTraversePassiveMountEffects @ react-dom.development.js:23237
commitPassiveMountOnFiber @ react-dom.development.js:23256
recursivelyTraversePassiveMountEffects @ react-dom.development.js:23237
commitPassiveMountOnFiber @ react-dom.development.js:23370
recursivelyTraversePassiveMountEffects @ react-dom.development.js:23237
commitPassiveMountOnFiber @ react-dom.development.js:23256
recursivelyTraversePassiveMountEffects @ react-dom.development.js:23237
commitPassiveMountOnFiber @ react-dom.development.js:23370
recursivelyTraversePassiveMountEffects @ react-dom.development.js:23237
commitPassiveMountOnFiber @ react-dom.development.js:23256
recursivelyTraversePassiveMountEffects @ react-dom.development.js:23237
commitPassiveMountOnFiber @ react-dom.development.js:23370
recursivelyTraversePassiveMountEffects @ react-dom.development.js:23237
commitPassiveMountOnFiber @ react-dom.development.js:23256
recursivelyTraversePassiveMountEffects @ react-dom.development.js:23237
commitPassiveMountOnFiber @ react-dom.development.js:23370
recursivelyTraversePassiveMountEffects @ react-dom.development.js:23237
commitPassiveMountOnFiber @ react-dom.development.js:23256
recursivelyTraversePassiveMountEffects @ react-dom.development.js:23237
commitPassiveMountOnFiber @ react-dom.development.js:23370
recursivelyTraversePassiveMountEffects @ react-dom.development.js:23237
commitPassiveMountOnFiber @ react-dom.development.js:23256
recursivelyTraversePassiveMountEffects @ react-dom.development.js:23237
commitPassiveMountOnFiber @ react-dom.development.js:23256
recursivelyTraversePassiveMountEffects @ react-dom.development.js:23237
commitPassiveMountOnFiber @ react-dom.development.js:23370
recursivelyTraversePassiveMountEffects @ react-dom.development.js:23237
commitPassiveMountOnFiber @ react-dom.development.js:23256
recursivelyTraversePassiveMountEffects @ react-dom.development.js:23237
commitPassiveMountOnFiber @ react-dom.development.js:23370
recursivelyTraversePassiveMountEffects @ react-dom.development.js:23237
commitPassiveMountOnFiber @ react-dom.development.js:23370
recursivelyTraversePassiveMountEffects @ react-dom.development.js:23237
useStoredCards.ts:66 [StoredCards] ❌ Error en la respuesta: {status: 400, statusText: 'Bad Request', error: {…}}error: {error: 'Error desconocido'}status: 400statusText: "Bad Request"[[Prototype]]: Object
window.console.error @ app-index.js:33
console.error @ hydration-error-info.js:63
eval @ useStoredCards.ts:66
await in eval
eval @ useStoredCards.ts:123
commitHookEffectListMount @ react-dom.development.js:21102
commitHookPassiveMountEffects @ react-dom.development.js:23154
commitPassiveMountOnFiber @ react-dom.development.js:23259
recursivelyTraversePassiveMountEffects @ react-dom.development.js:23237
commitPassiveMountOnFiber @ react-dom.development.js:23370
recursivelyTraversePassiveMountEffects @ react-dom.development.js:23237
commitPassiveMountOnFiber @ react-dom.development.js:23370
recursivelyTraversePassiveMountEffects @ react-dom.development.js:23237
commitPassiveMountOnFiber @ react-dom.development.js:23256
recursivelyTraversePassiveMountEffects @ react-dom.development.js:23237
commitPassiveMountOnFiber @ react-dom.development.js:23370
recursivelyTraversePassiveMountEffects @ react-dom.development.js:23237
commitPassiveMountOnFiber @ react-dom.development.js:23256
recursivelyTraversePassiveMountEffects @ react-dom.development.js:23237
commitPassiveMountOnFiber @ react-dom.development.js:23256
recursivelyTraversePassiveMountEffects @ react-dom.development.js:23237
commitPassiveMountOnFiber @ react-dom.development.js:23370
recursivelyTraversePassiveMountEffects @ react-dom.development.js:23237
commitPassiveMountOnFiber @ react-dom.development.js:23256
recursivelyTraversePassiveMountEffects @ react-dom.development.js:23237
commitPassiveMountOnFiber @ react-dom.development.js:23370
recursivelyTraversePassiveMountEffects @ react-dom.development.js:23237
commitPassiveMountOnFiber @ react-dom.development.js:23370
recursivelyTraversePassiveMountEffects @ react-dom.development.js:23237
commitPassiveMountOnFiber @ react-dom.development.js:23256
recursivelyTraversePassiveMountEffects @ react-dom.development.js:23237
commitPassiveMountOnFiber @ react-dom.development.js:23256
recursivelyTraversePassiveMountEffects @ react-dom.development.js:23237
commitPassiveMountOnFiber @ react-dom.development.js:23370
recursivelyTraversePassiveMountEffects @ react-dom.development.js:23237
commitPassiveMountOnFiber @ react-dom.development.js:23370
recursivelyTraversePassiveMountEffects @ react-dom.development.js:23237
commitPassiveMountOnFiber @ react-dom.development.js:23256
recursivelyTraversePassiveMountEffects @ react-dom.development.js:23237
commitPassiveMountOnFiber @ react-dom.development.js:23370
recursivelyTraversePassiveMountEffects @ react-dom.development.js:23237
commitPassiveMountOnFiber @ react-dom.development.js:23256
recursivelyTraversePassiveMountEffects @ react-dom.development.js:23237
commitPassiveMountOnFiber @ react-dom.development.js:23256
recursivelyTraversePassiveMountEffects @ react-dom.development.js:23237
commitPassiveMountOnFiber @ react-dom.development.js:23370
recursivelyTraversePassiveMountEffects @ react-dom.development.js:23237
commitPassiveMountOnFiber @ react-dom.development.js:23370
recursivelyTraversePassiveMountEffects @ react-dom.development.js:23237
commitPassiveMountOnFiber @ react-dom.development.js:23370
recursivelyTraversePassiveMountEffects @ react-dom.development.js:23237
commitPassiveMountOnFiber @ react-dom.development.js:23370
recursivelyTraversePassiveMountEffects @ react-dom.development.js:23237
commitPassiveMountOnFiber @ react-dom.development.js:23256
recursivelyTraversePassiveMountEffects @ react-dom.development.js:23237
commitPassiveMountOnFiber @ react-dom.development.js:23256
recursivelyTraversePassiveMountEffects @ react-dom.development.js:23237
commitPassiveMountOnFiber @ react-dom.development.js:23370
recursivelyTraversePassiveMountEffects @ react-dom.development.js:23237
commitPassiveMountOnFiber @ react-dom.development.js:23256
recursivelyTraversePassiveMountEffects @ react-dom.development.js:23237
commitPassiveMountOnFiber @ react-dom.development.js:23256
recursivelyTraversePassiveMountEffects @ react-dom.development.js:23237
commitPassiveMountOnFiber @ react-dom.development.js:23370
recursivelyTraversePassiveMountEffects @ react-dom.development.js:23237
commitPassiveMountOnFiber @ react-dom.development.js:23370
recursivelyTraversePassiveMountEffects @ react-dom.development.js:23237
commitPassiveMountOnFiber @ react-dom.development.js:23256
recursivelyTraversePassiveMountEffects @ react-dom.development.js:23237
commitPassiveMountOnFiber @ react-dom.development.js:23256
recursivelyTraversePassiveMountEffects @ react-dom.development.js:23237
commitPassiveMountOnFiber @ react-dom.development.js:23256
recursivelyTraversePassiveMountEffects @ react-dom.development.js:23237
commitPassiveMountOnFiber @ react-dom.development.js:23370
recursivelyTraversePassiveMountEffects @ react-dom.development.js:23237
commitPassiveMountOnFiber @ react-dom.development.js:23370
recursivelyTraversePassiveMountEffects @ react-dom.development.js:23237
commitPassiveMountOnFiber @ react-dom.development.js:23256
recursivelyTraversePassiveMountEffects @ react-dom.development.js:23237
commitPassiveMountOnFiber @ react-dom.development.js:23370
recursivelyTraversePassiveMountEffects @ react-dom.development.js:23237
commitPassiveMountOnFiber @ react-dom.development.js:23256
recursivelyTraversePassiveMountEffects @ react-dom.development.js:23237
commitPassiveMountOnFiber @ react-dom.development.js:23256
recursivelyTraversePassiveMountEffects @ react-dom.development.js:23237
commitPassiveMountOnFiber @ react-dom.development.js:23256
recursivelyTraversePassiveMountEffects @ react-dom.development.js:23237
commitPassiveMountOnFiber @ react-dom.development.js:23256
recursivelyTraversePassiveMountEffects @ react-dom.development.js:23237
commitPassiveMountOnFiber @ react-dom.development.js:23370
recursivelyTraversePassiveMountEffects @ react-dom.development.js:23237
commitPassiveMountOnFiber @ react-dom.development.js:23256
recursivelyTraversePassiveMountEffects @ react-dom.development.js:23237
commitPassiveMountOnFiber @ react-dom.development.js:23256
recursivelyTraversePassiveMountEffects @ react-dom.development.js:23237
commitPassiveMountOnFiber @ react-dom.development.js:23370
recursivelyTraversePassiveMountEffects @ react-dom.development.js:23237
commitPassiveMountOnFiber @ react-dom.development.js:23256
recursivelyTraversePassiveMountEffects @ react-dom.development.js:23237
commitPassiveMountOnFiber @ react-dom.development.js:23370
recursivelyTraversePassiveMountEffects @ react-dom.development.js:23237
commitPassiveMountOnFiber @ react-dom.development.js:23256
recursivelyTraversePassiveMountEffects @ react-dom.development.js:23237
commitPassiveMountOnFiber @ react-dom.development.js:23370
recursivelyTraversePassiveMountEffects @ react-dom.development.js:23237
commitPassiveMountOnFiber @ react-dom.development.js:23256
recursivelyTraversePassiveMountEffects @ react-dom.development.js:23237
commitPassiveMountOnFiber @ react-dom.development.js:23370
recursivelyTraversePassiveMountEffects @ react-dom.development.js:23237
commitPassiveMountOnFiber @ react-dom.development.js:23256
recursivelyTraversePassiveMountEffects @ react-dom.development.js:23237
commitPassiveMountOnFiber @ react-dom.development.js:23370
recursivelyTraversePassiveMountEffects @ react-dom.development.js:23237
commitPassiveMountOnFiber @ react-dom.development.js:23256
recursivelyTraversePassiveMountEffects @ react-dom.development.js:23237
commitPassiveMountOnFiber @ react-dom.development.js:23370
recursivelyTraversePassiveMountEffects @ react-dom.development.js:23237
commitPassiveMountOnFiber @ react-dom.development.js:23256
recursivelyTraversePassiveMountEffects @ react-dom.development.js:23237
commitPassiveMountOnFiber @ react-dom.development.js:23256
recursivelyTraversePassiveMountEffects @ react-dom.development.js:23237
commitPassiveMountOnFiber @ react-dom.development.js:23370
recursivelyTraversePassiveMountEffects @ react-dom.development.js:23237
commitPassiveMountOnFiber @ react-dom.development.js:23370
recursivelyTraversePassiveMountEffects @ react-dom.development.js:23237
commitPassiveMountOnFiber @ react-dom.development.js:23256
recursivelyTraversePassiveMountEffects @ react-dom.development.js:23237
commitPassiveMountOnFiber @ react-dom.development.js:23370
recursivelyTraversePassiveMountEffects @ react-dom.development.js:23237
commitPassiveMountOnFiber @ react-dom.development.js:23256
recursivelyTraversePassiveMountEffects @ react-dom.development.js:23237
commitPassiveMountOnFiber @ react-dom.development.js:23256
recursivelyTraversePassiveMountEffects @ react-dom.development.js:23237
commitPassiveMountOnFiber @ react-dom.development.js:23256
recursivelyTraversePassiveMountEffects @ react-dom.development.js:23237
commitPassiveMountOnFiber @ react-dom.development.js:23256
recursivelyTraversePassiveMountEffects @ react-dom.development.js:23237
commitPassiveMountOnFiber @ react-dom.development.js:23370
recursivelyTraversePassiveMountEffects @ react-dom.development.js:23237
commitPassiveMountOnFiber @ react-dom.development.js:23256
recursivelyTraversePassiveMountEffects @ react-dom.development.js:23237
commitPassiveMountOnFiber @ react-dom.development.js:23256
recursivelyTraversePassiveMountEffects @ react-dom.development.js:23237
commitPassiveMountOnFiber @ react-dom.development.js:23370
recursivelyTraversePassiveMountEffects @ react-dom.development.js:23237
commitPassiveMountOnFiber @ react-dom.development.js:23256
recursivelyTraversePassiveMountEffects @ react-dom.development.js:23237
commitPassiveMountOnFiber @ react-dom.development.js:23370
recursivelyTraversePassiveMountEffects @ react-dom.development.js:23237
commitPassiveMountOnFiber @ react-dom.development.js:23256
recursivelyTraversePassiveMountEffects @ react-dom.development.js:23237
commitPassiveMountOnFiber @ react-dom.development.js:23370
recursivelyTraversePassiveMountEffects @ react-dom.development.js:23237
commitPassiveMountOnFiber @ react-dom.development.js:23256
recursivelyTraversePassiveMountEffects @ react-dom.development.js:23237
commitPassiveMountOnFiber @ react-dom.development.js:23370
recursivelyTraversePassiveMountEffects @ react-dom.development.js:23237
commitPassiveMountOnFiber @ react-dom.development.js:23256
recursivelyTraversePassiveMountEffects @ react-dom.development.js:23237
commitPassiveMountOnFiber @ react-dom.development.js:23256
recursivelyTraversePassiveMountEffects @ react-dom.development.js:23237
commitPassiveMountOnFiber @ react-dom.development.js:23256
recursivelyTraversePassiveMountEffects @ react-dom.development.js:23237
commitPassiveMountOnFiber @ react-dom.development.js:23370
recursivelyTraversePassiveMountEffects @ react-dom.development.js:23237
commitPassiveMountOnFiber @ react-dom.development.js:23256
recursivelyTraversePassiveMountEffects @ react-dom.development.js:23237
commitPassiveMountOnFiber @ react-dom.development.js:23256
recursivelyTraversePassiveMountEffects @ react-dom.development.js:23237
commitPassiveMountOnFiber @ react-dom.development.js:23370
recursivelyTraversePassiveMountEffects @ react-dom.development.js:23237
commitPassiveMountOnFiber @ react-dom.development.js:23256
recursivelyTraversePassiveMountEffects @ react-dom.development.js:23237
commitPassiveMountOnFiber @ react-dom.development.js:23370
recursivelyTraversePassiveMountEffects @ react-dom.development.js:23237
commitPassiveMountOnFiber @ react-dom.development.js:23256
recursivelyTraversePassiveMountEffects @ react-dom.development.js:23237
commitPassiveMountOnFiber @ react-dom.development.js:23370
recursivelyTraversePassiveMountEffects @ react-dom.development.js:23237
commitPassiveMountOnFiber @ react-dom.development.js:23256
recursivelyTraversePassiveMountEffects @ react-dom.development.js:23237
commitPassiveMountOnFiber @ react-dom.development.js:23370
recursivelyTraversePassiveMountEffects @ react-dom.development.js:23237
commitPassiveMountOnFiber @ react-dom.development.js:23256
recursivelyTraversePassiveMountEffects @ react-dom.development.js:23237
commitPassiveMountOnFiber @ react-dom.development.js:23370
recursivelyTraversePassiveMountEffects @ react-dom.development.js:23237
commitPassiveMountOnFiber @ react-dom.development.js:23256
recursivelyTraversePassiveMountEffects @ react-dom.development.js:23237
commitPassiveMountOnFiber @ react-dom.development.js:23370
recursivelyTraversePassiveMountEffects @ react-dom.development.js:23237
commitPassiveMountOnFiber @ react-dom.development.js:23256
recursivelyTraversePassiveMountEffects @ react-dom.development.js:23237
commitPassiveMountOnFiber @ react-dom.development.js:23256
recursivelyTraversePassiveMountEffects @ react-dom.development.js:23237
commitPassiveMountOnFiber @ react-dom.development.js:23370
recursivelyTraversePassiveMountEffects @ react-dom.development.js:23237
commitPassiveMountOnFiber @ react-dom.development.js:23256
recursivelyTraversePassiveMountEffects @ react-dom.development.js:23237
commitPassiveMountOnFiber @ react-dom.development.js:23370
recursivelyTraversePassiveMountEffects @ react-dom.development.js:23237
commitPassiveMountOnFiber @ react-dom.development.js:23370
recursivelyTraversePassiveMountEffects @ react-dom.development.js:23237
useStoredCards.ts:108 [StoredCards] ❌ Error al cargar las tarjetas: {message: 'Error desconocido', stripeAccountId: 'acct_1QddDLC4oQv4vCtF', error: Error: Error desconocido
    at eval (webpack-internal:///(app-pages-browser)/./src/hooks/useStored…}
window.console.error @ app-index.js:33
console.error @ hydration-error-info.js:63
eval @ useStoredCards.ts:108
await in eval
eval @ useStoredCards.ts:123
commitHookEffectListMount @ react-dom.development.js:21102
commitHookPassiveMountEffects @ react-dom.development.js:23154
commitPassiveMountOnFiber @ react-dom.development.js:23259
recursivelyTraversePassiveMountEffects @ react-dom.development.js:23237
commitPassiveMountOnFiber @ react-dom.development.js:23370
recursivelyTraversePassiveMountEffects @ react-dom.development.js:23237
commitPassiveMountOnFiber @ react-dom.development.js:23370
recursivelyTraversePassiveMountEffects @ react-dom.development.js:23237
commitPassiveMountOnFiber @ react-dom.development.js:23256
recursivelyTraversePassiveMountEffects @ react-dom.development.js:23237
commitPassiveMountOnFiber @ react-dom.development.js:23370
recursivelyTraversePassiveMountEffects @ react-dom.development.js:23237
commitPassiveMountOnFiber @ react-dom.development.js:23256
recursivelyTraversePassiveMountEffects @ react-dom.development.js:23237
commitPassiveMountOnFiber @ react-dom.development.js:23256
recursivelyTraversePassiveMountEffects @ react-dom.development.js:23237
commitPassiveMountOnFiber @ react-dom.development.js:23370
recursivelyTraversePassiveMountEffects @ react-dom.development.js:23237
commitPassiveMountOnFiber @ react-dom.development.js:23256
recursivelyTraversePassiveMountEffects @ react-dom.development.js:23237
commitPassiveMountOnFiber @ react-dom.development.js:23370
recursivelyTraversePassiveMountEffects @ react-dom.development.js:23237
commitPassiveMountOnFiber @ react-dom.development.js:23370
recursivelyTraversePassiveMountEffects @ react-dom.development.js:23237
commitPassiveMountOnFiber @ react-dom.development.js:23256
recursivelyTraversePassiveMountEffects @ react-dom.development.js:23237
commitPassiveMountOnFiber @ react-dom.development.js:23256
recursivelyTraversePassiveMountEffects @ react-dom.development.js:23237
commitPassiveMountOnFiber @ react-dom.development.js:23370
recursivelyTraversePassiveMountEffects @ react-dom.development.js:23237
commitPassiveMountOnFiber @ react-dom.development.js:23370
recursivelyTraversePassiveMountEffects @ react-dom.development.js:23237
commitPassiveMountOnFiber @ react-dom.development.js:23256
recursivelyTraversePassiveMountEffects @ react-dom.development.js:23237
commitPassiveMountOnFiber @ react-dom.development.js:23370
recursivelyTraversePassiveMountEffects @ react-dom.development.js:23237
commitPassiveMountOnFiber @ react-dom.development.js:23256
recursivelyTraversePassiveMountEffects @ react-dom.development.js:23237
commitPassiveMountOnFiber @ react-dom.development.js:23256
recursivelyTraversePassiveMountEffects @ react-dom.development.js:23237
commitPassiveMountOnFiber @ react-dom.development.js:23370
recursivelyTraversePassiveMountEffects @ react-dom.development.js:23237
commitPassiveMountOnFiber @ react-dom.development.js:23370
recursivelyTraversePassiveMountEffects @ react-dom.development.js:23237
commitPassiveMountOnFiber @ react-dom.development.js:23370
recursivelyTraversePassiveMountEffects @ react-dom.development.js:23237
commitPassiveMountOnFiber @ react-dom.development.js:23370
recursivelyTraversePassiveMountEffects @ react-dom.development.js:23237
commitPassiveMountOnFiber @ react-dom.development.js:23256
recursivelyTraversePassiveMountEffects @ react-dom.development.js:23237
commitPassiveMountOnFiber @ react-dom.development.js:23256
recursivelyTraversePassiveMountEffects @ react-dom.development.js:23237
commitPassiveMountOnFiber @ react-dom.development.js:23370
recursivelyTraversePassiveMountEffects @ react-dom.development.js:23237
commitPassiveMountOnFiber @ react-dom.development.js:23256
recursivelyTraversePassiveMountEffects @ react-dom.development.js:23237
commitPassiveMountOnFiber @ react-dom.development.js:23256
recursivelyTraversePassiveMountEffects @ react-dom.development.js:23237
commitPassiveMountOnFiber @ react-dom.development.js:23370
recursivelyTraversePassiveMountEffects @ react-dom.development.js:23237
commitPassiveMountOnFiber @ react-dom.development.js:23370
recursivelyTraversePassiveMountEffects @ react-dom.development.js:23237
commitPassiveMountOnFiber @ react-dom.development.js:23256
recursivelyTraversePassiveMountEffects @ react-dom.development.js:23237
commitPassiveMountOnFiber @ react-dom.development.js:23256
recursivelyTraversePassiveMountEffects @ react-dom.development.js:23237
commitPassiveMountOnFiber @ react-dom.development.js:23256
recursivelyTraversePassiveMountEffects @ react-dom.development.js:23237
commitPassiveMountOnFiber @ react-dom.development.js:23370
recursivelyTraversePassiveMountEffects @ react-dom.development.js:23237
commitPassiveMountOnFiber @ react-dom.development.js:23370
recursivelyTraversePassiveMountEffects @ react-dom.development.js:23237
commitPassiveMountOnFiber @ react-dom.development.js:23256
recursivelyTraversePassiveMountEffects @ react-dom.development.js:23237
commitPassiveMountOnFiber @ react-dom.development.js:23370
recursivelyTraversePassiveMountEffects @ react-dom.development.js:23237
commitPassiveMountOnFiber @ react-dom.development.js:23256
recursivelyTraversePassiveMountEffects @ react-dom.development.js:23237
commitPassiveMountOnFiber @ react-dom.development.js:23256
recursivelyTraversePassiveMountEffects @ react-dom.development.js:23237
commitPassiveMountOnFiber @ react-dom.development.js:23256
recursivelyTraversePassiveMountEffects @ react-dom.development.js:23237
commitPassiveMountOnFiber @ react-dom.development.js:23256
recursivelyTraversePassiveMountEffects @ react-dom.development.js:23237
commitPassiveMountOnFiber @ react-dom.development.js:23370
recursivelyTraversePassiveMountEffects @ react-dom.development.js:23237
commitPassiveMountOnFiber @ react-dom.development.js:23256
recursivelyTraversePassiveMountEffects @ react-dom.development.js:23237
commitPassiveMountOnFiber @ react-dom.development.js:23256
recursivelyTraversePassiveMountEffects @ react-dom.development.js:23237
commitPassiveMountOnFiber @ react-dom.development.js:23370
recursivelyTraversePassiveMountEffects @ react-dom.development.js:23237
commitPassiveMountOnFiber @ react-dom.development.js:23256
recursivelyTraversePassiveMountEffects @ react-dom.development.js:23237
commitPassiveMountOnFiber @ react-dom.development.js:23370
recursivelyTraversePassiveMountEffects @ react-dom.development.js:23237
commitPassiveMountOnFiber @ react-dom.development.js:23256
recursivelyTraversePassiveMountEffects @ react-dom.development.js:23237
commitPassiveMountOnFiber @ react-dom.development.js:23370
recursivelyTraversePassiveMountEffects @ react-dom.development.js:23237
commitPassiveMountOnFiber @ react-dom.development.js:23256
recursivelyTraversePassiveMountEffects @ react-dom.development.js:23237
commitPassiveMountOnFiber @ react-dom.development.js:23370
recursivelyTraversePassiveMountEffects @ react-dom.development.js:23237
commitPassiveMountOnFiber @ react-dom.development.js:23256
recursivelyTraversePassiveMountEffects @ react-dom.development.js:23237
commitPassiveMountOnFiber @ react-dom.development.js:23370
recursivelyTraversePassiveMountEffects @ react-dom.development.js:23237
commitPassiveMountOnFiber @ react-dom.development.js:23256
recursivelyTraversePassiveMountEffects @ react-dom.development.js:23237
commitPassiveMountOnFiber @ react-dom.development.js:23370
recursivelyTraversePassiveMountEffects @ react-dom.development.js:23237
commitPassiveMountOnFiber @ react-dom.development.js:23256
recursivelyTraversePassiveMountEffects @ react-dom.development.js:23237
commitPassiveMountOnFiber @ react-dom.development.js:23256
recursivelyTraversePassiveMountEffects @ react-dom.development.js:23237
commitPassiveMountOnFiber @ react-dom.development.js:23370
recursivelyTraversePassiveMountEffects @ react-dom.development.js:23237
commitPassiveMountOnFiber @ react-dom.development.js:23370
recursivelyTraversePassiveMountEffects @ react-dom.development.js:23237
commitPassiveMountOnFiber @ react-dom.development.js:23256
recursivelyTraversePassiveMountEffects @ react-dom.development.js:23237
commitPassiveMountOnFiber @ react-dom.development.js:23370
recursivelyTraversePassiveMountEffects @ react-dom.development.js:23237
commitPassiveMountOnFiber @ react-dom.development.js:23256
recursivelyTraversePassiveMountEffects @ react-dom.development.js:23237
commitPassiveMountOnFiber @ react-dom.development.js:23256
recursivelyTraversePassiveMountEffects @ react-dom.development.js:23237
commitPassiveMountOnFiber @ react-dom.development.js:23256
recursivelyTraversePassiveMountEffects @ react-dom.development.js:23237
commitPassiveMountOnFiber @ react-dom.development.js:23256
recursivelyTraversePassiveMountEffects @ react-dom.development.js:23237
commitPassiveMountOnFiber @ react-dom.development.js:23370
recursivelyTraversePassiveMountEffects @ react-dom.development.js:23237
commitPassiveMountOnFiber @ react-dom.development.js:23256
recursivelyTraversePassiveMountEffects @ react-dom.development.js:23237
commitPassiveMountOnFiber @ react-dom.development.js:23256
recursivelyTraversePassiveMountEffects @ react-dom.development.js:23237
commitPassiveMountOnFiber @ react-dom.development.js:23370
recursivelyTraversePassiveMountEffects @ react-dom.development.js:23237
commitPassiveMountOnFiber @ react-dom.development.js:23256
recursivelyTraversePassiveMountEffects @ react-dom.development.js:23237
commitPassiveMountOnFiber @ react-dom.development.js:23370
recursivelyTraversePassiveMountEffects @ react-dom.development.js:23237
commitPassiveMountOnFiber @ react-dom.development.js:23256
recursivelyTraversePassiveMountEffects @ react-dom.development.js:23237
commitPassiveMountOnFiber @ react-dom.development.js:23370
recursivelyTraversePassiveMountEffects @ react-dom.development.js:23237
commitPassiveMountOnFiber @ react-dom.development.js:23256
recursivelyTraversePassiveMountEffects @ react-dom.development.js:23237
commitPassiveMountOnFiber @ react-dom.development.js:23370
recursivelyTraversePassiveMountEffects @ react-dom.development.js:23237
commitPassiveMountOnFiber @ react-dom.development.js:23256
recursivelyTraversePassiveMountEffects @ react-dom.development.js:23237
commitPassiveMountOnFiber @ react-dom.development.js:23256
recursivelyTraversePassiveMountEffects @ react-dom.development.js:23237
commitPassiveMountOnFiber @ react-dom.development.js:23256
recursivelyTraversePassiveMountEffects @ react-dom.development.js:23237
commitPassiveMountOnFiber @ react-dom.development.js:23370
recursivelyTraversePassiveMountEffects @ react-dom.development.js:23237
commitPassiveMountOnFiber @ react-dom.development.js:23256
recursivelyTraversePassiveMountEffects @ react-dom.development.js:23237
commitPassiveMountOnFiber @ react-dom.development.js:23256
recursivelyTraversePassiveMountEffects @ react-dom.development.js:23237
commitPassiveMountOnFiber @ react-dom.development.js:23370
recursivelyTraversePassiveMountEffects @ react-dom.development.js:23237
commitPassiveMountOnFiber @ react-dom.development.js:23256
recursivelyTraversePassiveMountEffects @ react-dom.development.js:23237
commitPassiveMountOnFiber @ react-dom.development.js:23370
recursivelyTraversePassiveMountEffects @ react-dom.development.js:23237
commitPassiveMountOnFiber @ react-dom.development.js:23256
recursivelyTraversePassiveMountEffects @ react-dom.development.js:23237
commitPassiveMountOnFiber @ react-dom.development.js:23370
recursivelyTraversePassiveMountEffects @ react-dom.development.js:23237
commitPassiveMountOnFiber @ react-dom.development.js:23256
recursivelyTraversePassiveMountEffects @ react-dom.development.js:23237
commitPassiveMountOnFiber @ react-dom.development.js:23370
recursivelyTraversePassiveMountEffects @ react-dom.development.js:23237
commitPassiveMountOnFiber @ react-dom.development.js:23256
recursivelyTraversePassiveMountEffects @ react-dom.development.js:23237
commitPassiveMountOnFiber @ react-dom.development.js:23370
recursivelyTraversePassiveMountEffects @ react-dom.development.js:23237
commitPassiveMountOnFiber @ react-dom.development.js:23256
recursivelyTraversePassiveMountEffects @ react-dom.development.js:23237
commitPassiveMountOnFiber @ react-dom.development.js:23370
recursivelyTraversePassiveMountEffects @ react-dom.development.js:23237
commitPassiveMountOnFiber @ react-dom.development.js:23256
recursivelyTraversePassiveMountEffects @ react-dom.development.js:23237
commitPassiveMountOnFiber @ react-dom.development.js:23256
recursivelyTraversePassiveMountEffects @ react-dom.development.js:23237
commitPassiveMountOnFiber @ react-dom.development.js:23370
recursivelyTraversePassiveMountEffects @ react-dom.development.js:23237
commitPassiveMountOnFiber @ react-dom.development.js:23256
recursivelyTraversePassiveMountEffects @ react-dom.development.js:23237
commitPassiveMountOnFiber @ react-dom.development.js:23370
recursivelyTraversePassiveMountEffects @ react-dom.development.js:23237
commitPassiveMountOnFiber @ react-dom.development.js:23370
recursivelyTraversePassiveMountEffects @ react-dom.development.js:23237
useStoredCards.ts:55 
            
            
           POST http://localhost:3000/api/stripe/payment-methods 400 (Bad Request)
eval @ useStoredCards.ts:55
eval @ useStoredCards.ts:123
commitHookEffectListMount @ react-dom.development.js:21102
invokePassiveEffectMountInDEV @ react-dom.development.js:23980
invokeEffectsInDev @ react-dom.development.js:26852
legacyCommitDoubleInvokeEffectsInDEV @ react-dom.development.js:26835
commitDoubleInvokeEffectsInDEV @ react-dom.development.js:26816
flushPassiveEffectsImpl @ react-dom.development.js:26514
flushPassiveEffects @ react-dom.development.js:26438
eval @ react-dom.development.js:26172
workLoop @ scheduler.development.js:256
flushWork @ scheduler.development.js:225
performWorkUntilDeadline @ scheduler.development.js:534
useStoredCards.ts:66 [StoredCards] ❌ Error en la respuesta: {status: 400, statusText: 'Bad Request', error: {…}}error: {error: 'Error desconocido'}status: 400statusText: "Bad Request"[[Prototype]]: Object
window.console.error @ app-index.js:33
console.error @ hydration-error-info.js:63
eval @ useStoredCards.ts:66
await in eval
eval @ useStoredCards.ts:123
commitHookEffectListMount @ react-dom.development.js:21102
invokePassiveEffectMountInDEV @ react-dom.development.js:23980
invokeEffectsInDev @ react-dom.development.js:26852
legacyCommitDoubleInvokeEffectsInDEV @ react-dom.development.js:26835
commitDoubleInvokeEffectsInDEV @ react-dom.development.js:26816
flushPassiveEffectsImpl @ react-dom.development.js:26514
flushPassiveEffects @ react-dom.development.js:26438
eval @ react-dom.development.js:26172
workLoop @ scheduler.development.js:256
flushWork @ scheduler.development.js:225
performWorkUntilDeadline @ scheduler.development.js:534
useStoredCards.ts:108 [StoredCards] ❌ Error al cargar las tarjetas: {message: 'Error desconocido', stripeAccountId: 'acct_1QddDLC4oQv4vCtF', error: Error: Error desconocido
    at eval (webpack-internal:///(app-pages-browser)/./src/hooks/useStored…}error: Error: Error desconocido
    at eval (webpack-internal:///(app-pages-browser)/./src/hooks/useStoredCards.ts:69:23)message: "Error desconocido"stripeAccountId: "acct_1QddDLC4oQv4vCtF"[[Prototype]]: Object
window.console.error @ app-index.js:33
console.error @ hydration-error-info.js:63
eval @ useStoredCards.ts:108
await in eval
eval @ useStoredCards.ts:123
commitHookEffectListMount @ react-dom.development.js:21102
invokePassiveEffectMountInDEV @ react-dom.development.js:23980
invokeEffectsInDev @ react-dom.development.js:26852
legacyCommitDoubleInvokeEffectsInDEV @ react-dom.development.js:26835
commitDoubleInvokeEffectsInDEV @ react-dom.development.js:26816
flushPassiveEffectsImpl @ react-dom.development.js:26514
flushPassiveEffects @ react-dom.development.js:26438
eval @ react-dom.development.js:26172
workLoop @ scheduler.development.js:256
flushWork @ scheduler.development.js:225
performWorkUntilDeadline @ scheduler.development.js:534
PaymentTypeModal.tsx:39 [PaymentTypeModal] Estado de conexión: {empresaId: '99f78081-24fa-4892-aae2-823816e7d132', isConnected: true, isLoading: false, error: null, stripeAccountId: 'acct_1QddDLC4oQv4vCtF'}empresaId: "99f78081-24fa-4892-aae2-823816e7d132"error: nullisConnected: trueisLoading: falsestripeAccountId: "acct_1QddDLC4oQv4vCtF"[[Prototype]]: Object
